=== %Y-%m-%dT%H:%M:%S ===
NAME                           CPU %     MEM USAGE / LIMIT     MEM %     NET I/O           BLOCK I/O
otel-memory-prometheus-1       0.00%     15.07MiB / 3.819GiB   0.39%     1.76kB / 872B     946kB / 0B
otel-memory-grafana-1          75.77%    43.72MiB / 3.819GiB   1.12%     1.05kB / 126B     1.09MB / 23.5MB
otel-memory-jaeger-1           0.01%     9.734MiB / 3.819GiB   0.25%     2.5kB / 934B      0B / 0B
otel-memory-renderer-1         0.00%     3.676MiB / 512MiB     0.72%     1.28kB / 126B     180kB / 0B
otel-memory-otel-collector-1   4.05%     32.45MiB / 512MiB     6.34%     4.84kB / 42.3kB   2.88MB / 0B

=== %Y-%m-%dT%H:%M:%S ===
NAME                           CPU %     MEM USAGE / LIMIT     MEM %     NET I/O           BLOCK I/O
otel-memory-prometheus-1       0.20%     15.82MiB / 3.819GiB   0.40%     3.67kB / 2.21kB   946kB / 0B
otel-memory-grafana-1          27.13%    90.72MiB / 3.819GiB   2.32%     3.72MB / 41.7kB   1.15MB / 29.4MB
otel-memory-jaeger-1           0.02%     9.734MiB / 3.819GiB   0.25%     2.59kB / 934B     0B / 0B
otel-memory-renderer-1         0.01%     3.73MiB / 512MiB      0.73%     1.78kB / 502B     180kB / 0B
otel-memory-otel-collector-1   0.45%     32.95MiB / 512MiB     6.44%     6.33kB / 44.1kB   2.88MB / 0B

=== %Y-%m-%dT%H:%M:%S ===
NAME                           CPU %     MEM USAGE / LIMIT     MEM %     NET I/O           BLOCK I/O
otel-memory-prometheus-1       0.00%     15.4MiB / 3.819GiB    0.39%     4.87kB / 2.71kB   946kB / 0B
otel-memory-grafana-1          38.03%    98.24MiB / 3.819GiB   2.51%     12.8MB / 84kB     1.15MB / 29.4MB
otel-memory-jaeger-1           0.01%     9.734MiB / 3.819GiB   0.25%     2.79kB / 1.07kB   0B / 0B
otel-memory-renderer-1         0.00%     3.727MiB / 512MiB     0.73%     1.9kB / 544B      180kB / 0B
otel-memory-otel-collector-1   0.22%     34.19MiB / 512MiB     6.68%     7.66kB / 60.1kB   2.88MB / 0B

=== %Y-%m-%dT%H:%M:%S ===
NAME                           CPU %     MEM USAGE / LIMIT     MEM %     NET I/O           BLOCK I/O
otel-memory-prometheus-1       0.00%     15.42MiB / 3.819GiB   0.39%     6.56kB / 3.91kB   946kB / 0B
otel-memory-grafana-1          0.61%     100.5MiB / 3.819GiB   2.57%     23.4MB / 125kB    1.15MB / 29.4MB
otel-memory-jaeger-1           0.03%     9.734MiB / 3.819GiB   0.25%     2.79kB / 1.07kB   0B / 0B
otel-memory-renderer-1         5.07%     4.09MiB / 512MiB      0.80%     1.9kB / 544B      180kB / 0B
otel-memory-otel-collector-1   0.63%     34.61MiB / 512MiB     6.76%     9.56kB / 76.5kB   2.88MB / 0B

=== %Y-%m-%dT%H:%M:%S ===
NAME                           CPU %     MEM USAGE / LIMIT     MEM %     NET I/O           BLOCK I/O
otel-memory-prometheus-1       0.20%     15.68MiB / 3.819GiB   0.40%     8.25kB / 5.12kB   946kB / 0B
otel-memory-grafana-1          0.61%     100.6MiB / 3.819GiB   2.57%     23.4MB / 126kB    1.15MB / 29.4MB
otel-memory-jaeger-1           0.09%     9.734MiB / 3.819GiB   0.25%     2.79kB / 1.07kB   0B / 0B
otel-memory-renderer-1         0.02%     3.742MiB / 512MiB     0.73%     2.03kB / 676B     180kB / 0B
otel-memory-otel-collector-1   1.22%     34.87MiB / 512MiB     6.81%     11kB / 91.9kB     2.88MB / 0B

=== %Y-%m-%dT%H:%M:%S ===
NAME                           CPU %     MEM USAGE / LIMIT     MEM %     NET I/O           BLOCK I/O
otel-memory-prometheus-1       0.00%     15.46MiB / 3.819GiB   0.40%     8.81kB / 5.82kB   946kB / 0B
otel-memory-grafana-1          0.62%     100.8MiB / 3.819GiB   2.58%     23.4MB / 126kB    1.15MB / 29.4MB
otel-memory-jaeger-1           0.13%     9.734MiB / 3.819GiB   0.25%     2.79kB / 1.07kB   0B / 0B
otel-memory-renderer-1         0.01%     3.742MiB / 512MiB     0.73%     2.03kB / 676B     180kB / 0B
otel-memory-otel-collector-1   0.34%     34.66MiB / 512MiB     6.77%     12.9kB / 108kB    2.88MB / 0B

=== %Y-%m-%dT%H:%M:%S ===
NAME                           CPU %     MEM USAGE / LIMIT     MEM %     NET I/O           BLOCK I/O
otel-memory-prometheus-1       0.22%     16MiB / 3.819GiB      0.41%     10.6kB / 7.02kB   946kB / 4.1kB
otel-memory-grafana-1          0.71%     100.8MiB / 3.819GiB   2.58%     23.4MB / 126kB    1.15MB / 42.3MB
otel-memory-jaeger-1           0.02%     9.734MiB / 3.819GiB   0.25%     2.99kB / 1.2kB    0B / 0B
otel-memory-renderer-1         0.01%     3.75MiB / 512MiB      0.73%     2.1kB / 676B      180kB / 0B
otel-memory-otel-collector-1   1.08%     35.41MiB / 512MiB     6.92%     15kB / 125kB      2.88MB / 0B

=== %Y-%m-%dT%H:%M:%S ===
NAME                           CPU %     MEM USAGE / LIMIT     MEM %     NET I/O           BLOCK I/O
otel-memory-prometheus-1       0.26%     15.79MiB / 3.819GiB   0.40%     12.2kB / 8.22kB   946kB / 4.1kB
otel-memory-grafana-1          0.45%     100.8MiB / 3.819GiB   2.58%     23.4MB / 126kB    1.15MB / 89.7MB
otel-memory-jaeger-1           0.03%     9.734MiB / 3.819GiB   0.25%     3.03kB / 1.24kB   0B / 0B
otel-memory-renderer-1         0.01%     3.75MiB / 512MiB      0.73%     2.1kB / 676B      180kB / 0B
otel-memory-otel-collector-1   0.24%     35.41MiB / 512MiB     6.92%     15.5kB / 126kB    2.88MB / 0B

=== %Y-%m-%dT%H:%M:%S ===
NAME                           CPU %     MEM USAGE / LIMIT     MEM %     NET I/O           BLOCK I/O
otel-memory-prometheus-1       0.00%     15.79MiB / 3.819GiB   0.40%     13.4kB / 8.72kB   946kB / 4.1kB
otel-memory-grafana-1          1.33%     101MiB / 3.819GiB     2.58%     23.4MB / 126kB    1.15MB / 89.7MB
otel-memory-jaeger-1           0.02%     9.734MiB / 3.819GiB   0.25%     3.03kB / 1.24kB   0B / 0B
otel-memory-renderer-1         0.01%     3.773MiB / 512MiB     0.74%     2.23kB / 808B     180kB / 0B
otel-memory-otel-collector-1   0.22%     36.26MiB / 512MiB     7.08%     17.4kB / 143kB    2.88MB / 0B

=== %Y-%m-%dT%H:%M:%S ===
NAME                           CPU %     MEM USAGE / LIMIT     MEM %     NET I/O           BLOCK I/O
otel-memory-prometheus-1       0.00%     15.87MiB / 3.819GiB   0.41%     15.1kB / 9.92kB   946kB / 4.1kB
otel-memory-grafana-1          0.49%     101.3MiB / 3.819GiB   2.59%     23.4MB / 126kB    1.15MB / 89.7MB
otel-memory-jaeger-1           0.03%     9.734MiB / 3.819GiB   0.25%     3.16kB / 1.37kB   0B / 0B
otel-memory-renderer-1         0.01%     3.758MiB / 512MiB     0.73%     2.27kB / 850B     180kB / 0B
otel-memory-otel-collector-1   0.27%     36.79MiB / 512MiB     7.19%     19.4kB / 160kB    2.88MB / 0B

=== %Y-%m-%dT%H:%M:%S ===
NAME                           CPU %     MEM USAGE / LIMIT     MEM %     NET I/O           BLOCK I/O
otel-memory-prometheus-1       0.25%     15.92MiB / 3.819GiB   0.41%     16.8kB / 11.1kB   946kB / 4.1kB
otel-memory-grafana-1          0.63%     101.1MiB / 3.819GiB   2.59%     23.4MB / 126kB    1.15MB / 89.7MB
otel-memory-jaeger-1           0.07%     9.734MiB / 3.819GiB   0.25%     3.16kB / 1.37kB   0B / 0B
otel-memory-renderer-1         4.93%     5.812MiB / 512MiB     1.14%     2.27kB / 850B     180kB / 0B
otel-memory-otel-collector-1   1.12%     37.49MiB / 512MiB     7.32%     20.8kB / 176kB    2.88MB / 0B

=== %Y-%m-%dT%H:%M:%S ===
NAME                           CPU %     MEM USAGE / LIMIT     MEM %     NET I/O           BLOCK I/O
otel-memory-prometheus-1       0.00%     15.69MiB / 3.819GiB   0.40%     17.6kB / 11.9kB   946kB / 12.3kB
otel-memory-grafana-1          0.51%     101.3MiB / 3.819GiB   2.59%     23.4MB / 126kB    1.15MB / 91.8MB
otel-memory-jaeger-1           0.09%     9.727MiB / 3.819GiB   0.25%     3.77kB / 1.5kB    0B / 0B
otel-memory-renderer-1         0.01%     3.758MiB / 512MiB     0.73%     2.31kB / 850B     180kB / 0B
otel-memory-otel-collector-1   1.09%     28.77MiB / 512MiB     5.62%     1.16kB / 12.9kB   1.01MB / 0B

=== %Y-%m-%dT%H:%M:%S ===
NAME                           CPU %     MEM USAGE / LIMIT     MEM %     NET I/O           BLOCK I/O
otel-memory-otel-collector-1   45.43%    58.62MiB / 512MiB     11.45%    8.14MB / 194kB    1.01MB / 0B
otel-memory-prometheus-1       0.00%     16.34MiB / 3.819GiB   0.42%     19.9kB / 13.3kB   946kB / 12.3kB
otel-memory-grafana-1          0.44%     101.3MiB / 3.819GiB   2.59%     23.4MB / 126kB    1.15MB / 91.8MB
otel-memory-jaeger-1           0.03%     9.727MiB / 3.819GiB   0.25%     3.85kB / 1.5kB    0B / 0B
otel-memory-renderer-1         0.00%     3.758MiB / 512MiB     0.73%     2.61kB / 982B     180kB / 0B

=== %Y-%m-%dT%H:%M:%S ===
NAME                           CPU %     MEM USAGE / LIMIT     MEM %     NET I/O           BLOCK I/O
otel-memory-otel-collector-1   40.17%    120.5MiB / 512MiB     23.54%    23.6MB / 552kB    1.01MB / 0B
otel-memory-prometheus-1       0.00%     16.2MiB / 3.819GiB    0.41%     21.8kB / 13.8kB   946kB / 12.3kB
otel-memory-grafana-1          0.47%     101.6MiB / 3.819GiB   2.60%     23.4MB / 126kB    1.15MB / 91.8MB
otel-memory-jaeger-1           0.02%     9.727MiB / 3.819GiB   0.25%     3.85kB / 1.5kB    0B / 0B
otel-memory-renderer-1         0.00%     3.797MiB / 512MiB     0.74%     2.61kB / 982B     180kB / 0B

=== %Y-%m-%dT%H:%M:%S ===
NAME                           CPU %     MEM USAGE / LIMIT     MEM %     NET I/O          BLOCK I/O
otel-memory-otel-collector-1   44.49%    172.1MiB / 512MiB     33.62%    36.1MB / 846kB   1.58MB / 0B
otel-memory-prometheus-1       0.00%     16.46MiB / 3.819GiB   0.42%     24.2kB / 15kB    946kB / 12.3kB
otel-memory-grafana-1          0.55%     101.6MiB / 3.819GiB   2.60%     23.4MB / 126kB   1.15MB / 91.8MB
otel-memory-jaeger-1           0.03%     9.727MiB / 3.819GiB   0.25%     3.92kB / 1.5kB   0B / 0B
otel-memory-renderer-1         0.00%     3.793MiB / 512MiB     0.74%     2.61kB / 982B    180kB / 0B

=== %Y-%m-%dT%H:%M:%S ===
NAME                           CPU %     MEM USAGE / LIMIT     MEM %     NET I/O           BLOCK I/O
otel-memory-otel-collector-1   40.92%    209.1MiB / 512MiB     40.83%    45.4MB / 1.07MB   3.15MB / 0B
otel-memory-prometheus-1       0.00%     16.23MiB / 3.819GiB   0.41%     26.7kB / 16.2kB   946kB / 12.3kB
otel-memory-grafana-1          1.63%     101.9MiB / 3.819GiB   2.61%     23.4MB / 127kB    1.18MB / 91.9MB
otel-memory-jaeger-1           0.02%     9.727MiB / 3.819GiB   0.25%     3.92kB / 1.5kB    0B / 0B
otel-memory-renderer-1         5.54%     4.039MiB / 512MiB     0.79%     2.81kB / 1.11kB   184kB / 0B

=== %Y-%m-%dT%H:%M:%S ===
NAME                           CPU %     MEM USAGE / LIMIT     MEM %     NET I/O           BLOCK I/O
otel-memory-otel-collector-1   98.57%    285.3MiB / 512MiB     55.73%    60.8MB / 1.43MB   3.29MB / 0B
otel-memory-prometheus-1       0.26%     15.82MiB / 3.819GiB   0.40%     29.1kB / 17.4kB   1.3MB / 12.3kB
otel-memory-grafana-1          0.49%     101.7MiB / 3.819GiB   2.60%     23.4MB / 127kB    1.19MB / 91.9MB
otel-memory-jaeger-1           0.02%     9.727MiB / 3.819GiB   0.25%     3.92kB / 1.5kB    0B / 0B
otel-memory-renderer-1         0.00%     3.801MiB / 512MiB     0.74%     2.81kB / 1.11kB   184kB / 0B

=== %Y-%m-%dT%H:%M:%S ===
NAME                           CPU %     MEM USAGE / LIMIT     MEM %     NET I/O           BLOCK I/O
otel-memory-otel-collector-1   44.71%    322.7MiB / 512MiB     63.04%    74.3MB / 1.75MB   3.29MB / 0B
otel-memory-prometheus-1       0.20%     15.95MiB / 3.819GiB   0.41%     31.6kB / 18.6kB   1.3MB / 12.3kB
otel-memory-grafana-1          0.61%     101.6MiB / 3.819GiB   2.60%     23.4MB / 127kB    1.19MB / 91.9MB
otel-memory-jaeger-1           0.09%     9.727MiB / 3.819GiB   0.25%     3.92kB / 1.5kB    0B / 0B
otel-memory-renderer-1         0.00%     3.797MiB / 512MiB     0.74%     2.9kB / 1.2kB     184kB / 0B

=== %Y-%m-%dT%H:%M:%S ===
NAME                           CPU %     MEM USAGE / LIMIT     MEM %     NET I/O           BLOCK I/O
otel-memory-otel-collector-1   27.85%    352.7MiB / 512MiB     68.89%    85.9MB / 2MB      3.81MB / 0B
otel-memory-prometheus-1       0.00%     15.7MiB / 3.819GiB    0.40%     32.1kB / 19.3kB   1.3MB / 12.3kB
otel-memory-grafana-1          0.58%     102.1MiB / 3.819GiB   2.61%     23.4MB / 127kB    1.19MB / 91.9MB
otel-memory-jaeger-1           0.09%     9.727MiB / 3.819GiB   0.25%     3.92kB / 1.5kB    0B / 0B
otel-memory-renderer-1         0.01%     3.984MiB / 512MiB     0.78%     2.9kB / 1.2kB     184kB / 0B

=== %Y-%m-%dT%H:%M:%S ===
NAME                           CPU %     MEM USAGE / LIMIT     MEM %     NET I/O           BLOCK I/O
otel-memory-otel-collector-1   1.03%     354.5MiB / 512MiB     69.23%    85.9MB / 2.02MB   4.73MB / 0B
otel-memory-prometheus-1       0.00%     16.2MiB / 3.819GiB    0.41%     34.6kB / 20.5kB   1.3MB / 20.5kB
otel-memory-grafana-1          0.60%     101.9MiB / 3.819GiB   2.61%     23.4MB / 127kB    1.19MB / 91.9MB
otel-memory-jaeger-1           0.03%     9.727MiB / 3.819GiB   0.25%     3.92kB / 1.5kB    0B / 0B
otel-memory-renderer-1         0.00%     3.797MiB / 512MiB     0.74%     3.03kB / 1.33kB   184kB / 0B

=== %Y-%m-%dT%H:%M:%S ===
NAME                           CPU %     MEM USAGE / LIMIT     MEM %     NET I/O           BLOCK I/O
otel-memory-otel-collector-1   103.69%   355.1MiB / 512MiB     69.35%    86MB / 2.05MB     4.73MB / 0B
otel-memory-prometheus-1       0.37%     16.02MiB / 3.819GiB   0.41%     37.5kB / 21.7kB   1.3MB / 20.5kB
otel-memory-grafana-1          0.47%     102.4MiB / 3.819GiB   2.62%     23.4MB / 127kB    1.19MB / 91.9MB
otel-memory-jaeger-1           0.02%     9.727MiB / 3.819GiB   0.25%     3.92kB / 1.5kB    0B / 0B
otel-memory-renderer-1         6.26%     3.828MiB / 512MiB     0.75%     3.03kB / 1.33kB   184kB / 0B

=== %Y-%m-%dT%H:%M:%S ===
NAME                           CPU %     MEM USAGE / LIMIT     MEM %     NET I/O           BLOCK I/O
otel-memory-otel-collector-1   44.42%    345.9MiB / 512MiB     67.56%    95MB / 2.28MB     4.97MB / 0B
otel-memory-prometheus-1       0.00%     16.03MiB / 3.819GiB   0.41%     39.9kB / 22.2kB   1.3MB / 20.5kB
otel-memory-grafana-1          0.41%     102.1MiB / 3.819GiB   2.61%     23.4MB / 127kB    1.19MB / 91.9MB
otel-memory-jaeger-1           0.03%     9.727MiB / 3.819GiB   0.25%     3.92kB / 1.5kB    0B / 0B
otel-memory-renderer-1         0.00%     3.812MiB / 512MiB     0.74%     3.03kB / 1.33kB   184kB / 0B

=== %Y-%m-%dT%H:%M:%S ===
NAME                           CPU %     MEM USAGE / LIMIT     MEM %     NET I/O           BLOCK I/O
otel-memory-otel-collector-1   1.56%     347.7MiB / 512MiB     67.92%    98.2MB / 2.38MB   4.97MB / 0B
otel-memory-prometheus-1       0.00%     15.78MiB / 3.819GiB   0.40%     42.8kB / 23.4kB   1.3MB / 20.5kB
otel-memory-grafana-1          1.54%     102.7MiB / 3.819GiB   2.63%     23.4MB / 128kB    1.26MB / 91.9MB
otel-memory-jaeger-1           0.07%     9.727MiB / 3.819GiB   0.25%     3.92kB / 1.5kB    0B / 0B
otel-memory-renderer-1         0.01%     3.812MiB / 512MiB     0.74%     3.03kB / 1.33kB   184kB / 0B

=== %Y-%m-%dT%H:%M:%S ===
NAME                           CPU %     MEM USAGE / LIMIT     MEM %     NET I/O           BLOCK I/O
otel-memory-otel-collector-1   3.02%     344.8MiB / 512MiB     67.35%    98.3MB / 2.41MB   4.97MB / 0B
otel-memory-prometheus-1       0.24%     16.03MiB / 3.819GiB   0.41%     45.8kB / 24.6kB   1.3MB / 20.5kB
otel-memory-grafana-1          0.66%     102.6MiB / 3.819GiB   2.62%     23.4MB / 128kB    1.26MB / 91.9MB
otel-memory-jaeger-1           0.04%     9.727MiB / 3.819GiB   0.25%     3.92kB / 1.5kB    0B / 0B
otel-memory-renderer-1         0.01%     3.922MiB / 512MiB     0.77%     3.16kB / 1.46kB   184kB / 0B

=== %Y-%m-%dT%H:%M:%S ===
NAME                           CPU %     MEM USAGE / LIMIT     MEM %     NET I/O           BLOCK I/O
otel-memory-otel-collector-1   46.54%    345.1MiB / 512MiB     67.41%    103MB / 2.52MB    4.97MB / 0B
otel-memory-prometheus-1       0.00%     15.81MiB / 3.819GiB   0.40%     46.3kB / 25.3kB   1.3MB / 20.5kB
otel-memory-grafana-1          0.53%     102.5MiB / 3.819GiB   2.62%     23.4MB / 129kB    1.26MB / 91.9MB
otel-memory-jaeger-1           0.08%     9.727MiB / 3.819GiB   0.25%     3.92kB / 1.5kB    0B / 0B
otel-memory-renderer-1         0.00%     3.918MiB / 512MiB     0.77%     3.21kB / 1.5kB    184kB / 0B

=== %Y-%m-%dT%H:%M:%S ===
NAME                           CPU %     MEM USAGE / LIMIT     MEM %     NET I/O           BLOCK I/O
otel-memory-otel-collector-1   39.07%    347.1MiB / 512MiB     67.80%    116MB / 2.82MB    4.97MB / 0B
otel-memory-prometheus-1       0.00%     16.05MiB / 3.819GiB   0.41%     49.3kB / 26.5kB   1.3MB / 20.5kB
otel-memory-grafana-1          0.58%     103.3MiB / 3.819GiB   2.64%     23.4MB / 129kB    1.26MB / 91.9MB
otel-memory-jaeger-1           0.02%     9.727MiB / 3.819GiB   0.25%     3.92kB / 1.5kB    0B / 0B
otel-memory-renderer-1         0.01%     3.895MiB / 512MiB     0.76%     3.21kB / 1.5kB    184kB / 0B

=== %Y-%m-%dT%H:%M:%S ===
NAME                           CPU %     MEM USAGE / LIMIT     MEM %     NET I/O           BLOCK I/O
otel-memory-otel-collector-1   47.34%    333.5MiB / 512MiB     65.13%    125MB / 3.05MB    5.05MB / 0B
otel-memory-prometheus-1       0.00%     15.82MiB / 3.819GiB   0.40%     52.2kB / 27.7kB   1.3MB / 28.7kB
otel-memory-grafana-1          0.46%     103.1MiB / 3.819GiB   2.64%     23.4MB / 129kB    1.26MB / 91.9MB
otel-memory-jaeger-1           0.02%     9.727MiB / 3.819GiB   0.25%     3.92kB / 1.5kB    0B / 0B
otel-memory-renderer-1         0.00%     3.887MiB / 512MiB     0.76%     3.34kB / 1.64kB   184kB / 0B

=== %Y-%m-%dT%H:%M:%S ===
NAME                           CPU %     MEM USAGE / LIMIT     MEM %     NET I/O           BLOCK I/O
otel-memory-otel-collector-1   107.29%   314.2MiB / 512MiB     61.37%    141MB / 3.42MB    5.34MB / 0B
otel-memory-prometheus-1       0.00%     16.06MiB / 3.819GiB   0.41%     54.6kB / 28.2kB   1.3MB / 28.7kB
otel-memory-grafana-1          0.46%     103.7MiB / 3.819GiB   2.65%     23.4MB / 129kB    1.26MB / 91.9MB
otel-memory-jaeger-1           0.13%     8.555MiB / 3.819GiB   0.22%     3.92kB / 1.5kB    0B / 0B
otel-memory-renderer-1         0.01%     4.156MiB / 512MiB     0.81%     3.34kB / 1.64kB   184kB / 0B

=== %Y-%m-%dT%H:%M:%S ===
NAME                           CPU %     MEM USAGE / LIMIT     MEM %     NET I/O           BLOCK I/O
otel-memory-otel-collector-1   41.65%    315.1MiB / 512MiB     61.53%    150MB / 3.65MB    5.34MB / 0B
otel-memory-prometheus-1       0.00%     16.32MiB / 3.819GiB   0.42%     57.7kB / 29.4kB   1.3MB / 28.7kB
otel-memory-grafana-1          0.43%     103.7MiB / 3.819GiB   2.65%     23.4MB / 129kB    1.26MB / 91.9MB
otel-memory-jaeger-1           0.02%     8.379MiB / 3.819GiB   0.21%     3.92kB / 1.5kB    0B / 0B
otel-memory-renderer-1         0.00%     4.062MiB / 512MiB     0.79%     3.34kB / 1.64kB   184kB / 0B

=== %Y-%m-%dT%H:%M:%S ===
NAME                           CPU %     MEM USAGE / LIMIT     MEM %     NET I/O           BLOCK I/O
otel-memory-otel-collector-1   38.71%    359.1MiB / 512MiB     70.14%    166MB / 4.02MB    5.34MB / 0B
otel-memory-prometheus-1       0.07%     16.23MiB / 3.819GiB   0.42%     60.6kB / 30.6kB   1.46MB / 28.7kB
otel-memory-grafana-1          6.39%     103.8MiB / 3.819GiB   2.65%     23.4MB / 129kB    1.28MB / 91.9MB
otel-memory-jaeger-1           0.02%     8.379MiB / 3.819GiB   0.21%     3.99kB / 1.5kB    0B / 0B
otel-memory-renderer-1         0.00%     3.836MiB / 512MiB     0.75%     3.34kB / 1.64kB   184kB / 0B

=== %Y-%m-%dT%H:%M:%S ===
NAME                           CPU %     MEM USAGE / LIMIT     MEM %     NET I/O           BLOCK I/O
otel-memory-otel-collector-1   6.87%     359.4MiB / 512MiB     70.20%    173MB / 4.18MB    5.34MB / 0B
otel-memory-prometheus-1       0.00%     16.25MiB / 3.819GiB   0.42%     61.2kB / 31.3kB   1.46MB / 28.7kB
otel-memory-grafana-1          0.68%     104.8MiB / 3.819GiB   2.68%     23.4MB / 129kB    1.28MB / 91.9MB
otel-memory-jaeger-1           0.04%     8.379MiB / 3.819GiB   0.21%     3.99kB / 1.5kB    0B / 0B
otel-memory-renderer-1         0.01%     4.098MiB / 512MiB     0.80%     3.47kB / 1.77kB   184kB / 0B

=== %Y-%m-%dT%H:%M:%S ===
NAME                           CPU %     MEM USAGE / LIMIT     MEM %     NET I/O           BLOCK I/O
otel-memory-otel-collector-1   0.42%     361.8MiB / 512MiB     70.67%    173MB / 4.21MB    5.34MB / 0B
otel-memory-prometheus-1       0.00%     16.24MiB / 3.819GiB   0.42%     64.1kB / 32.5kB   1.46MB / 28.7kB
otel-memory-grafana-1          0.57%     104.6MiB / 3.819GiB   2.67%     23.4MB / 129kB    1.28MB / 91.9MB
otel-memory-jaeger-1           0.04%     8.379MiB / 3.819GiB   0.21%     3.99kB / 1.5kB    0B / 0B
otel-memory-renderer-1         0.01%     3.844MiB / 512MiB     0.75%     3.54kB / 1.77kB   184kB / 0B

=== %Y-%m-%dT%H:%M:%S ===
NAME                           CPU %     MEM USAGE / LIMIT     MEM %     NET I/O           BLOCK I/O
otel-memory-otel-collector-1   52.58%    362MiB / 512MiB       70.70%    179MB / 4.37MB    5.34MB / 0B
otel-memory-prometheus-1       0.33%     16.25MiB / 3.819GiB   0.42%     67.1kB / 33.7kB   1.46MB / 28.7kB
otel-memory-grafana-1          0.63%     104.4MiB / 3.819GiB   2.67%     23.4MB / 129kB    1.28MB / 91.9MB
otel-memory-jaeger-1           0.01%     8.379MiB / 3.819GiB   0.21%     3.99kB / 1.5kB    0B / 0B
otel-memory-renderer-1         0.73%     5.34MiB / 512MiB      1.04%     3.62kB / 1.85kB   184kB / 0B

=== %Y-%m-%dT%H:%M:%S ===
NAME                           CPU %     MEM USAGE / LIMIT     MEM %     NET I/O           BLOCK I/O
otel-memory-otel-collector-1   2.21%     362.3MiB / 512MiB     70.76%    181MB / 4.45MB    5.34MB / 0B
otel-memory-prometheus-1       0.00%     16.06MiB / 3.819GiB   0.41%     69.7kB / 34.2kB   1.46MB / 28.7kB
otel-memory-grafana-1          0.66%     104.4MiB / 3.819GiB   2.67%     23.4MB / 129kB    1.28MB / 91.9MB
otel-memory-jaeger-1           0.04%     8.379MiB / 3.819GiB   0.21%     3.99kB / 1.5kB    0B / 0B
otel-memory-renderer-1         0.01%     4MiB / 512MiB         0.78%     3.62kB / 1.85kB   184kB / 0B

=== %Y-%m-%dT%H:%M:%S ===
NAME                           CPU %     MEM USAGE / LIMIT     MEM %     NET I/O           BLOCK I/O
otel-memory-otel-collector-1   72.82%    353.7MiB / 512MiB     69.08%    181MB / 4.48MB    5.34MB / 0B
otel-memory-prometheus-1       0.25%     16.34MiB / 3.819GiB   0.42%     72.8kB / 35.4kB   1.46MB / 28.7kB
otel-memory-grafana-1          0.40%     104.4MiB / 3.819GiB   2.67%     23.4MB / 130kB    1.28MB / 91.9MB
otel-memory-jaeger-1           0.02%     8.379MiB / 3.819GiB   0.21%     3.99kB / 1.5kB    0B / 0B
otel-memory-renderer-1         0.00%     3.844MiB / 512MiB     0.75%     3.75kB / 1.98kB   184kB / 0B

=== %Y-%m-%dT%H:%M:%S ===
NAME                           CPU %     MEM USAGE / LIMIT     MEM %     NET I/O           BLOCK I/O
otel-memory-otel-collector-1   42.92%    352.2MiB / 512MiB     68.78%    187MB / 4.61MB    5.34MB / 0B
otel-memory-prometheus-1       0.36%     16.71MiB / 3.819GiB   0.43%     75.9kB / 36.6kB   1.46MB / 36.9kB
otel-memory-grafana-1          0.40%     104.7MiB / 3.819GiB   2.68%     23.4MB / 130kB    1.28MB / 91.9MB
otel-memory-jaeger-1           0.06%     8.379MiB / 3.819GiB   0.21%     3.99kB / 1.5kB    0B / 0B
otel-memory-renderer-1         0.00%     4.234MiB / 512MiB     0.83%     3.75kB / 1.98kB   184kB / 0B

=== %Y-%m-%dT%H:%M:%S ===
NAME                           CPU %     MEM USAGE / LIMIT     MEM %     NET I/O           BLOCK I/O
otel-memory-otel-collector-1   45.53%    352.2MiB / 512MiB     68.80%    197MB / 4.85MB    5.34MB / 0B
otel-memory-prometheus-1       0.00%     16.79MiB / 3.819GiB   0.43%     76.5kB / 37.3kB   1.46MB / 36.9kB
otel-memory-grafana-1          0.47%     104.4MiB / 3.819GiB   2.67%     23.4MB / 130kB    1.28MB / 91.9MB
otel-memory-jaeger-1           0.02%     8.379MiB / 3.819GiB   0.21%     3.99kB / 1.5kB    0B / 0B
otel-memory-renderer-1         0.01%     3.844MiB / 512MiB     0.75%     3.75kB / 1.98kB   184kB / 0B

=== %Y-%m-%dT%H:%M:%S ===
NAME                           CPU %     MEM USAGE / LIMIT     MEM %     NET I/O           BLOCK I/O
otel-memory-otel-collector-1   43.28%    348.2MiB / 512MiB     68.02%    203MB / 5.02MB    5.34MB / 0B
otel-memory-prometheus-1       0.39%     16.82MiB / 3.819GiB   0.43%     79.6kB / 38.5kB   1.46MB / 36.9kB
otel-memory-grafana-1          0.60%     104.4MiB / 3.819GiB   2.67%     23.4MB / 130kB    1.28MB / 91.9MB
otel-memory-jaeger-1           0.03%     8.379MiB / 3.819GiB   0.21%     3.99kB / 1.5kB    0B / 0B
otel-memory-renderer-1         0.01%     3.844MiB / 512MiB     0.75%     3.89kB / 2.12kB   184kB / 0B

=== %Y-%m-%dT%H:%M:%S ===
NAME                           CPU %     MEM USAGE / LIMIT     MEM %     NET I/O           BLOCK I/O
otel-memory-otel-collector-1   40.68%    348MiB / 512MiB       67.97%    215MB / 5.33MB    5.34MB / 0B
otel-memory-prometheus-1       0.29%     16.86MiB / 3.819GiB   0.43%     82.7kB / 39.7kB   1.46MB / 36.9kB
otel-memory-grafana-1          0.56%     104.4MiB / 3.819GiB   2.67%     23.4MB / 130kB    1.28MB / 91.9MB
otel-memory-jaeger-1           0.03%     8.379MiB / 3.819GiB   0.21%     3.99kB / 1.5kB    0B / 0B
otel-memory-renderer-1         0.00%     3.844MiB / 512MiB     0.75%     3.89kB / 2.12kB   184kB / 0B

=== %Y-%m-%dT%H:%M:%S ===
NAME                           CPU %     MEM USAGE / LIMIT     MEM %     NET I/O           BLOCK I/O
otel-memory-otel-collector-1   44.33%    347.9MiB / 512MiB     67.95%    225MB / 5.53MB    5.34MB / 0B
otel-memory-prometheus-1       0.00%     16.65MiB / 3.819GiB   0.43%     85.3kB / 40.2kB   1.46MB / 36.9kB
otel-memory-grafana-1          1.12%     104.9MiB / 3.819GiB   2.68%     23.4MB / 130kB    1.28MB / 91.9MB
otel-memory-jaeger-1           0.02%     8.379MiB / 3.819GiB   0.21%     3.99kB / 1.5kB    0B / 0B
otel-memory-renderer-1         8.03%     4.246MiB / 512MiB     0.83%     3.93kB / 2.16kB   184kB / 0B

=== %Y-%m-%dT%H:%M:%S ===
NAME                           CPU %     MEM USAGE / LIMIT     MEM %     NET I/O           BLOCK I/O
otel-memory-otel-collector-1   119.36%   352.9MiB / 512MiB     68.92%    240MB / 5.93MB    5.8MB / 0B
otel-memory-prometheus-1       1.44%     16.73MiB / 3.819GiB   0.43%     88.4kB / 41.5kB   1.46MB / 36.9kB
otel-memory-grafana-1          0.35%     104.4MiB / 3.819GiB   2.67%     23.4MB / 130kB    1.28MB / 91.9MB
otel-memory-jaeger-1           0.02%     8.379MiB / 3.819GiB   0.21%     3.99kB / 1.5kB    0B / 0B
otel-memory-renderer-1         0.00%     3.852MiB / 512MiB     0.75%     3.93kB / 2.16kB   184kB / 0B

=== %Y-%m-%dT%H:%M:%S ===
NAME                           CPU %     MEM USAGE / LIMIT     MEM %     NET I/O           BLOCK I/O
otel-memory-otel-collector-1   34.77%    353.1MiB / 512MiB     68.97%    252MB / 6.19MB    5.8MB / 0B
otel-memory-prometheus-1       0.41%     17.16MiB / 3.819GiB   0.44%     91.5kB / 42.7kB   1.46MB / 36.9kB
otel-memory-grafana-1          0.58%     104.4MiB / 3.819GiB   2.67%     23.4MB / 130kB    1.28MB / 91.9MB
otel-memory-jaeger-1           0.04%     8.379MiB / 3.819GiB   0.21%     3.99kB / 1.5kB    0B / 0B
otel-memory-renderer-1         0.01%     3.852MiB / 512MiB     0.75%     4.06kB / 2.29kB   184kB / 0B

=== %Y-%m-%dT%H:%M:%S ===
NAME                           CPU %     MEM USAGE / LIMIT     MEM %     NET I/O           BLOCK I/O
otel-memory-otel-collector-1   0.34%     353.4MiB / 512MiB     69.02%    252MB / 6.23MB    5.8MB / 0B
otel-memory-prometheus-1       0.00%     17.16MiB / 3.819GiB   0.44%     92.1kB / 43.4kB   1.68MB / 45.1kB
otel-memory-grafana-1          0.39%     104.7MiB / 3.819GiB   2.68%     23.4MB / 130kB    1.28MB / 91.9MB
otel-memory-jaeger-1           0.06%     8.379MiB / 3.819GiB   0.21%     3.99kB / 1.5kB    0B / 0B
otel-memory-renderer-1         0.01%     4.016MiB / 512MiB     0.78%     4.06kB / 2.29kB   184kB / 0B

=== %Y-%m-%dT%H:%M:%S ===
NAME                           CPU %     MEM USAGE / LIMIT     MEM %     NET I/O           BLOCK I/O
otel-memory-otel-collector-1   42.73%    354.8MiB / 512MiB     69.30%    258MB / 6.38MB    5.8MB / 0B
otel-memory-prometheus-1       0.22%     17.21MiB / 3.819GiB   0.44%     95.2kB / 44.6kB   1.68MB / 45.1kB
otel-memory-grafana-1          0.41%     104.4MiB / 3.819GiB   2.67%     23.4MB / 130kB    1.28MB / 91.9MB
otel-memory-jaeger-1           0.02%     8.379MiB / 3.819GiB   0.21%     3.99kB / 1.5kB    0B / 0B
otel-memory-renderer-1         0.00%     3.863MiB / 512MiB     0.75%     4.06kB / 2.29kB   184kB / 0B

=== %Y-%m-%dT%H:%M:%S ===
NAME                           CPU %     MEM USAGE / LIMIT     MEM %     NET I/O           BLOCK I/O
otel-memory-otel-collector-1   0.32%     357.9MiB / 512MiB     69.91%    265MB / 6.57MB    5.8MB / 0B
otel-memory-prometheus-1       0.32%     17.22MiB / 3.819GiB   0.44%     98.4kB / 45.8kB   1.68MB / 45.1kB
otel-memory-grafana-1          0.56%     104.5MiB / 3.819GiB   2.67%     23.4MB / 130kB    1.28MB / 92MB
otel-memory-jaeger-1           0.04%     8.379MiB / 3.819GiB   0.21%     3.99kB / 1.5kB    0B / 0B
otel-memory-renderer-1         0.01%     3.863MiB / 512MiB     0.75%     4.06kB / 2.29kB   184kB / 0B

=== %Y-%m-%dT%H:%M:%S ===
NAME                           CPU %     MEM USAGE / LIMIT     MEM %     NET I/O           BLOCK I/O
otel-memory-otel-collector-1   2.79%     359.3MiB / 512MiB     70.18%    265MB / 6.61MB    5.8MB / 0B
otel-memory-prometheus-1       0.00%     16.99MiB / 3.819GiB   0.43%     101kB / 46.3kB    1.68MB / 45.1kB
otel-memory-grafana-1          0.70%     104.5MiB / 3.819GiB   2.67%     23.4MB / 130kB    1.28MB / 92MB
otel-memory-jaeger-1           0.03%     8.379MiB / 3.819GiB   0.21%     3.99kB / 1.5kB    0B / 0B
otel-memory-renderer-1         0.01%     4.078MiB / 512MiB     0.80%     4.19kB / 2.42kB   184kB / 0B

=== %Y-%m-%dT%H:%M:%S ===
NAME                           CPU %     MEM USAGE / LIMIT     MEM %     NET I/O           BLOCK I/O
otel-memory-otel-collector-1   6.68%     356MiB / 512MiB       69.53%    265MB / 6.62MB    5.8MB / 0B
otel-memory-prometheus-1       0.00%     17MiB / 3.819GiB      0.43%     104kB / 47.5kB    1.68MB / 45.1kB
otel-memory-grafana-1          1.10%     104.7MiB / 3.819GiB   2.68%     23.4MB / 130kB    1.28MB / 92MB
otel-memory-jaeger-1           0.06%     8.379MiB / 3.819GiB   0.21%     3.99kB / 1.5kB    0B / 0B
otel-memory-renderer-1         0.01%     4.074MiB / 512MiB     0.80%     4.28kB / 2.51kB   184kB / 0B

=== %Y-%m-%dT%H:%M:%S ===
NAME                           CPU %     MEM USAGE / LIMIT     MEM %     NET I/O           BLOCK I/O
otel-memory-otel-collector-1   47.73%    356.6MiB / 512MiB     69.65%    278MB / 6.93MB    6.04MB / 0B
otel-memory-prometheus-1       0.00%     17.26MiB / 3.819GiB   0.44%     105kB / 48.3kB    1.68MB / 45.1kB
otel-memory-grafana-1          0.50%     104.7MiB / 3.819GiB   2.68%     23.4MB / 130kB    1.28MB / 92MB
otel-memory-jaeger-1           0.03%     8.379MiB / 3.819GiB   0.21%     3.99kB / 1.5kB    0B / 0B
otel-memory-renderer-1         0.00%     4.031MiB / 512MiB     0.79%     4.28kB / 2.51kB   184kB / 0B

=== %Y-%m-%dT%H:%M:%S ===
NAME                           CPU %     MEM USAGE / LIMIT     MEM %     NET I/O           BLOCK I/O
otel-memory-otel-collector-1   2.25%     346.4MiB / 512MiB     67.66%    280MB / 7.01MB    6.04MB / 0B
otel-memory-prometheus-1       0.00%     17.26MiB / 3.819GiB   0.44%     108kB / 49.5kB    1.68MB / 45.1kB
otel-memory-grafana-1          0.39%     104.7MiB / 3.819GiB   2.68%     23.4MB / 130kB    1.28MB / 92MB
otel-memory-jaeger-1           0.09%     8.379MiB / 3.819GiB   0.21%     3.99kB / 1.5kB    0B / 0B
otel-memory-renderer-1         0.01%     3.863MiB / 512MiB     0.75%     4.41kB / 2.64kB   184kB / 0B

=== %Y-%m-%dT%H:%M:%S ===
NAME                           CPU %     MEM USAGE / LIMIT     MEM %     NET I/O           BLOCK I/O
otel-memory-otel-collector-1   38.93%    343.1MiB / 512MiB     67.02%    285MB / 7.15MB    6.04MB / 0B
otel-memory-prometheus-1       0.00%     17.27MiB / 3.819GiB   0.44%     111kB / 50.7kB    1.68MB / 45.1kB
otel-memory-grafana-1          0.68%     104.7MiB / 3.819GiB   2.68%     23.4MB / 130kB    1.28MB / 92MB
otel-memory-jaeger-1           0.02%     8.379MiB / 3.819GiB   0.21%     3.99kB / 1.5kB    0B / 0B
otel-memory-renderer-1         6.29%     4.059MiB / 512MiB     0.79%     4.41kB / 2.64kB   184kB / 0B

=== %Y-%m-%dT%H:%M:%S ===
NAME                           CPU %     MEM USAGE / LIMIT     MEM %     NET I/O           BLOCK I/O
otel-memory-otel-collector-1   41.12%    344.4MiB / 512MiB     67.27%    298MB / 7.46MB    6.04MB / 0B
otel-memory-prometheus-1       0.25%     17.29MiB / 3.819GiB   0.44%     114kB / 51.9kB    1.68MB / 57.3kB
otel-memory-grafana-1          0.37%     104.5MiB / 3.819GiB   2.67%     23.4MB / 130kB    1.28MB / 92MB
otel-memory-jaeger-1           0.03%     8.379MiB / 3.819GiB   0.21%     3.99kB / 1.5kB    0B / 0B
otel-memory-renderer-1         0.00%     3.875MiB / 512MiB     0.76%     4.41kB / 2.64kB   184kB / 0B

=== %Y-%m-%dT%H:%M:%S ===
NAME                           CPU %     MEM USAGE / LIMIT     MEM %     NET I/O           BLOCK I/O
otel-memory-otel-collector-1   44.24%    344.8MiB / 512MiB     67.34%    307MB / 7.67MB    6.04MB / 0B
otel-memory-prometheus-1       0.00%     17.29MiB / 3.819GiB   0.44%     117kB / 52.4kB    1.68MB / 57.3kB
otel-memory-grafana-1          1.32%     104.9MiB / 3.819GiB   2.68%     23.4MB / 130kB    1.28MB / 92MB
otel-memory-jaeger-1           0.03%     8.379MiB / 3.819GiB   0.21%     3.99kB / 1.5kB    0B / 0B
otel-memory-renderer-1         0.00%     3.871MiB / 512MiB     0.76%     4.41kB / 2.64kB   184kB / 0B

=== %Y-%m-%dT%H:%M:%S ===
NAME                           CPU %     MEM USAGE / LIMIT     MEM %     NET I/O           BLOCK I/O
otel-memory-otel-collector-1   125.99%   363MiB / 512MiB       70.90%    322MB / 8.03MB    6.04MB / 0B
otel-memory-prometheus-1       0.22%     17.3MiB / 3.819GiB    0.44%     120kB / 53.7kB    1.68MB / 57.3kB
otel-memory-grafana-1          1.17%     104.7MiB / 3.819GiB   2.68%     23.4MB / 130kB    1.28MB / 92MB
otel-memory-jaeger-1           0.05%     8.379MiB / 3.819GiB   0.21%     3.99kB / 1.5kB    0B / 0B
otel-memory-renderer-1         0.00%     4.07MiB / 512MiB      0.79%     4.54kB / 2.77kB   184kB / 0B

=== %Y-%m-%dT%H:%M:%S ===
NAME                           CPU %     MEM USAGE / LIMIT     MEM %     NET I/O           BLOCK I/O
otel-memory-otel-collector-1   48.46%    382.9MiB / 512MiB     74.78%    337MB / 8.35MB    6.55MB / 0B
otel-memory-prometheus-1       0.00%     17.58MiB / 3.819GiB   0.45%     123kB / 54.9kB    1.68MB / 57.3kB
otel-memory-grafana-1          2.24%     104.5MiB / 3.819GiB   2.67%     23.4MB / 130kB    1.35MB / 92MB
otel-memory-jaeger-1           0.02%     8.379MiB / 3.819GiB   0.21%     3.99kB / 1.5kB    0B / 0B
otel-memory-renderer-1         0.00%     3.891MiB / 512MiB     0.76%     4.58kB / 2.81kB   184kB / 0B

=== %Y-%m-%dT%H:%M:%S ===
NAME                           CPU %     MEM USAGE / LIMIT     MEM %     NET I/O           BLOCK I/O
otel-memory-otel-collector-1   1.55%     383.4MiB / 512MiB     74.87%    338MB / 8.41MB    6.55MB / 0B
otel-memory-prometheus-1       0.00%     17.34MiB / 3.819GiB   0.44%     126kB / 56.1kB    1.68MB / 57.3kB
otel-memory-grafana-1          0.63%     104MiB / 3.819GiB     2.66%     23.4MB / 130kB    1.35MB / 92MB
otel-memory-jaeger-1           0.04%     8.379MiB / 3.819GiB   0.21%     3.99kB / 1.5kB    0B / 0B
otel-memory-renderer-1         0.01%     4.074MiB / 512MiB     0.80%     4.58kB / 2.81kB   352kB / 0B

=== %Y-%m-%dT%H:%M:%S ===
NAME                           CPU %     MEM USAGE / LIMIT     MEM %     NET I/O           BLOCK I/O
otel-memory-otel-collector-1   110.27%   356.6MiB / 512MiB     69.65%    338MB / 8.45MB    6.55MB / 0B
otel-memory-prometheus-1       0.00%     17.36MiB / 3.819GiB   0.44%     127kB / 56.8kB    1.68MB / 57.3kB
otel-memory-grafana-1          0.47%     104MiB / 3.819GiB     2.66%     23.4MB / 130kB    1.35MB / 92MB
otel-memory-jaeger-1           0.03%     8.379MiB / 3.819GiB   0.21%     3.99kB / 1.5kB    0B / 0B
otel-memory-renderer-1         0.00%     4.074MiB / 512MiB     0.80%     4.71kB / 2.94kB   352kB / 0B

=== %Y-%m-%dT%H:%M:%S ===
NAME                           CPU %     MEM USAGE / LIMIT     MEM %     NET I/O           BLOCK I/O
otel-memory-otel-collector-1   39.38%    357.3MiB / 512MiB     69.78%    350MB / 8.74MB    6.55MB / 0B
otel-memory-prometheus-1       0.00%     17.13MiB / 3.819GiB   0.44%     130kB / 58kB      1.68MB / 57.3kB
otel-memory-grafana-1          0.61%     104.3MiB / 3.819GiB   2.67%     23.4MB / 130kB    1.35MB / 92MB
otel-memory-jaeger-1           0.02%     8.406MiB / 3.819GiB   0.21%     3.99kB / 1.5kB    0B / 0B
otel-memory-renderer-1         6.38%     4.383MiB / 512MiB     0.86%     4.71kB / 2.94kB   352kB / 0B

=== %Y-%m-%dT%H:%M:%S ===
NAME                           CPU %     MEM USAGE / LIMIT     MEM %     NET I/O           BLOCK I/O
otel-memory-otel-collector-1   1.38%     365MiB / 512MiB       71.28%    352MB / 8.8MB     6.55MB / 0B
otel-memory-prometheus-1       0.00%     17.38MiB / 3.819GiB   0.44%     133kB / 59.2kB    1.68MB / 65.5kB
otel-memory-grafana-1          0.56%     104MiB / 3.819GiB     2.66%     23.4MB / 130kB    1.35MB / 92MB
otel-memory-jaeger-1           0.03%     8.406MiB / 3.819GiB   0.21%     3.99kB / 1.5kB    0B / 0B
otel-memory-renderer-1         0.00%     4.328MiB / 512MiB     0.85%     4.71kB / 2.94kB   352kB / 0B

=== %Y-%m-%dT%H:%M:%S ===
NAME                           CPU %     MEM USAGE / LIMIT     MEM %     NET I/O           BLOCK I/O
otel-memory-otel-collector-1   45.56%    361.1MiB / 512MiB     70.54%    358MB / 9MB       6.55MB / 0B
otel-memory-prometheus-1       0.00%     17.37MiB / 3.819GiB   0.44%     136kB / 59.7kB    1.68MB / 65.5kB
otel-memory-grafana-1          0.49%     104.1MiB / 3.819GiB   2.66%     23.4MB / 130kB    1.37MB / 92MB
otel-memory-jaeger-1           0.02%     8.406MiB / 3.819GiB   0.21%     3.99kB / 1.5kB    0B / 0B
otel-memory-renderer-1         0.00%     4.098MiB / 512MiB     0.80%     4.71kB / 2.94kB   352kB / 0B

=== %Y-%m-%dT%H:%M:%S ===
NAME                           CPU %     MEM USAGE / LIMIT     MEM %     NET I/O           BLOCK I/O
otel-memory-otel-collector-1   42.24%    364MiB / 512MiB       71.09%    370MB / 9.24MB    6.55MB / 0B
otel-memory-prometheus-1       0.00%     17.14MiB / 3.819GiB   0.44%     139kB / 60.9kB    1.68MB / 65.5kB
otel-memory-grafana-1          11.83%    100MiB / 3.819GiB     2.56%     23.4MB / 131kB    1.37MB / 92MB
otel-memory-jaeger-1           0.02%     8.406MiB / 3.819GiB   0.21%     3.99kB / 1.5kB    0B / 0B
otel-memory-renderer-1         0.01%     4.34MiB / 512MiB      0.85%     4.85kB / 3.08kB   352kB / 0B

=== %Y-%m-%dT%H:%M:%S ===
NAME                           CPU %     MEM USAGE / LIMIT     MEM %     NET I/O           BLOCK I/O
otel-memory-otel-collector-1   1.75%     365.9MiB / 512MiB     71.47%    371MB / 9.3MB     6.55MB / 0B
otel-memory-prometheus-1       0.00%     17.15MiB / 3.819GiB   0.44%     142kB / 62.1kB    1.68MB / 65.5kB
otel-memory-grafana-1          1.17%     100.1MiB / 3.819GiB   2.56%     23.4MB / 131kB    1.37MB / 92MB
otel-memory-jaeger-1           0.03%     8.406MiB / 3.819GiB   0.21%     3.99kB / 1.5kB    0B / 0B
otel-memory-renderer-1         0.01%     4.102MiB / 512MiB     0.80%     4.85kB / 3.08kB   352kB / 0B

=== %Y-%m-%dT%H:%M:%S ===
NAME                           CPU %     MEM USAGE / LIMIT     MEM %     NET I/O          BLOCK I/O
otel-memory-otel-collector-1   0.72%     337.3MiB / 512MiB     65.89%    371MB / 9.33MB   6.55MB / 0B
otel-memory-prometheus-1       0.26%     17.41MiB / 3.819GiB   0.45%     145kB / 63.3kB   1.68MB / 65.5kB
otel-memory-grafana-1          0.70%     99.82MiB / 3.819GiB   2.55%     23.4MB / 131kB   1.37MB / 92MB
otel-memory-jaeger-1           0.10%     8.406MiB / 3.819GiB   0.21%     4.06kB / 1.5kB   0B / 0B
otel-memory-renderer-1         0.01%     4.109MiB / 512MiB     0.80%     5kB / 3.16kB     352kB / 0B

=== %Y-%m-%dT%H:%M:%S ===
NAME                           CPU %     MEM USAGE / LIMIT     MEM %     NET I/O          BLOCK I/O
otel-memory-otel-collector-1   40.74%    339.1MiB / 512MiB     66.23%    375MB / 9.46MB   6.55MB / 0B
otel-memory-prometheus-1       0.00%     17.16MiB / 3.819GiB   0.44%     146kB / 64kB     1.68MB / 65.5kB
otel-memory-grafana-1          0.48%     99.82MiB / 3.819GiB   2.55%     23.4MB / 131kB   1.37MB / 92MB
otel-memory-jaeger-1           0.11%     8.406MiB / 3.819GiB   0.21%     4.06kB / 1.5kB   0B / 0B
otel-memory-renderer-1         0.01%     4.105MiB / 512MiB     0.80%     5kB / 3.16kB     352kB / 0B

=== %Y-%m-%dT%H:%M:%S ===
NAME                           CPU %     MEM USAGE / LIMIT     MEM %     NET I/O           BLOCK I/O
otel-memory-otel-collector-1   76.13%    341MiB / 512MiB       66.60%    390MB / 9.83MB    6.55MB / 0B
otel-memory-prometheus-1       0.26%     17.4MiB / 3.819GiB    0.44%     149kB / 65.2kB    1.68MB / 65.5kB
otel-memory-grafana-1          0.68%     100.3MiB / 3.819GiB   2.57%     23.4MB / 131kB    1.37MB / 92MB
otel-memory-jaeger-1           0.01%     8.406MiB / 3.819GiB   0.21%     4.06kB / 1.5kB    0B / 0B
otel-memory-renderer-1         5.79%     4.219MiB / 512MiB     0.82%     5.13kB / 3.29kB   352kB / 0B

=== %Y-%m-%dT%H:%M:%S ===
NAME                           CPU %     MEM USAGE / LIMIT     MEM %     NET I/O           BLOCK I/O
otel-memory-otel-collector-1   48.22%    341.4MiB / 512MiB     66.68%    403MB / 10.1MB    6.55MB / 0B
otel-memory-prometheus-1       0.43%     17.16MiB / 3.819GiB   0.44%     152kB / 66.4kB    1.68MB / 65.5kB
otel-memory-grafana-1          0.38%     99.82MiB / 3.819GiB   2.55%     23.4MB / 131kB    1.37MB / 92MB
otel-memory-jaeger-1           0.02%     8.406MiB / 3.819GiB   0.21%     4.06kB / 1.5kB    0B / 0B
otel-memory-renderer-1         0.00%     4.121MiB / 512MiB     0.80%     5.13kB / 3.29kB   352kB / 0B

=== %Y-%m-%dT%H:%M:%S ===
NAME                           CPU %     MEM USAGE / LIMIT     MEM %     NET I/O           BLOCK I/O
otel-memory-otel-collector-1   41.23%    351.7MiB / 512MiB     68.70%    415MB / 10.4MB    6.55MB / 0B
otel-memory-prometheus-1       0.20%     17.41MiB / 3.819GiB   0.45%     155kB / 67.6kB    1.68MB / 73.7kB
otel-memory-grafana-1          0.37%     99.82MiB / 3.819GiB   2.55%     23.4MB / 131kB    1.37MB / 92MB
otel-memory-jaeger-1           0.03%     8.406MiB / 3.819GiB   0.21%     4.06kB / 1.5kB    0B / 0B
otel-memory-renderer-1         0.01%     4.117MiB / 512MiB     0.80%     5.13kB / 3.29kB   352kB / 0B

=== %Y-%m-%dT%H:%M:%S ===
NAME                           CPU %     MEM USAGE / LIMIT     MEM %     NET I/O           BLOCK I/O
otel-memory-otel-collector-1   36.42%    359.5MiB / 512MiB     70.22%    424MB / 10.6MB    6.55MB / 0B
otel-memory-prometheus-1       0.00%     17.41MiB / 3.819GiB   0.45%     158kB / 68.1kB    1.68MB / 73.7kB
otel-memory-grafana-1          0.56%     100.1MiB / 3.819GiB   2.56%     23.4MB / 131kB    1.37MB / 92MB
otel-memory-jaeger-1           0.04%     8.406MiB / 3.819GiB   0.21%     4.06kB / 1.5kB    0B / 0B
otel-memory-renderer-1         0.01%     4.184MiB / 512MiB     0.82%     5.26kB / 3.42kB   352kB / 0B

=== %Y-%m-%dT%H:%M:%S ===
NAME                           CPU %     MEM USAGE / LIMIT     MEM %     NET I/O           BLOCK I/O
otel-memory-otel-collector-1   90.99%    360.7MiB / 512MiB     70.44%    424MB / 10.7MB    6.55MB / 0B
otel-memory-prometheus-1       0.22%     17.42MiB / 3.819GiB   0.45%     161kB / 69.3kB    1.68MB / 73.7kB
otel-memory-grafana-1          0.51%     99.82MiB / 3.819GiB   2.55%     23.4MB / 131kB    1.37MB / 92MB
otel-memory-jaeger-1           0.02%     8.406MiB / 3.819GiB   0.21%     4.06kB / 1.5kB    0B / 0B
otel-memory-renderer-1         0.01%     4.18MiB / 512MiB      0.82%     5.26kB / 3.42kB   352kB / 0B

=== %Y-%m-%dT%H:%M:%S ===
NAME                           CPU %     MEM USAGE / LIMIT     MEM %     NET I/O           BLOCK I/O
otel-memory-otel-collector-1   0.51%     361MiB / 512MiB       70.51%    424MB / 10.7MB    6.55MB / 0B
otel-memory-prometheus-1       0.18%     17.44MiB / 3.819GiB   0.45%     164kB / 70.5kB    1.68MB / 73.7kB
otel-memory-grafana-1          0.59%     99.82MiB / 3.819GiB   2.55%     23.4MB / 131kB    1.37MB / 92MB
otel-memory-jaeger-1           0.03%     8.406MiB / 3.819GiB   0.21%     4.06kB / 1.5kB    0B / 0B
otel-memory-renderer-1         0.01%     4.129MiB / 512MiB     0.81%     5.31kB / 3.47kB   352kB / 0B

=== %Y-%m-%dT%H:%M:%S ===
NAME                           CPU %     MEM USAGE / LIMIT     MEM %     NET I/O           BLOCK I/O
otel-memory-otel-collector-1   41.26%    361.1MiB / 512MiB     70.53%    436MB / 11MB      6.55MB / 0B
otel-memory-prometheus-1       0.00%     17.48MiB / 3.819GiB   0.45%     165kB / 71.2kB    1.68MB / 73.7kB
otel-memory-grafana-1          0.47%     99.82MiB / 3.819GiB   2.55%     23.4MB / 131kB    1.37MB / 92MB
otel-memory-jaeger-1           0.02%     8.406MiB / 3.819GiB   0.21%     4.06kB / 1.5kB    0B / 0B
otel-memory-renderer-1         0.00%     4.125MiB / 512MiB     0.81%     5.31kB / 3.47kB   352kB / 0B

=== %Y-%m-%dT%H:%M:%S ===
NAME                           CPU %     MEM USAGE / LIMIT     MEM %     NET I/O          BLOCK I/O
otel-memory-otel-collector-1   1.37%     361.6MiB / 512MiB     70.63%    439MB / 11.1MB   6.89MB / 0B
otel-memory-prometheus-1       0.00%     16.73MiB / 3.819GiB   0.43%     168kB / 72.4kB   1.68MB / 73.7kB
otel-memory-grafana-1          0.74%     100.1MiB / 3.819GiB   2.56%     23.4MB / 131kB   1.37MB / 92MB
otel-memory-jaeger-1           0.04%     8.406MiB / 3.819GiB   0.21%     4.06kB / 1.5kB   0B / 0B
otel-memory-renderer-1         0.00%     4.125MiB / 512MiB     0.81%     5.44kB / 3.6kB   352kB / 0B

=== %Y-%m-%dT%H:%M:%S ===
NAME                           CPU %     MEM USAGE / LIMIT     MEM %     NET I/O          BLOCK I/O
otel-memory-otel-collector-1   43.87%    361.9MiB / 512MiB     70.68%    451MB / 11.4MB   7.3MB / 0B
otel-memory-prometheus-1       0.00%     16.98MiB / 3.819GiB   0.43%     170kB / 72.9kB   1.68MB / 73.7kB
otel-memory-grafana-1          0.46%     99.82MiB / 3.819GiB   2.55%     23.4MB / 131kB   1.37MB / 92MB
otel-memory-jaeger-1           0.03%     8.406MiB / 3.819GiB   0.21%     4.06kB / 1.5kB   0B / 0B
otel-memory-renderer-1         0.00%     4.148MiB / 512MiB     0.81%     5.44kB / 3.6kB   352kB / 0B

=== %Y-%m-%dT%H:%M:%S ===
NAME                           CPU %     MEM USAGE / LIMIT     MEM %     NET I/O          BLOCK I/O
otel-memory-otel-collector-1   1.47%     363.5MiB / 512MiB     71.00%    455MB / 11.5MB   7.3MB / 0B
otel-memory-prometheus-1       0.23%     16.74MiB / 3.819GiB   0.43%     173kB / 74.1kB   1.68MB / 73.7kB
otel-memory-grafana-1          1.33%     100.3MiB / 3.819GiB   2.56%     23.4MB / 131kB   1.37MB / 92MB
otel-memory-jaeger-1           0.02%     8.406MiB / 3.819GiB   0.21%     4.06kB / 1.5kB   0B / 0B
otel-memory-renderer-1         0.01%     4.145MiB / 512MiB     0.81%     5.44kB / 3.6kB   352kB / 0B

=== %Y-%m-%dT%H:%M:%S ===
NAME                           CPU %     MEM USAGE / LIMIT     MEM %     NET I/O          BLOCK I/O
otel-memory-otel-collector-1   24.85%    351MiB / 512MiB       68.56%    457MB / 11.6MB   7.3MB / 0B
otel-memory-prometheus-1       0.05%     17MiB / 3.819GiB      0.43%     177kB / 75.3kB   1.68MB / 81.9kB
otel-memory-grafana-1          0.65%     100MiB / 3.819GiB     2.56%     23.4MB / 131kB   1.37MB / 92MB
otel-memory-jaeger-1           0.02%     8.406MiB / 3.819GiB   0.21%     4.06kB / 1.5kB   0B / 0B
otel-memory-renderer-1         0.01%     4.156MiB / 512MiB     0.81%     5.44kB / 3.6kB   352kB / 0B

=== %Y-%m-%dT%H:%M:%S ===
NAME                           CPU %     MEM USAGE / LIMIT     MEM %     NET I/O           BLOCK I/O
otel-memory-otel-collector-1   39.97%    352.7MiB / 512MiB     68.88%    470MB / 11.9MB    7.31MB / 0B
otel-memory-prometheus-1       0.31%     17.24MiB / 3.819GiB   0.44%     180kB / 76.5kB    2.13MB / 81.9kB
otel-memory-grafana-1          0.58%     99.82MiB / 3.819GiB   2.55%     23.4MB / 131kB    1.37MB / 92MB
otel-memory-jaeger-1           0.07%     8.406MiB / 3.819GiB   0.21%     4.06kB / 1.5kB    0B / 0B
otel-memory-renderer-1         0.00%     4.152MiB / 512MiB     0.81%     5.57kB / 3.73kB   352kB / 0B

=== %Y-%m-%dT%H:%M:%S ===
NAME                           CPU %     MEM USAGE / LIMIT     MEM %     NET I/O           BLOCK I/O
otel-memory-otel-collector-1   29.91%    353.1MiB / 512MiB     68.96%    476MB / 12MB      7.31MB / 0B
otel-memory-prometheus-1       0.00%     17.19MiB / 3.819GiB   0.44%     180kB / 77.2kB    2.13MB / 81.9kB
otel-memory-grafana-1          0.48%     99.82MiB / 3.819GiB   2.55%     23.4MB / 131kB    1.37MB / 92MB
otel-memory-jaeger-1           0.04%     8.406MiB / 3.819GiB   0.21%     4.06kB / 1.5kB    0B / 0B
otel-memory-renderer-1         6.17%     4.266MiB / 512MiB     0.83%     5.66kB / 3.81kB   352kB / 0B

=== %Y-%m-%dT%H:%M:%S ===
NAME                           CPU %     MEM USAGE / LIMIT     MEM %     NET I/O           BLOCK I/O
otel-memory-otel-collector-1   1.14%     353.1MiB / 512MiB     68.96%    476MB / 12MB      7.31MB / 0B
otel-memory-prometheus-1       0.00%     17.19MiB / 3.819GiB   0.44%     184kB / 78.5kB    2.13MB / 81.9kB
otel-memory-grafana-1          0.49%     99.82MiB / 3.819GiB   2.55%     23.4MB / 131kB    1.37MB / 92MB
otel-memory-jaeger-1           0.03%     8.406MiB / 3.819GiB   0.21%     4.06kB / 1.5kB    0B / 0B
otel-memory-renderer-1         0.01%     4.164MiB / 512MiB     0.81%     5.66kB / 3.81kB   352kB / 0B

=== %Y-%m-%dT%H:%M:%S ===
NAME                           CPU %     MEM USAGE / LIMIT     MEM %     NET I/O           BLOCK I/O
otel-memory-otel-collector-1   46.03%    353.6MiB / 512MiB     69.05%    487MB / 12.3MB    7.31MB / 0B
otel-memory-prometheus-1       0.39%     17.68MiB / 3.819GiB   0.45%     187kB / 79.7kB    2.31MB / 81.9kB
otel-memory-grafana-1          0.39%     100MiB / 3.819GiB     2.56%     23.4MB / 132kB    1.37MB / 92MB
otel-memory-jaeger-1           0.02%     8.406MiB / 3.819GiB   0.21%     4.06kB / 1.5kB    0B / 0B
otel-memory-renderer-1         0.00%     4.16MiB / 512MiB      0.81%     5.66kB / 3.81kB   352kB / 0B

=== %Y-%m-%dT%H:%M:%S ===
NAME                           CPU %     MEM USAGE / LIMIT     MEM %     NET I/O           BLOCK I/O
otel-memory-otel-collector-1   58.70%    354.8MiB / 512MiB     69.29%    500MB / 12.6MB    7.31MB / 0B
otel-memory-prometheus-1       0.00%     17.36MiB / 3.819GiB   0.44%     189kB / 80.2kB    2.31MB / 81.9kB
otel-memory-grafana-1          0.69%     99.82MiB / 3.819GiB   2.55%     23.4MB / 132kB    1.37MB / 92MB
otel-memory-jaeger-1           0.01%     8.406MiB / 3.819GiB   0.21%     4.06kB / 1.5kB    0B / 0B
otel-memory-renderer-1         0.00%     4.336MiB / 512MiB     0.85%     5.79kB / 3.95kB   352kB / 0B

=== %Y-%m-%dT%H:%M:%S ===
NAME                           CPU %     MEM USAGE / LIMIT     MEM %     NET I/O           BLOCK I/O
otel-memory-otel-collector-1   0.16%     354.7MiB / 512MiB     69.27%    509MB / 12.9MB    7.31MB / 0B
otel-memory-prometheus-1       0.27%     17.36MiB / 3.819GiB   0.44%     192kB / 81.4kB    2.31MB / 81.9kB
otel-memory-grafana-1          1.39%     100.3MiB / 3.819GiB   2.56%     23.4MB / 132kB    1.37MB / 92.1MB
otel-memory-jaeger-1           0.02%     8.406MiB / 3.819GiB   0.21%     4.06kB / 1.5kB    0B / 0B
otel-memory-renderer-1         0.01%     4.191MiB / 512MiB     0.82%     5.79kB / 3.95kB   352kB / 0B

=== %Y-%m-%dT%H:%M:%S ===
NAME                           CPU %     MEM USAGE / LIMIT     MEM %     NET I/O           BLOCK I/O
otel-memory-otel-collector-1   47.60%    355.1MiB / 512MiB     69.36%    509MB / 12.9MB    7.31MB / 0B
otel-memory-prometheus-1       0.24%     17.61MiB / 3.819GiB   0.45%     196kB / 82.6kB    2.31MB / 81.9kB
otel-memory-grafana-1          0.63%     100.3MiB / 3.819GiB   2.57%     23.4MB / 132kB    1.37MB / 92.1MB
otel-memory-jaeger-1           0.07%     8.406MiB / 3.819GiB   0.21%     4.06kB / 1.5kB    0B / 0B
otel-memory-renderer-1         5.61%     4.348MiB / 512MiB     0.85%     5.79kB / 3.95kB   352kB / 0B

=== %Y-%m-%dT%H:%M:%S ===
NAME                           CPU %     MEM USAGE / LIMIT     MEM %     NET I/O           BLOCK I/O
otel-memory-otel-collector-1   43.49%    355.1MiB / 512MiB     69.36%    512MB / 13MB      7.31MB / 0B
otel-memory-prometheus-1       0.00%     17.36MiB / 3.819GiB   0.44%     196kB / 83.3kB    2.31MB / 90.1kB
otel-memory-grafana-1          0.45%     100.1MiB / 3.819GiB   2.56%     23.4MB / 132kB    1.37MB / 92.1MB
otel-memory-jaeger-1           0.08%     8.406MiB / 3.819GiB   0.21%     4.06kB / 1.5kB    0B / 0B
otel-memory-renderer-1         0.01%     4.195MiB / 512MiB     0.82%     5.92kB / 4.08kB   352kB / 0B

=== %Y-%m-%dT%H:%M:%S ===
NAME                           CPU %     MEM USAGE / LIMIT     MEM %     NET I/O           BLOCK I/O
otel-memory-otel-collector-1   42.28%    355.1MiB / 512MiB     69.36%    521MB / 13.2MB    7.31MB / 0B
otel-memory-prometheus-1       0.00%     17.36MiB / 3.819GiB   0.44%     199kB / 84.5kB    2.31MB / 90.1kB
otel-memory-grafana-1          0.55%     100.1MiB / 3.819GiB   2.56%     23.4MB / 132kB    1.37MB / 92.1MB
otel-memory-jaeger-1           0.02%     8.406MiB / 3.819GiB   0.21%     4.06kB / 1.5kB    0B / 0B
otel-memory-renderer-1         1.24%     5.941MiB / 512MiB     1.16%     5.96kB / 4.12kB   352kB / 0B

=== %Y-%m-%dT%H:%M:%S ===
NAME                           CPU %     MEM USAGE / LIMIT     MEM %     NET I/O           BLOCK I/O
otel-memory-otel-collector-1   0.26%     355.2MiB / 512MiB     69.37%    525MB / 13.3MB    7.31MB / 0B
otel-memory-prometheus-1       0.00%     17.61MiB / 3.819GiB   0.45%     202kB / 85kB      2.31MB / 90.1kB
otel-memory-grafana-1          0.70%     99.82MiB / 3.819GiB   2.55%     23.4MB / 132kB    1.37MB / 92.1MB
otel-memory-jaeger-1           0.04%     8.406MiB / 3.819GiB   0.21%     4.06kB / 1.5kB    0B / 0B
otel-memory-renderer-1         0.01%     4.195MiB / 512MiB     0.82%     5.96kB / 4.12kB   352kB / 0B

=== %Y-%m-%dT%H:%M:%S ===
NAME                           CPU %     MEM USAGE / LIMIT     MEM %     NET I/O           BLOCK I/O
otel-memory-otel-collector-1   44.29%    355MiB / 512MiB       69.34%    528MB / 13.4MB    7.31MB / 0B
otel-memory-prometheus-1       0.25%     17.62MiB / 3.819GiB   0.45%     206kB / 86.9kB    2.31MB / 90.1kB
otel-memory-grafana-1          0.42%     100MiB / 3.819GiB     2.56%     23.4MB / 132kB    1.37MB / 92.1MB
otel-memory-jaeger-1           0.02%     8.406MiB / 3.819GiB   0.21%     4.06kB / 1.5kB    0B / 0B
otel-memory-renderer-1         0.01%     4.195MiB / 512MiB     0.82%     5.96kB / 4.12kB   352kB / 0B

=== %Y-%m-%dT%H:%M:%S ===
NAME                           CPU %     MEM USAGE / LIMIT     MEM %     NET I/O           BLOCK I/O
otel-memory-otel-collector-1   50.40%    355.4MiB / 512MiB     69.41%    541MB / 13.8MB    7.31MB / 0B
otel-memory-prometheus-1       0.00%     17.36MiB / 3.819GiB   0.44%     208kB / 87.4kB    2.31MB / 90.1kB
otel-memory-grafana-1          0.54%     99.82MiB / 3.819GiB   2.55%     23.4MB / 132kB    1.37MB / 92.1MB
otel-memory-jaeger-1           0.02%     8.406MiB / 3.819GiB   0.21%     4.06kB / 1.5kB    0B / 0B
otel-memory-renderer-1         0.00%     4.344MiB / 512MiB     0.85%     6.09kB / 4.25kB   352kB / 0B

=== %Y-%m-%dT%H:%M:%S ===
NAME                           CPU %     MEM USAGE / LIMIT     MEM %     NET I/O           BLOCK I/O
otel-memory-otel-collector-1   41.77%    355.4MiB / 512MiB     69.42%    553MB / 14.1MB    7.31MB / 0B
otel-memory-prometheus-1       0.20%     17.36MiB / 3.819GiB   0.44%     211kB / 88.7kB    2.31MB / 90.1kB
otel-memory-grafana-1          2.24%     100.1MiB / 3.819GiB   2.56%     23.4MB / 132kB    1.37MB / 92.1MB
otel-memory-jaeger-1           0.02%     8.406MiB / 3.819GiB   0.21%     4.06kB / 1.5kB    0B / 0B
otel-memory-renderer-1         0.00%     4.211MiB / 512MiB     0.82%     6.09kB / 4.25kB   352kB / 0B

=== %Y-%m-%dT%H:%M:%S ===
NAME                           CPU %     MEM USAGE / LIMIT     MEM %     NET I/O           BLOCK I/O
otel-memory-otel-collector-1   14.16%    356.3MiB / 512MiB     69.59%    564MB / 14.3MB    7.31MB / 0B
otel-memory-prometheus-1       0.19%     17.6MiB / 3.819GiB    0.45%     215kB / 89.9kB    2.31MB / 90.1kB
otel-memory-grafana-1          0.28%     100.1MiB / 3.819GiB   2.56%     23.4MB / 132kB    1.37MB / 92.1MB
otel-memory-jaeger-1           0.08%     8.406MiB / 3.819GiB   0.21%     4.06kB / 1.5kB    0B / 0B
otel-memory-renderer-1         0.00%     4.211MiB / 512MiB     0.82%     6.09kB / 4.25kB   352kB / 0B

=== %Y-%m-%dT%H:%M:%S ===
NAME                           CPU %     MEM USAGE / LIMIT     MEM %     NET I/O           BLOCK I/O
otel-memory-otel-collector-1   76.97%    357.4MiB / 512MiB     69.80%    564MB / 14.3MB    7.31MB / 0B
otel-memory-prometheus-1       0.00%     17.38MiB / 3.819GiB   0.44%     215kB / 90.6kB    2.31MB / 98.3kB
otel-memory-grafana-1          0.50%     100.1MiB / 3.819GiB   2.56%     23.4MB / 132kB    1.37MB / 92.1MB
otel-memory-jaeger-1           0.03%     8.406MiB / 3.819GiB   0.21%     4.06kB / 1.5kB    0B / 0B
otel-memory-renderer-1         0.00%     4.48MiB / 512MiB      0.88%     6.22kB / 4.38kB   352kB / 0B

=== %Y-%m-%dT%H:%M:%S ===
NAME                           CPU %     MEM USAGE / LIMIT     MEM %     NET I/O           BLOCK I/O
otel-memory-otel-collector-1   40.37%    357.6MiB / 512MiB     69.84%    573MB / 14.6MB    7.31MB / 0B
otel-memory-prometheus-1       0.00%     17.61MiB / 3.819GiB   0.45%     218kB / 91.8kB    2.31MB / 98.3kB
otel-memory-grafana-1          0.38%     100.3MiB / 3.819GiB   2.56%     23.4MB / 132kB    1.37MB / 92.1MB
otel-memory-jaeger-1           0.02%     8.406MiB / 3.819GiB   0.21%     4.06kB / 1.5kB    0B / 0B
otel-memory-renderer-1         0.00%     4.215MiB / 512MiB     0.82%     6.22kB / 4.38kB   352kB / 0B

=== %Y-%m-%dT%H:%M:%S ===
NAME                           CPU %     MEM USAGE / LIMIT     MEM %     NET I/O           BLOCK I/O
otel-memory-otel-collector-1   0.15%     357.6MiB / 512MiB     69.84%    579MB / 14.7MB    7.31MB / 0B
otel-memory-prometheus-1       0.31%     17.61MiB / 3.819GiB   0.45%     221kB / 93kB      2.31MB / 98.3kB
otel-memory-grafana-1          0.64%     100.1MiB / 3.819GiB   2.56%     23.4MB / 132kB    1.37MB / 92.1MB
otel-memory-jaeger-1           0.03%     8.406MiB / 3.819GiB   0.21%     4.06kB / 1.5kB    0B / 0B
otel-memory-renderer-1         0.01%     4.219MiB / 512MiB     0.82%     6.31kB / 4.47kB   352kB / 0B

=== %Y-%m-%dT%H:%M:%S ===
NAME                           CPU %     MEM USAGE / LIMIT     MEM %     NET I/O           BLOCK I/O
otel-memory-otel-collector-1   39.40%    357.4MiB / 512MiB     69.81%    583MB / 14.9MB    7.31MB / 0B
otel-memory-prometheus-1       0.00%     17.62MiB / 3.819GiB   0.45%     224kB / 93.5kB    2.31MB / 98.3kB
otel-memory-grafana-1          1.39%     100MiB / 3.819GiB     2.56%     23.4MB / 132kB    1.37MB / 92.1MB
otel-memory-jaeger-1           0.01%     8.406MiB / 3.819GiB   0.21%     4.06kB / 1.5kB    0B / 0B
otel-memory-renderer-1         0.00%     4.219MiB / 512MiB     0.82%     6.31kB / 4.47kB   352kB / 0B

=== %Y-%m-%dT%H:%M:%S ===
NAME                           CPU %     MEM USAGE / LIMIT     MEM %     NET I/O          BLOCK I/O
otel-memory-otel-collector-1   44.25%    357.6MiB / 512MiB     69.85%    596MB / 15.2MB   7.31MB / 0B
otel-memory-prometheus-1       0.04%     17.61MiB / 3.819GiB   0.45%     227kB / 94.7kB   2.31MB / 98.3kB
otel-memory-grafana-1          0.42%     99.83MiB / 3.819GiB   2.55%     23.4MB / 132kB   1.37MB / 92.1MB
otel-memory-jaeger-1           0.02%     8.406MiB / 3.819GiB   0.21%     4.06kB / 1.5kB   0B / 0B
otel-memory-renderer-1         6.63%     4.355MiB / 512MiB     0.85%     6.44kB / 4.6kB   352kB / 0B

=== %Y-%m-%dT%H:%M:%S ===
NAME                           CPU %     MEM USAGE / LIMIT     MEM %     NET I/O          BLOCK I/O
otel-memory-otel-collector-1   1.30%     357.8MiB / 512MiB     69.88%    597MB / 15.2MB   7.31MB / 0B
otel-memory-prometheus-1       0.27%     17.38MiB / 3.819GiB   0.44%     230kB / 95.9kB   2.31MB / 98.3kB
otel-memory-grafana-1          1.00%     100.1MiB / 3.819GiB   2.56%     23.4MB / 132kB   1.37MB / 92.1MB
otel-memory-jaeger-1           0.09%     8.406MiB / 3.819GiB   0.21%     4.06kB / 1.5kB   0B / 0B
otel-memory-renderer-1         0.00%     4.227MiB / 512MiB     0.83%     6.44kB / 4.6kB   352kB / 0B

=== %Y-%m-%dT%H:%M:%S ===
NAME                           CPU %     MEM USAGE / LIMIT     MEM %     NET I/O          BLOCK I/O
otel-memory-otel-collector-1   1.50%     358.6MiB / 512MiB     70.04%    597MB / 15.2MB   7.31MB / 0B
otel-memory-prometheus-1       0.00%     17.62MiB / 3.819GiB   0.45%     231kB / 96.6kB   2.31MB / 98.3kB
otel-memory-grafana-1          0.68%     99.83MiB / 3.819GiB   2.55%     23.4MB / 132kB   1.37MB / 92.1MB
otel-memory-jaeger-1           0.04%     8.406MiB / 3.819GiB   0.21%     4.06kB / 1.5kB   0B / 0B
otel-memory-renderer-1         0.01%     4.223MiB / 512MiB     0.82%     6.44kB / 4.6kB   352kB / 0B

=== %Y-%m-%dT%H:%M:%S ===
NAME                           CPU %     MEM USAGE / LIMIT     MEM %     NET I/O          BLOCK I/O
otel-memory-otel-collector-1   45.19%    358.9MiB / 512MiB     70.10%    604MB / 15.4MB   7.31MB / 0B
otel-memory-prometheus-1       0.00%     17.87MiB / 3.819GiB   0.46%     234kB / 97.9kB   2.31MB / 98.3kB
otel-memory-grafana-1          0.57%     99.83MiB / 3.819GiB   2.55%     23.4MB / 132kB   1.37MB / 92.1MB
otel-memory-jaeger-1           0.02%     8.406MiB / 3.819GiB   0.21%     4.06kB / 1.5kB   0B / 0B
otel-memory-renderer-1         0.01%     4.355MiB / 512MiB     0.85%     6.44kB / 4.6kB   352kB / 0B

=== %Y-%m-%dT%H:%M:%S ===
NAME                           CPU %     MEM USAGE / LIMIT     MEM %     NET I/O           BLOCK I/O
otel-memory-otel-collector-1   113.17%   358.8MiB / 512MiB     70.08%    617MB / 15.7MB    7.31MB / 0B
otel-memory-prometheus-1       0.20%     17.86MiB / 3.819GiB   0.46%     237kB / 99.1kB    2.31MB / 106kB
otel-memory-grafana-1          0.33%     100MiB / 3.819GiB     2.56%     23.4MB / 132kB    1.37MB / 92.1MB
otel-memory-jaeger-1           0.02%     8.406MiB / 3.819GiB   0.21%     4.06kB / 1.5kB    0B / 0B
otel-memory-renderer-1         0.00%     4.238MiB / 512MiB     0.83%     6.57kB / 4.73kB   352kB / 0B

=== %Y-%m-%dT%H:%M:%S ===
NAME                           CPU %     MEM USAGE / LIMIT     MEM %     NET I/O           BLOCK I/O
otel-memory-otel-collector-1   75.12%    358.7MiB / 512MiB     70.06%    629MB / 16MB      7.31MB / 0B
otel-memory-prometheus-1       0.00%     17.36MiB / 3.819GiB   0.44%     240kB / 99.6kB    2.31MB / 106kB
otel-memory-grafana-1          0.57%     100.1MiB / 3.819GiB   2.56%     23.4MB / 132kB    1.37MB / 92.1MB
otel-memory-jaeger-1           0.03%     8.406MiB / 3.819GiB   0.21%     4.06kB / 1.5kB    0B / 0B
otel-memory-renderer-1         0.00%     4.254MiB / 512MiB     0.83%     6.62kB / 4.77kB   352kB / 0B

=== %Y-%m-%dT%H:%M:%S ===
NAME                           CPU %     MEM USAGE / LIMIT     MEM %     NET I/O           BLOCK I/O
otel-memory-otel-collector-1   2.63%     360.1MiB / 512MiB     70.33%    635MB / 16.2MB    7.31MB / 0B
otel-memory-prometheus-1       0.00%     21.86MiB / 3.819GiB   0.56%     243kB / 101kB     2.63MB / 106kB
otel-memory-grafana-1          1.06%     99.83MiB / 3.819GiB   2.55%     23.4MB / 132kB    1.37MB / 92.1MB
otel-memory-jaeger-1           0.02%     8.406MiB / 3.819GiB   0.21%     4.06kB / 1.5kB    0B / 0B
otel-memory-renderer-1         0.01%     4.25MiB / 512MiB      0.83%     6.62kB / 4.77kB   352kB / 0B

=== %Y-%m-%dT%H:%M:%S ===
NAME                           CPU %     MEM USAGE / LIMIT     MEM %     NET I/O           BLOCK I/O
otel-memory-otel-collector-1   2.17%     360.6MiB / 512MiB     70.44%    636MB / 16.2MB    7.31MB / 0B
otel-memory-prometheus-1       0.21%     21.69MiB / 3.819GiB   0.55%     246kB / 102kB     2.63MB / 106kB
otel-memory-grafana-1          0.45%     99.83MiB / 3.819GiB   2.55%     23.4MB / 132kB    1.37MB / 92.1MB
otel-memory-jaeger-1           0.06%     8.406MiB / 3.819GiB   0.21%     4.06kB / 1.5kB    0B / 0B
otel-memory-renderer-1         0.01%     4.25MiB / 512MiB      0.83%     6.75kB / 4.91kB   352kB / 0B

=== %Y-%m-%dT%H:%M:%S ===
NAME                           CPU %     MEM USAGE / LIMIT     MEM %     NET I/O           BLOCK I/O
otel-memory-otel-collector-1   22.79%    360.4MiB / 512MiB     70.39%    637MB / 16.3MB    7.31MB / 0B
otel-memory-prometheus-1       0.00%     21.69MiB / 3.819GiB   0.55%     247kB / 103kB     2.63MB / 106kB
otel-memory-grafana-1          1.17%     100.1MiB / 3.819GiB   2.56%     23.4MB / 132kB    1.37MB / 92.1MB
otel-memory-jaeger-1           0.07%     8.406MiB / 3.819GiB   0.21%     4.06kB / 1.5kB    0B / 0B
otel-memory-renderer-1         0.03%     4.254MiB / 512MiB     0.83%     6.75kB / 4.91kB   352kB / 0B

=== %Y-%m-%dT%H:%M:%S ===
NAME                           CPU %     MEM USAGE / LIMIT     MEM %     NET I/O           BLOCK I/O
otel-memory-otel-collector-1   39.16%    360.6MiB / 512MiB     70.43%    650MB / 16.6MB    7.31MB / 0B
otel-memory-prometheus-1       0.00%     21.94MiB / 3.819GiB   0.56%     250kB / 104kB     2.63MB / 106kB
otel-memory-grafana-1          0.59%     100MiB / 3.819GiB     2.56%     23.4MB / 132kB    1.37MB / 92.1MB
otel-memory-jaeger-1           0.02%     8.406MiB / 3.819GiB   0.21%     4.06kB / 1.5kB    0B / 0B
otel-memory-renderer-1         0.00%     4.25MiB / 512MiB      0.83%     6.75kB / 4.91kB   352kB / 0B

=== %Y-%m-%dT%H:%M:%S ===
NAME                           CPU %     MEM USAGE / LIMIT     MEM %     NET I/O           BLOCK I/O
otel-memory-otel-collector-1   44.47%    363MiB / 512MiB       70.90%    662MB / 16.9MB    7.31MB / 0B
otel-memory-prometheus-1       0.22%     22.17MiB / 3.819GiB   0.57%     253kB / 105kB     2.63MB / 106kB
otel-memory-grafana-1          0.53%     99.83MiB / 3.819GiB   2.55%     23.4MB / 132kB    1.37MB / 92.1MB
otel-memory-jaeger-1           0.02%     8.406MiB / 3.819GiB   0.21%     4.06kB / 1.5kB    0B / 0B
otel-memory-renderer-1         0.00%     4.27MiB / 512MiB      0.83%     6.75kB / 4.91kB   352kB / 0B

=== %Y-%m-%dT%H:%M:%S ===
NAME                           CPU %     MEM USAGE / LIMIT     MEM %     NET I/O           BLOCK I/O
otel-memory-otel-collector-1   1.32%     363.2MiB / 512MiB     70.94%    668MB / 17.1MB    7.31MB / 0B
otel-memory-prometheus-1       0.25%     22.18MiB / 3.819GiB   0.57%     256kB / 106kB     2.63MB / 106kB
otel-memory-grafana-1          0.53%     100.3MiB / 3.819GiB   2.56%     23.4MB / 133kB    1.37MB / 92.1MB
otel-memory-jaeger-1           0.03%     8.406MiB / 3.819GiB   0.21%     4.06kB / 1.5kB    0B / 0B
otel-memory-renderer-1         0.01%     4.27MiB / 512MiB      0.83%     6.88kB / 5.04kB   352kB / 0B

=== %Y-%m-%dT%H:%M:%S ===
NAME                           CPU %     MEM USAGE / LIMIT     MEM %     NET I/O           BLOCK I/O
otel-memory-otel-collector-1   53.34%    364.1MiB / 512MiB     71.11%    668MB / 17.1MB    7.31MB / 0B
otel-memory-prometheus-1       0.00%     21.68MiB / 3.819GiB   0.55%     259kB / 107kB     2.63MB / 115kB
otel-memory-grafana-1          0.52%     99.84MiB / 3.819GiB   2.55%     23.4MB / 133kB    1.37MB / 92.1MB
otel-memory-jaeger-1           0.04%     8.406MiB / 3.819GiB   0.21%     4.06kB / 1.5kB    0B / 0B
otel-memory-renderer-1         6.32%     4.441MiB / 512MiB     0.87%     6.96kB / 5.12kB   352kB / 0B

=== %Y-%m-%dT%H:%M:%S ===
NAME                           CPU %     MEM USAGE / LIMIT     MEM %     NET I/O           BLOCK I/O
otel-memory-otel-collector-1   25.45%    334.2MiB / 512MiB     65.27%    670MB / 17.2MB    7.31MB / 0B
otel-memory-prometheus-1       0.34%     22.18MiB / 3.819GiB   0.57%     262kB / 108kB     2.63MB / 115kB
otel-memory-grafana-1          0.48%     100.1MiB / 3.819GiB   2.56%     23.4MB / 133kB    1.37MB / 92.1MB
otel-memory-jaeger-1           0.02%     8.406MiB / 3.819GiB   0.21%     4.06kB / 1.5kB    0B / 0B
otel-memory-renderer-1         0.01%     4.441MiB / 512MiB     0.87%     6.96kB / 5.12kB   352kB / 0B

=== %Y-%m-%dT%H:%M:%S ===
NAME                           CPU %     MEM USAGE / LIMIT     MEM %     NET I/O           BLOCK I/O
otel-memory-otel-collector-1   48.29%    335.8MiB / 512MiB     65.59%    683MB / 17.5MB    7.31MB / 0B
otel-memory-prometheus-1       0.26%     21.68MiB / 3.819GiB   0.55%     265kB / 109kB     2.63MB / 119kB
otel-memory-grafana-1          0.55%     100.1MiB / 3.819GiB   2.56%     23.4MB / 133kB    1.37MB / 92.1MB
otel-memory-jaeger-1           0.06%     8.406MiB / 3.819GiB   0.21%     4.06kB / 1.5kB    0B / 0B
otel-memory-renderer-1         0.01%     4.281MiB / 512MiB     0.84%     6.96kB / 5.12kB   352kB / 0B

=== %Y-%m-%dT%H:%M:%S ===
NAME                           CPU %     MEM USAGE / LIMIT     MEM %     NET I/O           BLOCK I/O
otel-memory-otel-collector-1   59.44%    361.4MiB / 512MiB     70.58%    695MB / 17.8MB    7.31MB / 0B
otel-memory-prometheus-1       0.00%     21.68MiB / 3.819GiB   0.55%     266kB / 110kB     2.63MB / 119kB
otel-memory-grafana-1          0.52%     100.5MiB / 3.819GiB   2.57%     23.4MB / 133kB    1.84MB / 92.1MB
otel-memory-jaeger-1           0.03%     8.406MiB / 3.819GiB   0.21%     4.06kB / 1.5kB    0B / 0B
otel-memory-renderer-1         0.00%     4.301MiB / 512MiB     0.84%     7.09kB / 5.25kB   352kB / 0B

=== %Y-%m-%dT%H:%M:%S ===
NAME                           CPU %     MEM USAGE / LIMIT     MEM %     NET I/O           BLOCK I/O
otel-memory-otel-collector-1   34.98%    361.6MiB / 512MiB     70.62%    707MB / 18.1MB    7.31MB / 0B
otel-memory-prometheus-1       0.55%     21.93MiB / 3.819GiB   0.56%     269kB / 111kB     2.63MB / 119kB
otel-memory-grafana-1          0.62%     100.3MiB / 3.819GiB   2.56%     23.4MB / 133kB    1.84MB / 92.1MB
otel-memory-jaeger-1           0.03%     8.406MiB / 3.819GiB   0.21%     4.06kB / 1.5kB    0B / 0B
otel-memory-renderer-1         0.00%     4.301MiB / 512MiB     0.84%     7.09kB / 5.25kB   352kB / 0B

=== %Y-%m-%dT%H:%M:%S ===
NAME                           CPU %     MEM USAGE / LIMIT     MEM %     NET I/O           BLOCK I/O
otel-memory-otel-collector-1   1.85%     362.3MiB / 512MiB     70.76%    707MB / 18.1MB    7.31MB / 0B
otel-memory-prometheus-1       0.41%     21.93MiB / 3.819GiB   0.56%     272kB / 112kB     2.63MB / 119kB
otel-memory-grafana-1          0.74%     100.3MiB / 3.819GiB   2.56%     23.4MB / 133kB    1.84MB / 92.1MB
otel-memory-jaeger-1           0.06%     8.406MiB / 3.819GiB   0.21%     4.06kB / 1.5kB    0B / 0B
otel-memory-renderer-1         0.01%     4.301MiB / 512MiB     0.84%     7.09kB / 5.25kB   352kB / 0B

=== %Y-%m-%dT%H:%M:%S ===
NAME                           CPU %     MEM USAGE / LIMIT     MEM %     NET I/O           BLOCK I/O
otel-memory-otel-collector-1   1.85%     349.1MiB / 512MiB     68.18%    707MB / 18.1MB    7.31MB / 0B
otel-memory-prometheus-1       0.00%     21.69MiB / 3.819GiB   0.55%     275kB / 113kB     2.63MB / 119kB
otel-memory-grafana-1          1.32%     100.3MiB / 3.819GiB   2.56%     23.4MB / 133kB    1.84MB / 92.1MB
otel-memory-jaeger-1           0.03%     8.406MiB / 3.819GiB   0.21%     4.06kB / 1.5kB    0B / 0B
otel-memory-renderer-1         0.01%     4.301MiB / 512MiB     0.84%     7.23kB / 5.39kB   352kB / 0B

=== %Y-%m-%dT%H:%M:%S ===
NAME                           CPU %     MEM USAGE / LIMIT     MEM %     NET I/O           BLOCK I/O
otel-memory-otel-collector-1   45.94%    348.3MiB / 512MiB     68.03%    716MB / 18.4MB    7.31MB / 0B
otel-memory-prometheus-1       0.00%     22.18MiB / 3.819GiB   0.57%     278kB / 114kB     2.63MB / 119kB
otel-memory-grafana-1          0.37%     100.3MiB / 3.819GiB   2.56%     23.4MB / 133kB    1.84MB / 92.1MB
otel-memory-jaeger-1           0.01%     8.406MiB / 3.819GiB   0.21%     4.06kB / 1.5kB    0B / 0B
otel-memory-renderer-1         0.00%     4.301MiB / 512MiB     0.84%     7.23kB / 5.39kB   352kB / 0B

=== %Y-%m-%dT%H:%M:%S ===
NAME                           CPU %     MEM USAGE / LIMIT     MEM %     NET I/O           BLOCK I/O
otel-memory-otel-collector-1   133.32%   356.4MiB / 512MiB     69.60%    728MB / 18.7MB    7.31MB / 0B
otel-memory-prometheus-1       0.91%     22.17MiB / 3.819GiB   0.57%     281kB / 115kB     2.63MB / 127kB
otel-memory-grafana-1          0.41%     100.3MiB / 3.819GiB   2.56%     23.4MB / 133kB    1.84MB / 92.1MB
otel-memory-jaeger-1           0.08%     8.406MiB / 3.819GiB   0.21%     4.06kB / 1.5kB    0B / 0B
otel-memory-renderer-1         0.01%     4.312MiB / 512MiB     0.84%     7.27kB / 5.43kB   352kB / 0B

=== %Y-%m-%dT%H:%M:%S ===
NAME                           CPU %     MEM USAGE / LIMIT     MEM %     NET I/O           BLOCK I/O
otel-memory-otel-collector-1   32.05%    356.8MiB / 512MiB     69.68%    740MB / 18.9MB    7.31MB / 0B
otel-memory-prometheus-1       0.00%     21.7MiB / 3.819GiB    0.56%     281kB / 116kB     2.63MB / 127kB
otel-memory-grafana-1          0.47%     100.3MiB / 3.819GiB   2.56%     23.4MB / 133kB    1.84MB / 92.1MB
otel-memory-jaeger-1           0.02%     8.406MiB / 3.819GiB   0.21%     4.06kB / 1.5kB    0B / 0B
otel-memory-renderer-1         0.00%     4.309MiB / 512MiB     0.84%     7.27kB / 5.43kB   352kB / 0B

=== %Y-%m-%dT%H:%M:%S ===
NAME                           CPU %     MEM USAGE / LIMIT     MEM %     NET I/O          BLOCK I/O
otel-memory-otel-collector-1   0.93%     356.8MiB / 512MiB     69.68%    740MB / 19MB     7.31MB / 0B
otel-memory-prometheus-1       0.00%     22.18MiB / 3.819GiB   0.57%     285kB / 117kB    2.63MB / 127kB
otel-memory-grafana-1          0.66%     100.5MiB / 3.819GiB   2.57%     23.4MB / 133kB   1.84MB / 92.1MB
otel-memory-jaeger-1           0.03%     8.406MiB / 3.819GiB   0.21%     4.06kB / 1.5kB   0B / 0B
otel-memory-renderer-1         0.01%     4.359MiB / 512MiB     0.85%     7.4kB / 5.56kB   352kB / 0B

=== %Y-%m-%dT%H:%M:%S ===
NAME                           CPU %     MEM USAGE / LIMIT     MEM %     NET I/O          BLOCK I/O
otel-memory-otel-collector-1   46.40%    335.1MiB / 512MiB     65.45%    745MB / 19.1MB   7.31MB / 0B
otel-memory-prometheus-1       0.00%     22.39MiB / 3.819GiB   0.57%     287kB / 118kB    3.36MB / 127kB
otel-memory-grafana-1          0.58%     100.3MiB / 3.819GiB   2.56%     23.4MB / 133kB   1.84MB / 92.2MB
otel-memory-jaeger-1           0.03%     8.406MiB / 3.819GiB   0.21%     4.06kB / 1.5kB   0B / 0B
otel-memory-renderer-1         0.00%     4.316MiB / 512MiB     0.84%     7.4kB / 5.56kB   352kB / 0B

=== %Y-%m-%dT%H:%M:%S ===
NAME                           CPU %     MEM USAGE / LIMIT     MEM %     NET I/O          BLOCK I/O
otel-memory-otel-collector-1   45.19%    341.6MiB / 512MiB     66.72%    757MB / 19.4MB   7.31MB / 0B
otel-memory-prometheus-1       0.00%     22.4MiB / 3.819GiB    0.57%     290kB / 119kB    3.36MB / 127kB
otel-memory-grafana-1          7.48%     100.5MiB / 3.819GiB   2.57%     23.4MB / 133kB   1.84MB / 92.2MB
otel-memory-jaeger-1           0.02%     8.406MiB / 3.819GiB   0.21%     4.06kB / 1.5kB   0B / 0B
otel-memory-renderer-1         6.71%     4.691MiB / 512MiB     0.92%     7.4kB / 5.56kB   352kB / 0B

=== %Y-%m-%dT%H:%M:%S ===
NAME                           CPU %     MEM USAGE / LIMIT     MEM %     NET I/O          BLOCK I/O
otel-memory-otel-collector-1   16.42%    349.5MiB / 512MiB     68.27%    760MB / 19.5MB   7.31MB / 0B
otel-memory-prometheus-1       0.00%     22.9MiB / 3.819GiB    0.59%     294kB / 120kB    3.36MB / 127kB
otel-memory-grafana-1          1.17%     100.5MiB / 3.819GiB   2.57%     23.4MB / 133kB   1.84MB / 92.2MB
otel-memory-jaeger-1           0.03%     8.406MiB / 3.819GiB   0.21%     4.06kB / 1.5kB   0B / 0B
otel-memory-renderer-1         0.01%     4.609MiB / 512MiB     0.90%     7.4kB / 5.56kB   352kB / 0B

=== %Y-%m-%dT%H:%M:%S ===
NAME                           CPU %     MEM USAGE / LIMIT     MEM %     NET I/O           BLOCK I/O
otel-memory-otel-collector-1   51.02%    349.6MiB / 512MiB     68.29%    764MB / 19.6MB    7.31MB / 0B
otel-memory-prometheus-1       0.32%     22.65MiB / 3.819GiB   0.58%     297kB / 121kB     3.36MB / 127kB
otel-memory-grafana-1          0.43%     100.5MiB / 3.819GiB   2.57%     23.4MB / 133kB    1.84MB / 92.2MB
otel-memory-jaeger-1           0.02%     8.406MiB / 3.819GiB   0.21%     4.06kB / 1.5kB    0B / 0B
otel-memory-renderer-1         0.01%     4.316MiB / 512MiB     0.84%     7.53kB / 5.69kB   352kB / 0B

=== %Y-%m-%dT%H:%M:%S ===
NAME                           CPU %     MEM USAGE / LIMIT     MEM %     NET I/O           BLOCK I/O
otel-memory-otel-collector-1   46.20%    350.1MiB / 512MiB     68.38%    776MB / 19.9MB    7.61MB / 0B
otel-memory-prometheus-1       0.00%     22.65MiB / 3.819GiB   0.58%     297kB / 122kB     3.36MB / 127kB
otel-memory-grafana-1          0.41%     100.3MiB / 3.819GiB   2.56%     23.4MB / 133kB    1.84MB / 92.2MB
otel-memory-jaeger-1           0.13%     8.406MiB / 3.819GiB   0.21%     4.06kB / 1.5kB    0B / 0B
otel-memory-renderer-1         0.00%     4.32MiB / 512MiB      0.84%     7.62kB / 5.78kB   352kB / 0B

=== %Y-%m-%dT%H:%M:%S ===
NAME                           CPU %     MEM USAGE / LIMIT     MEM %     NET I/O           BLOCK I/O
otel-memory-otel-collector-1   104.12%   352.1MiB / 512MiB     68.78%    777MB / 20MB      7.61MB / 0B
otel-memory-prometheus-1       0.00%     22.4MiB / 3.819GiB    0.57%     300kB / 123kB     3.36MB / 135kB
otel-memory-grafana-1          0.95%     100.5MiB / 3.819GiB   2.57%     23.4MB / 133kB    1.84MB / 92.2MB
otel-memory-jaeger-1           0.03%     8.406MiB / 3.819GiB   0.21%     4.06kB / 1.5kB    0B / 0B
otel-memory-renderer-1         0.01%     4.316MiB / 512MiB     0.84%     7.62kB / 5.78kB   352kB / 0B

=== %Y-%m-%dT%H:%M:%S ===
NAME                           CPU %     MEM USAGE / LIMIT     MEM %     NET I/O           BLOCK I/O
otel-memory-otel-collector-1   40.64%    352.3MiB / 512MiB     68.81%    787MB / 20.2MB    7.61MB / 0B
otel-memory-prometheus-1       2.18%     22.43MiB / 3.819GiB   0.57%     304kB / 124kB     3.36MB / 135kB
otel-memory-grafana-1          0.55%     100.3MiB / 3.819GiB   2.56%     23.4MB / 133kB    1.84MB / 92.2MB
otel-memory-jaeger-1           0.02%     8.406MiB / 3.819GiB   0.21%     4.06kB / 1.5kB    0B / 0B
otel-memory-renderer-1         0.02%     4.473MiB / 512MiB     0.87%     7.82kB / 5.91kB   352kB / 0B

=== %Y-%m-%dT%H:%M:%S ===
NAME                           CPU %     MEM USAGE / LIMIT     MEM %     NET I/O           BLOCK I/O
otel-memory-otel-collector-1   1.33%     352.3MiB / 512MiB     68.81%    796MB / 20.4MB    7.61MB / 0B
otel-memory-prometheus-1       0.30%     22.68MiB / 3.819GiB   0.58%     307kB / 126kB     3.36MB / 135kB
otel-memory-grafana-1          0.47%     100.8MiB / 3.819GiB   2.58%     23.4MB / 133kB    1.84MB / 92.2MB
otel-memory-jaeger-1           0.02%     8.406MiB / 3.819GiB   0.21%     4.06kB / 1.5kB    0B / 0B
otel-memory-renderer-1         0.01%     4.348MiB / 512MiB     0.85%     7.82kB / 5.91kB   352kB / 0B

=== %Y-%m-%dT%H:%M:%S ===
NAME                           CPU %     MEM USAGE / LIMIT     MEM %     NET I/O           BLOCK I/O
otel-memory-otel-collector-1   1.07%     352.7MiB / 512MiB     68.89%    796MB / 20.5MB    7.61MB / 0B
otel-memory-prometheus-1       0.00%     22.68MiB / 3.819GiB   0.58%     309kB / 126kB     3.36MB / 135kB
otel-memory-grafana-1          0.52%     100.3MiB / 3.819GiB   2.56%     23.4MB / 133kB    1.84MB / 92.2MB
otel-memory-jaeger-1           0.03%     8.406MiB / 3.819GiB   0.21%     4.06kB / 1.5kB    0B / 0B
otel-memory-renderer-1         0.01%     4.348MiB / 512MiB     0.85%     7.82kB / 5.91kB   352kB / 0B

=== %Y-%m-%dT%H:%M:%S ===
NAME                           CPU %     MEM USAGE / LIMIT     MEM %     NET I/O           BLOCK I/O
otel-memory-otel-collector-1   43.73%    352.6MiB / 512MiB     68.86%    803MB / 20.7MB    7.61MB / 0B
otel-memory-prometheus-1       0.31%     22.69MiB / 3.819GiB   0.58%     313kB / 127kB     3.36MB / 135kB
otel-memory-grafana-1          0.47%     100.3MiB / 3.819GiB   2.56%     23.4MB / 133kB    1.84MB / 92.2MB
otel-memory-jaeger-1           0.02%     8.406MiB / 3.819GiB   0.21%     4.13kB / 1.5kB    0B / 0B
otel-memory-renderer-1         0.00%     4.477MiB / 512MiB     0.87%     7.82kB / 5.91kB   352kB / 0B

=== %Y-%m-%dT%H:%M:%S ===
NAME                           CPU %     MEM USAGE / LIMIT     MEM %     NET I/O           BLOCK I/O
otel-memory-otel-collector-1   131.54%   360.9MiB / 512MiB     70.48%    815MB / 21MB      7.61MB / 0B
otel-memory-prometheus-1       0.00%     22.45MiB / 3.819GiB   0.57%     313kB / 128kB     3.36MB / 135kB
otel-memory-grafana-1          0.58%     100.3MiB / 3.819GiB   2.56%     23.4MB / 134kB    1.84MB / 92.2MB
otel-memory-jaeger-1           0.05%     8.406MiB / 3.819GiB   0.21%     4.13kB / 1.5kB    0B / 0B
otel-memory-renderer-1         0.00%     4.355MiB / 512MiB     0.85%     7.95kB / 6.04kB   352kB / 0B

=== %Y-%m-%dT%H:%M:%S ===
NAME                           CPU %     MEM USAGE / LIMIT     MEM %     NET I/O           BLOCK I/O
otel-memory-otel-collector-1   44.77%    360.7MiB / 512MiB     70.45%    828MB / 21.3MB    7.61MB / 0B
otel-memory-prometheus-1       0.00%     22.45MiB / 3.819GiB   0.57%     316kB / 129kB     3.36MB / 135kB
otel-memory-grafana-1          0.61%     100.3MiB / 3.819GiB   2.56%     23.4MB / 134kB    1.84MB / 92.2MB
otel-memory-jaeger-1           0.02%     8.406MiB / 3.819GiB   0.21%     4.13kB / 1.5kB    0B / 0B
otel-memory-renderer-1         0.01%     4.52MiB / 512MiB      0.88%     7.99kB / 6.08kB   352kB / 0B

=== %Y-%m-%dT%H:%M:%S ===
NAME                           CPU %     MEM USAGE / LIMIT     MEM %     NET I/O           BLOCK I/O
otel-memory-otel-collector-1   1.81%     361.1MiB / 512MiB     70.52%    831MB / 21.4MB    7.61MB / 0B
otel-memory-prometheus-1       0.00%     22.7MiB / 3.819GiB    0.58%     319kB / 131kB     3.36MB / 143kB
otel-memory-grafana-1          0.77%     100.3MiB / 3.819GiB   2.56%     23.4MB / 134kB    1.84MB / 92.2MB
otel-memory-jaeger-1           0.03%     8.406MiB / 3.819GiB   0.21%     4.13kB / 1.5kB    0B / 0B
otel-memory-renderer-1         0.01%     4.363MiB / 512MiB     0.85%     7.99kB / 6.08kB   352kB / 0B

=== %Y-%m-%dT%H:%M:%S ===
NAME                           CPU %     MEM USAGE / LIMIT     MEM %     NET I/O           BLOCK I/O
otel-memory-otel-collector-1   12.20%    361MiB / 512MiB       70.50%    831MB / 21.4MB    7.61MB / 0B
otel-memory-prometheus-1       0.00%     22.7MiB / 3.819GiB    0.58%     322kB / 131kB     3.36MB / 143kB
otel-memory-grafana-1          0.78%     100.3MiB / 3.819GiB   2.56%     23.4MB / 134kB    1.84MB / 92.2MB
otel-memory-jaeger-1           0.02%     8.406MiB / 3.819GiB   0.21%     4.13kB / 1.5kB    0B / 0B
otel-memory-renderer-1         0.01%     4.758MiB / 512MiB     0.93%     8.12kB / 6.21kB   352kB / 0B

=== %Y-%m-%dT%H:%M:%S ===
NAME                           CPU %     MEM USAGE / LIMIT     MEM %     NET I/O           BLOCK I/O
otel-memory-otel-collector-1   55.69%    360.8MiB / 512MiB     70.48%    844MB / 21.7MB    7.61MB / 0B
otel-memory-prometheus-1       0.00%     22.7MiB / 3.819GiB    0.58%     325kB / 132kB     3.36MB / 143kB
otel-memory-grafana-1          1.35%     100.7MiB / 3.819GiB   2.58%     23.4MB / 134kB    1.84MB / 92.2MB
otel-memory-jaeger-1           0.03%     8.406MiB / 3.819GiB   0.21%     4.13kB / 1.5kB    0B / 0B
otel-memory-renderer-1         0.00%     4.371MiB / 512MiB     0.85%     8.12kB / 6.21kB   352kB / 0B

=== %Y-%m-%dT%H:%M:%S ===
NAME                           CPU %     MEM USAGE / LIMIT     MEM %     NET I/O           BLOCK I/O
otel-memory-otel-collector-1   0.18%     360.8MiB / 512MiB     70.46%    847MB / 21.8MB    7.61MB / 0B
otel-memory-prometheus-1       0.00%     22.45MiB / 3.819GiB   0.57%     328kB / 134kB     3.36MB / 143kB
otel-memory-grafana-1          0.54%     100.5MiB / 3.819GiB   2.57%     23.4MB / 134kB    1.84MB / 92.2MB
otel-memory-jaeger-1           0.04%     8.406MiB / 3.819GiB   0.21%     4.13kB / 1.5kB    0B / 0B
otel-memory-renderer-1         0.01%     4.371MiB / 512MiB     0.85%     8.12kB / 6.21kB   352kB / 0B

=== %Y-%m-%dT%H:%M:%S ===
NAME                           CPU %     MEM USAGE / LIMIT     MEM %     NET I/O           BLOCK I/O
otel-memory-otel-collector-1   1.94%     361.2MiB / 512MiB     70.55%    847MB / 21.9MB    7.61MB / 0B
otel-memory-prometheus-1       0.00%     22.68MiB / 3.819GiB   0.58%     329kB / 134kB     3.36MB / 143kB
otel-memory-grafana-1          0.68%     100.5MiB / 3.819GiB   2.57%     23.4MB / 134kB    1.84MB / 92.2MB
otel-memory-jaeger-1           0.09%     8.406MiB / 3.819GiB   0.21%     4.13kB / 1.5kB    0B / 0B
otel-memory-renderer-1         0.01%     4.387MiB / 512MiB     0.86%     8.12kB / 6.21kB   352kB / 0B

=== %Y-%m-%dT%H:%M:%S ===
NAME                           CPU %     MEM USAGE / LIMIT     MEM %     NET I/O           BLOCK I/O
otel-memory-otel-collector-1   49.78%    361.2MiB / 512MiB     70.55%    852MB / 22MB      7.61MB / 0B
otel-memory-prometheus-1       0.00%     22.68MiB / 3.819GiB   0.58%     332kB / 135kB     3.36MB / 143kB
otel-memory-grafana-1          0.52%     100.3MiB / 3.819GiB   2.56%     23.4MB / 134kB    1.84MB / 92.2MB
otel-memory-jaeger-1           0.04%     8.406MiB / 3.819GiB   0.21%     4.13kB / 1.5kB    0B / 0B
otel-memory-renderer-1         0.02%     4.387MiB / 512MiB     0.86%     8.26kB / 6.35kB   352kB / 0B

=== %Y-%m-%dT%H:%M:%S ===
NAME                           CPU %     MEM USAGE / LIMIT     MEM %     NET I/O           BLOCK I/O
otel-memory-otel-collector-1   42.38%    361.2MiB / 512MiB     70.55%    864MB / 22.3MB    7.61MB / 0B
otel-memory-prometheus-1       0.23%     22.67MiB / 3.819GiB   0.58%     335kB / 137kB     3.36MB / 143kB
otel-memory-grafana-1          0.43%     100.3MiB / 3.819GiB   2.56%     23.4MB / 134kB    1.84MB / 92.2MB
otel-memory-jaeger-1           0.03%     8.406MiB / 3.819GiB   0.21%     4.13kB / 1.5kB    0B / 0B
otel-memory-renderer-1         0.00%     4.395MiB / 512MiB     0.86%     8.34kB / 6.43kB   352kB / 0B

=== %Y-%m-%dT%H:%M:%S ===
NAME                           CPU %     MEM USAGE / LIMIT     MEM %     NET I/O           BLOCK I/O
otel-memory-otel-collector-1   43.56%    356.1MiB / 512MiB     69.55%    876MB / 22.6MB    7.61MB / 0B
otel-memory-prometheus-1       0.00%     22.69MiB / 3.819GiB   0.58%     338kB / 137kB     3.36MB / 143kB
otel-memory-grafana-1          0.54%     100.5MiB / 3.819GiB   2.57%     23.4MB / 134kB    1.84MB / 92.2MB
otel-memory-jaeger-1           0.02%     8.406MiB / 3.819GiB   0.21%     4.13kB / 1.5kB    0B / 0B
otel-memory-renderer-1         0.01%     4.391MiB / 512MiB     0.86%     8.34kB / 6.43kB   352kB / 0B

=== %Y-%m-%dT%H:%M:%S ===
NAME                           CPU %     MEM USAGE / LIMIT     MEM %     NET I/O           BLOCK I/O
otel-memory-otel-collector-1   86.25%    357.2MiB / 512MiB     69.76%    889MB / 22.9MB    7.61MB / 0B
otel-memory-prometheus-1       0.22%     22.93MiB / 3.819GiB   0.59%     342kB / 139kB     3.36MB / 156kB
otel-memory-grafana-1          0.41%     100.3MiB / 3.819GiB   2.56%     23.4MB / 134kB    1.84MB / 92.2MB
otel-memory-jaeger-1           0.02%     8.406MiB / 3.819GiB   0.21%     4.13kB / 1.5kB    0B / 0B
otel-memory-renderer-1         0.00%     4.391MiB / 512MiB     0.86%     8.34kB / 6.43kB   352kB / 0B

=== %Y-%m-%dT%H:%M:%S ===
NAME                           CPU %     MEM USAGE / LIMIT     MEM %     NET I/O           BLOCK I/O
otel-memory-otel-collector-1   26.54%    357.5MiB / 512MiB     69.83%    891MB / 23MB      7.61MB / 0B
otel-memory-prometheus-1       0.00%     22.7MiB / 3.819GiB    0.58%     344kB / 140kB     3.36MB / 156kB
otel-memory-grafana-1          1.48%     100.8MiB / 3.819GiB   2.58%     23.4MB / 134kB    1.84MB / 92.2MB
otel-memory-jaeger-1           0.03%     8.406MiB / 3.819GiB   0.21%     4.13kB / 1.5kB    0B / 0B
otel-memory-renderer-1         0.01%     4.402MiB / 512MiB     0.86%     8.47kB / 6.56kB   352kB / 0B

=== %Y-%m-%dT%H:%M:%S ===
NAME                           CPU %     MEM USAGE / LIMIT     MEM %     NET I/O           BLOCK I/O
otel-memory-otel-collector-1   41.61%    359.4MiB / 512MiB     70.20%    900MB / 23.2MB    7.61MB / 0B
otel-memory-prometheus-1       0.19%     22.7MiB / 3.819GiB    0.58%     347kB / 141kB     3.36MB / 156kB
otel-memory-grafana-1          0.55%     100.8MiB / 3.819GiB   2.58%     23.4MB / 134kB    1.84MB / 92.2MB
otel-memory-jaeger-1           0.02%     8.406MiB / 3.819GiB   0.21%     4.13kB / 1.5kB    0B / 0B
otel-memory-renderer-1         0.01%     4.398MiB / 512MiB     0.86%     8.47kB / 6.56kB   352kB / 0B

=== %Y-%m-%dT%H:%M:%S ===
NAME                           CPU %     MEM USAGE / LIMIT     MEM %     NET I/O           BLOCK I/O
otel-memory-otel-collector-1   44.67%    359.5MiB / 512MiB     70.22%    916MB / 23.6MB    7.61MB / 0B
otel-memory-prometheus-1       0.18%     22.7MiB / 3.819GiB    0.58%     350kB / 142kB     3.36MB / 156kB
otel-memory-grafana-1          0.67%     100.3MiB / 3.819GiB   2.56%     23.4MB / 134kB    1.84MB / 92.2MB
otel-memory-jaeger-1           0.08%     8.406MiB / 3.819GiB   0.21%     4.13kB / 1.5kB    0B / 0B
otel-memory-renderer-1         0.00%     4.621MiB / 512MiB     0.90%     8.47kB / 6.56kB   352kB / 0B

=== %Y-%m-%dT%H:%M:%S ===
NAME                           CPU %     MEM USAGE / LIMIT     MEM %     NET I/O           BLOCK I/O
otel-memory-otel-collector-1   2.04%     359.9MiB / 512MiB     70.30%    920MB / 23.7MB    7.61MB / 0B
otel-memory-prometheus-1       0.00%     22.69MiB / 3.819GiB   0.58%     351kB / 143kB     3.36MB / 156kB
otel-memory-grafana-1          0.83%     100.3MiB / 3.819GiB   2.56%     23.4MB / 134kB    1.84MB / 92.2MB
otel-memory-jaeger-1           0.03%     8.406MiB / 3.819GiB   0.21%     4.13kB / 1.5kB    0B / 0B
otel-memory-renderer-1         0.01%     4.621MiB / 512MiB     0.90%     8.47kB / 6.56kB   352kB / 0B

=== %Y-%m-%dT%H:%M:%S ===
NAME                           CPU %     MEM USAGE / LIMIT     MEM %     NET I/O           BLOCK I/O
otel-memory-otel-collector-1   18.62%    360.1MiB / 512MiB     70.33%    921MB / 23.8MB    7.61MB / 0B
otel-memory-prometheus-1       0.00%     22.46MiB / 3.819GiB   0.57%     354kB / 144kB     3.36MB / 156kB
otel-memory-grafana-1          0.49%     100.3MiB / 3.819GiB   2.56%     23.4MB / 134kB    1.84MB / 92.2MB
otel-memory-jaeger-1           0.02%     8.406MiB / 3.819GiB   0.21%     4.13kB / 1.5kB    0B / 0B
otel-memory-renderer-1         5.99%     4.656MiB / 512MiB     0.91%     8.61kB / 6.69kB   352kB / 0B

=== %Y-%m-%dT%H:%M:%S ===
NAME                           CPU %     MEM USAGE / LIMIT     MEM %     NET I/O           BLOCK I/O
otel-memory-otel-collector-1   1.45%     360.3MiB / 512MiB     70.37%    930MB / 24MB      7.61MB / 0B
otel-memory-prometheus-1       0.29%     22.71MiB / 3.819GiB   0.58%     357kB / 145kB     3.36MB / 156kB
otel-memory-grafana-1          0.54%     100.3MiB / 3.819GiB   2.56%     23.4MB / 134kB    1.84MB / 92.2MB
otel-memory-jaeger-1           0.03%     8.406MiB / 3.819GiB   0.21%     4.13kB / 1.5kB    0B / 0B
otel-memory-renderer-1         0.01%     4.426MiB / 512MiB     0.86%     8.65kB / 6.74kB   352kB / 0B

=== %Y-%m-%dT%H:%M:%S ===
NAME                           CPU %     MEM USAGE / LIMIT     MEM %     NET I/O           BLOCK I/O
otel-memory-otel-collector-1   1.70%     360.4MiB / 512MiB     70.40%    930MB / 24MB      7.61MB / 0B
otel-memory-prometheus-1       0.00%     22.7MiB / 3.819GiB    0.58%     360kB / 146kB     3.36MB / 156kB
otel-memory-grafana-1          0.59%     100.6MiB / 3.819GiB   2.57%     23.4MB / 134kB    1.84MB / 92.2MB
otel-memory-jaeger-1           0.04%     8.406MiB / 3.819GiB   0.21%     4.13kB / 1.5kB    0B / 0B
otel-memory-renderer-1         0.00%     4.426MiB / 512MiB     0.86%     8.65kB / 6.74kB   352kB / 0B

=== %Y-%m-%dT%H:%M:%S ===
NAME                           CPU %     MEM USAGE / LIMIT     MEM %     NET I/O           BLOCK I/O
otel-memory-otel-collector-1   0.66%     337.8MiB / 512MiB     65.97%    930MB / 24.1MB    7.61MB / 0B
otel-memory-prometheus-1       0.39%     22.71MiB / 3.819GiB   0.58%     363kB / 147kB     3.36MB / 164kB
otel-memory-grafana-1          11.10%    100.6MiB / 3.819GiB   2.57%     23.4MB / 137kB    1.89MB / 92.3MB
otel-memory-jaeger-1           0.03%     8.406MiB / 3.819GiB   0.21%     4.13kB / 1.5kB    0B / 0B
otel-memory-renderer-1         0.01%     4.492MiB / 512MiB     0.88%     8.78kB / 6.87kB   352kB / 0B

=== %Y-%m-%dT%H:%M:%S ===
NAME                           CPU %     MEM USAGE / LIMIT     MEM %     NET I/O           BLOCK I/O
otel-memory-otel-collector-1   39.39%    338MiB / 512MiB       66.01%    939MB / 24.3MB    7.61MB / 0B
otel-memory-prometheus-1       0.25%     22.46MiB / 3.819GiB   0.57%     366kB / 148kB     3.36MB / 164kB
otel-memory-grafana-1          0.43%     100.2MiB / 3.819GiB   2.56%     23.4MB / 137kB    1.89MB / 92.3MB
otel-memory-jaeger-1           0.06%     8.406MiB / 3.819GiB   0.21%     4.13kB / 1.5kB    0B / 0B
otel-memory-renderer-1         0.00%     4.488MiB / 512MiB     0.88%     8.78kB / 6.87kB   352kB / 0B

=== %Y-%m-%dT%H:%M:%S ===
NAME                           CPU %     MEM USAGE / LIMIT     MEM %     NET I/O           BLOCK I/O
otel-memory-otel-collector-1   179.47%   358.7MiB / 512MiB     70.06%    954MB / 24.6MB    7.61MB / 0B
otel-memory-prometheus-1       0.00%     22.96MiB / 3.819GiB   0.59%     367kB / 149kB     3.36MB / 164kB
otel-memory-grafana-1          0.39%     100.2MiB / 3.819GiB   2.56%     23.4MB / 137kB    1.89MB / 92.3MB
otel-memory-jaeger-1           0.02%     8.406MiB / 3.819GiB   0.21%     4.13kB / 1.5kB    0B / 0B
otel-memory-renderer-1         0.90%     4.547MiB / 512MiB     0.89%     8.78kB / 6.87kB   352kB / 0B

=== %Y-%m-%dT%H:%M:%S ===
NAME                           CPU %     MEM USAGE / LIMIT     MEM %     NET I/O           BLOCK I/O
otel-memory-otel-collector-1   49.54%    333.8MiB / 512MiB     65.19%    967MB / 24.9MB    7.61MB / 0B
otel-memory-prometheus-1       0.00%     22.72MiB / 3.819GiB   0.58%     370kB / 150kB     3.36MB / 164kB
otel-memory-grafana-1          0.68%     100.5MiB / 3.819GiB   2.57%     23.4MB / 137kB    1.89MB / 92.3MB
otel-memory-jaeger-1           0.03%     8.406MiB / 3.819GiB   0.21%     4.13kB / 1.5kB    0B / 0B
otel-memory-renderer-1         0.00%     4.434MiB / 512MiB     0.87%     8.78kB / 6.87kB   352kB / 0B

=== %Y-%m-%dT%H:%M:%S ===
NAME                           CPU %     MEM USAGE / LIMIT     MEM %     NET I/O          BLOCK I/O
otel-memory-otel-collector-1   5.02%     356.2MiB / 512MiB     69.58%    975MB / 25.2MB   7.61MB / 0B
otel-memory-prometheus-1       0.26%     22.96MiB / 3.819GiB   0.59%     373kB / 151kB    3.36MB / 164kB
otel-memory-grafana-1          0.47%     100.3MiB / 3.819GiB   2.56%     23.4MB / 137kB   1.89MB / 92.3MB
otel-memory-jaeger-1           0.04%     8.406MiB / 3.819GiB   0.21%     4.13kB / 1.5kB   0B / 0B
otel-memory-renderer-1         0.00%     4.43MiB / 512MiB      0.87%     8.91kB / 7kB     352kB / 0B

=== %Y-%m-%dT%H:%M:%S ===
NAME                           CPU %     MEM USAGE / LIMIT     MEM %     NET I/O           BLOCK I/O
otel-memory-otel-collector-1   1.72%     356.5MiB / 512MiB     69.64%    975MB / 25.2MB    7.61MB / 0B
otel-memory-prometheus-1       0.00%     22.73MiB / 3.819GiB   0.58%     376kB / 152kB     3.36MB / 164kB
otel-memory-grafana-1          1.30%     100.5MiB / 3.819GiB   2.57%     23.4MB / 137kB    1.89MB / 92.3MB
otel-memory-jaeger-1           0.04%     8.406MiB / 3.819GiB   0.21%     4.13kB / 1.5kB    0B / 0B
otel-memory-renderer-1         0.00%     4.562MiB / 512MiB     0.89%     8.99kB / 7.08kB   352kB / 0B

=== %Y-%m-%dT%H:%M:%S ===
NAME                           CPU %     MEM USAGE / LIMIT     MEM %     NET I/O           BLOCK I/O
otel-memory-otel-collector-1   42.56%    357MiB / 512MiB       69.73%    990MB / 25.6MB    7.61MB / 0B
otel-memory-prometheus-1       0.28%     22.73MiB / 3.819GiB   0.58%     379kB / 153kB     3.36MB / 164kB
otel-memory-grafana-1          0.55%     100.5MiB / 3.819GiB   2.57%     23.4MB / 137kB    1.89MB / 92.3MB
otel-memory-jaeger-1           0.01%     8.406MiB / 3.819GiB   0.21%     4.13kB / 1.5kB    0B / 0B
otel-memory-renderer-1         0.01%     4.438MiB / 512MiB     0.87%     8.99kB / 7.08kB   352kB / 0B

=== %Y-%m-%dT%H:%M:%S ===
NAME                           CPU %     MEM USAGE / LIMIT     MEM %     NET I/O           BLOCK I/O
otel-memory-otel-collector-1   44.86%    359.8MiB / 512MiB     70.27%    1GB / 25.9MB      7.61MB / 0B
otel-memory-prometheus-1       1.44%     22.73MiB / 3.819GiB   0.58%     382kB / 154kB     3.36MB / 164kB
otel-memory-grafana-1          0.89%     100.8MiB / 3.819GiB   2.58%     23.4MB / 137kB    1.89MB / 92.3MB
otel-memory-jaeger-1           0.07%     8.406MiB / 3.819GiB   0.21%     4.13kB / 1.5kB    0B / 0B
otel-memory-renderer-1         0.00%     4.566MiB / 512MiB     0.89%     8.99kB / 7.08kB   352kB / 0B

=== %Y-%m-%dT%H:%M:%S ===
NAME                           CPU %     MEM USAGE / LIMIT     MEM %     NET I/O           BLOCK I/O
otel-memory-otel-collector-1   1.43%     359.4MiB / 512MiB     70.19%    1.01GB / 25.9MB   7.61MB / 0B
otel-memory-prometheus-1       0.00%     22.49MiB / 3.819GiB   0.58%     382kB / 155kB     3.36MB / 172kB
otel-memory-grafana-1          0.55%     100.3MiB / 3.819GiB   2.56%     23.4MB / 137kB    1.89MB / 92.3MB
otel-memory-jaeger-1           0.03%     8.406MiB / 3.819GiB   0.21%     4.13kB / 1.5kB    0B / 0B
otel-memory-renderer-1         0.00%     4.441MiB / 512MiB     0.87%     9.13kB / 7.22kB   352kB / 0B

=== %Y-%m-%dT%H:%M:%S ===
NAME                           CPU %     MEM USAGE / LIMIT     MEM %     NET I/O           BLOCK I/O
otel-memory-otel-collector-1   73.90%    360.5MiB / 512MiB     70.40%    1.01GB / 26MB     7.61MB / 0B
otel-memory-prometheus-1       0.00%     22.49MiB / 3.819GiB   0.58%     386kB / 156kB     3.36MB / 172kB
otel-memory-grafana-1          0.53%     100.3MiB / 3.819GiB   2.56%     23.4MB / 137kB    1.89MB / 92.3MB
otel-memory-jaeger-1           0.02%     8.406MiB / 3.819GiB   0.21%     4.13kB / 1.5kB    0B / 0B
otel-memory-renderer-1         5.81%     4.879MiB / 512MiB     0.95%     9.13kB / 7.22kB   352kB / 0B

=== %Y-%m-%dT%H:%M:%S ===
NAME                           CPU %     MEM USAGE / LIMIT     MEM %     NET I/O           BLOCK I/O
otel-memory-otel-collector-1   27.46%    360.5MiB / 512MiB     70.42%    1.02GB / 26.3MB   7.61MB / 0B
otel-memory-prometheus-1       0.00%     22.49MiB / 3.819GiB   0.58%     388kB / 157kB     3.36MB / 172kB
otel-memory-grafana-1          0.45%     100.5MiB / 3.819GiB   2.57%     23.4MB / 137kB    1.89MB / 92.3MB
otel-memory-jaeger-1           0.04%     8.406MiB / 3.819GiB   0.21%     4.13kB / 1.5kB    0B / 0B
otel-memory-renderer-1         0.00%     4.453MiB / 512MiB     0.87%     9.13kB / 7.22kB   352kB / 0B

=== %Y-%m-%dT%H:%M:%S ===
NAME                           CPU %     MEM USAGE / LIMIT     MEM %     NET I/O           BLOCK I/O
otel-memory-otel-collector-1   1.50%     360.8MiB / 512MiB     70.47%    1.02GB / 26.3MB   7.61MB / 0B
otel-memory-prometheus-1       0.00%     22.48MiB / 3.819GiB   0.57%     391kB / 158kB     3.36MB / 172kB
otel-memory-grafana-1          0.54%     100.7MiB / 3.819GiB   2.58%     23.4MB / 137kB    1.89MB / 92.3MB
otel-memory-jaeger-1           0.03%     8.406MiB / 3.819GiB   0.21%     4.13kB / 1.5kB    0B / 0B
otel-memory-renderer-1         0.01%     4.449MiB / 512MiB     0.87%     9.26kB / 7.35kB   352kB / 0B

=== %Y-%m-%dT%H:%M:%S ===
NAME                           CPU %     MEM USAGE / LIMIT     MEM %     NET I/O           BLOCK I/O
otel-memory-otel-collector-1   0.23%     323.9MiB / 512MiB     63.26%    1.02GB / 26.4MB   7.61MB / 0B
otel-memory-prometheus-1       0.00%     22.48MiB / 3.819GiB   0.57%     395kB / 159kB     3.36MB / 172kB
otel-memory-grafana-1          1.09%     100.5MiB / 3.819GiB   2.57%     23.4MB / 137kB    1.89MB / 92.3MB
otel-memory-jaeger-1           0.04%     8.406MiB / 3.819GiB   0.21%     4.13kB / 1.5kB    0B / 0B
otel-memory-renderer-1         0.01%     4.473MiB / 512MiB     0.87%     9.3kB / 7.39kB    352kB / 0B

=== %Y-%m-%dT%H:%M:%S ===
NAME                           CPU %     MEM USAGE / LIMIT     MEM %     NET I/O           BLOCK I/O
otel-memory-otel-collector-1   3.20%     325.9MiB / 512MiB     63.66%    1.02GB / 26.4MB   7.61MB / 0B
otel-memory-prometheus-1       0.26%     22.48MiB / 3.819GiB   0.57%     398kB / 160kB     3.36MB / 172kB
otel-memory-grafana-1          0.42%     100.7MiB / 3.819GiB   2.58%     23.4MB / 137kB    1.89MB / 92.3MB
otel-memory-jaeger-1           0.09%     8.406MiB / 3.819GiB   0.21%     4.13kB / 1.5kB    0B / 0B
otel-memory-renderer-1         0.01%     4.461MiB / 512MiB     0.87%     9.3kB / 7.39kB    352kB / 0B

=== %Y-%m-%dT%H:%M:%S ===
NAME                           CPU %     MEM USAGE / LIMIT     MEM %     NET I/O           BLOCK I/O
otel-memory-otel-collector-1   1.53%     326.5MiB / 512MiB     63.78%    1.02GB / 26.4MB   7.61MB / 0B
otel-memory-prometheus-1       0.00%     22.71MiB / 3.819GiB   0.58%     398kB / 161kB     3.36MB / 172kB
otel-memory-grafana-1          1.13%     100.7MiB / 3.819GiB   2.58%     23.4MB / 137kB    1.89MB / 92.3MB
otel-memory-jaeger-1           0.08%     8.406MiB / 3.819GiB   0.21%     4.13kB / 1.5kB    0B / 0B
otel-memory-renderer-1         0.01%     4.469MiB / 512MiB     0.87%     9.3kB / 7.39kB    352kB / 0B

=== %Y-%m-%dT%H:%M:%S ===
NAME                           CPU %     MEM USAGE / LIMIT     MEM %     NET I/O           BLOCK I/O
otel-memory-otel-collector-1   0.23%     328.3MiB / 512MiB     64.11%    1.02GB / 26.5MB   7.61MB / 0B
otel-memory-prometheus-1       0.00%     22.71MiB / 3.819GiB   0.58%     402kB / 162kB     3.36MB / 180kB
otel-memory-grafana-1          0.72%     100.7MiB / 3.819GiB   2.58%     23.4MB / 138kB    1.89MB / 92.3MB
otel-memory-jaeger-1           0.03%     8.406MiB / 3.819GiB   0.21%     4.13kB / 1.5kB    0B / 0B
otel-memory-renderer-1         0.01%     4.469MiB / 512MiB     0.87%     9.43kB / 7.52kB   352kB / 0B

=== %Y-%m-%dT%H:%M:%S ===
NAME                           CPU %     MEM USAGE / LIMIT     MEM %     NET I/O           BLOCK I/O
otel-memory-otel-collector-1   0.27%     329.1MiB / 512MiB     64.28%    1.02GB / 26.5MB   7.61MB / 0B
otel-memory-prometheus-1       0.25%     22.48MiB / 3.819GiB   0.57%     405kB / 163kB     3.36MB / 180kB
otel-memory-grafana-1          0.50%     100.3MiB / 3.819GiB   2.56%     23.4MB / 138kB    1.89MB / 92.3MB
otel-memory-jaeger-1           0.03%     8.406MiB / 3.819GiB   0.21%     4.13kB / 1.5kB    0B / 0B
otel-memory-renderer-1         5.65%     4.863MiB / 512MiB     0.95%     9.43kB / 7.52kB   352kB / 0B

=== %Y-%m-%dT%H:%M:%S ===
NAME                           CPU %     MEM USAGE / LIMIT     MEM %     NET I/O           BLOCK I/O
otel-memory-otel-collector-1   1.36%     329.5MiB / 512MiB     64.36%    1.02GB / 26.5MB   7.61MB / 0B
otel-memory-prometheus-1       0.00%     22.73MiB / 3.819GiB   0.58%     407kB / 164kB     3.36MB / 180kB
otel-memory-grafana-1          1.09%     100.5MiB / 3.819GiB   2.57%     23.4MB / 138kB    1.89MB / 92.3MB
otel-memory-jaeger-1           0.02%     8.406MiB / 3.819GiB   0.21%     4.13kB / 1.5kB    0B / 0B
otel-memory-renderer-1         0.01%     4.629MiB / 512MiB     0.90%     9.43kB / 7.52kB   352kB / 0B

=== %Y-%m-%dT%H:%M:%S ===
NAME                           CPU %     MEM USAGE / LIMIT     MEM %     NET I/O           BLOCK I/O
otel-memory-otel-collector-1   1.67%     330.4MiB / 512MiB     64.54%    1.02GB / 26.6MB   7.61MB / 0B
otel-memory-prometheus-1       0.00%     22.5MiB / 3.819GiB    0.58%     410kB / 165kB     3.36MB / 180kB
otel-memory-grafana-1          0.73%     100.3MiB / 3.819GiB   2.56%     23.4MB / 138kB    1.89MB / 92.3MB
otel-memory-jaeger-1           0.06%     8.656MiB / 3.819GiB   0.22%     4.13kB / 1.5kB    0B / 0B
otel-memory-renderer-1         0.01%     4.473MiB / 512MiB     0.87%     9.43kB / 7.52kB   352kB / 0B

=== %Y-%m-%dT%H:%M:%S ===
NAME                           CPU %     MEM USAGE / LIMIT     MEM %     NET I/O           BLOCK I/O
otel-memory-otel-collector-1   0.54%     330.4MiB / 512MiB     64.54%    1.02GB / 26.6MB   7.61MB / 0B
otel-memory-prometheus-1       0.00%     22.48MiB / 3.819GiB   0.57%     411kB / 166kB     3.36MB / 180kB
otel-memory-grafana-1          0.64%     100.3MiB / 3.819GiB   2.56%     23.4MB / 138kB    1.89MB / 92.3MB
otel-memory-jaeger-1           0.10%     8.406MiB / 3.819GiB   0.21%     4.13kB / 1.5kB    0B / 0B
otel-memory-renderer-1         0.01%     4.707MiB / 512MiB     0.92%     9.56kB / 7.65kB   352kB / 0B

=== %Y-%m-%dT%H:%M:%S ===
NAME                           CPU %     MEM USAGE / LIMIT     MEM %     NET I/O           BLOCK I/O
otel-memory-otel-collector-1   0.10%     330.9MiB / 512MiB     64.64%    1.02GB / 26.6MB   7.61MB / 0B
otel-memory-prometheus-1       0.00%     22.98MiB / 3.819GiB   0.59%     414kB / 167kB     3.36MB / 180kB
otel-memory-grafana-1          0.63%     100.5MiB / 3.819GiB   2.57%     23.4MB / 138kB    1.89MB / 92.3MB
otel-memory-jaeger-1           0.09%     8.406MiB / 3.819GiB   0.21%     4.13kB / 1.5kB    0B / 0B
otel-memory-renderer-1         0.01%     4.492MiB / 512MiB     0.88%     9.65kB / 7.74kB   352kB / 0B

=== %Y-%m-%dT%H:%M:%S ===
NAME                           CPU %     MEM USAGE / LIMIT     MEM %     NET I/O           BLOCK I/O
otel-memory-otel-collector-1   0.13%     331.9MiB / 512MiB     64.82%    1.02GB / 26.7MB   7.61MB / 0B
otel-memory-prometheus-1       0.00%     22.73MiB / 3.819GiB   0.58%     417kB / 168kB     3.36MB / 180kB
otel-memory-grafana-1          0.59%     100.3MiB / 3.819GiB   2.56%     23.4MB / 138kB    1.89MB / 92.3MB
otel-memory-jaeger-1           0.03%     8.406MiB / 3.819GiB   0.21%     4.13kB / 1.5kB    0B / 0B
otel-memory-renderer-1         5.91%     4.668MiB / 512MiB     0.91%     9.65kB / 7.74kB   352kB / 0B

=== %Y-%m-%dT%H:%M:%S ===
NAME                           CPU %     MEM USAGE / LIMIT     MEM %     NET I/O           BLOCK I/O
otel-memory-otel-collector-1   0.27%     332.6MiB / 512MiB     64.97%    1.02GB / 26.7MB   7.61MB / 0B
otel-memory-prometheus-1       0.25%     22.73MiB / 3.819GiB   0.58%     420kB / 170kB     3.36MB / 180kB
otel-memory-grafana-1          0.61%     100.5MiB / 3.819GiB   2.57%     23.4MB / 138kB    1.89MB / 92.4MB
otel-memory-jaeger-1           0.02%     8.406MiB / 3.819GiB   0.21%     4.13kB / 1.5kB    0B / 0B
otel-memory-renderer-1         0.00%     4.5MiB / 512MiB       0.88%     9.78kB / 7.87kB   352kB / 0B

=== %Y-%m-%dT%H:%M:%S ===
NAME                           CPU %     MEM USAGE / LIMIT     MEM %     NET I/O           BLOCK I/O
otel-memory-otel-collector-1   0.38%     333.7MiB / 512MiB     65.17%    1.02GB / 26.7MB   7.61MB / 0B
otel-memory-prometheus-1       0.00%     22.48MiB / 3.819GiB   0.57%     423kB / 170kB     3.36MB / 188kB
otel-memory-grafana-1          0.53%     100.3MiB / 3.819GiB   2.56%     23.4MB / 138kB    1.89MB / 92.4MB
otel-memory-jaeger-1           0.03%     8.406MiB / 3.819GiB   0.21%     4.13kB / 1.5kB    0B / 0B
otel-memory-renderer-1         0.01%     4.496MiB / 512MiB     0.88%     9.78kB / 7.87kB   352kB / 0B

=== %Y-%m-%dT%H:%M:%S ===
NAME                           CPU %     MEM USAGE / LIMIT     MEM %     NET I/O           BLOCK I/O
otel-memory-otel-collector-1   1.57%     334.4MiB / 512MiB     65.32%    1.02GB / 26.8MB   7.61MB / 0B
otel-memory-prometheus-1       0.00%     22.49MiB / 3.819GiB   0.58%     426kB / 171kB     3.36MB / 188kB
otel-memory-grafana-1          1.17%     100.8MiB / 3.819GiB   2.58%     23.4MB / 138kB    1.89MB / 92.4MB
otel-memory-jaeger-1           0.03%     8.406MiB / 3.819GiB   0.21%     4.13kB / 1.5kB    0B / 0B
otel-memory-renderer-1         0.01%     4.68MiB / 512MiB      0.91%     9.78kB / 7.87kB   352kB / 0B

=== %Y-%m-%dT%H:%M:%S ===
NAME                           CPU %     MEM USAGE / LIMIT     MEM %     NET I/O           BLOCK I/O
otel-memory-otel-collector-1   0.76%     334.2MiB / 512MiB     65.28%    1.02GB / 26.8MB   7.61MB / 0B
otel-memory-prometheus-1       0.30%     22.73MiB / 3.819GiB   0.58%     429kB / 172kB     3.36MB / 188kB
otel-memory-grafana-1          0.83%     100.7MiB / 3.819GiB   2.58%     23.4MB / 138kB    1.89MB / 92.4MB
otel-memory-jaeger-1           0.03%     8.406MiB / 3.819GiB   0.21%     4.13kB / 1.5kB    0B / 0B
otel-memory-renderer-1         0.01%     4.68MiB / 512MiB      0.91%     9.78kB / 7.87kB   352kB / 0B

=== %Y-%m-%dT%H:%M:%S ===
NAME                           CPU %     MEM USAGE / LIMIT     MEM %     NET I/O           BLOCK I/O
otel-memory-otel-collector-1   0.14%     335MiB / 512MiB       65.44%    1.02GB / 26.8MB   7.61MB / 0B
otel-memory-prometheus-1       0.03%     22.49MiB / 3.819GiB   0.58%     430kB / 173kB     3.36MB / 188kB
otel-memory-grafana-1          0.60%     100.3MiB / 3.819GiB   2.56%     23.4MB / 138kB    1.89MB / 92.4MB
otel-memory-jaeger-1           0.10%     8.406MiB / 3.819GiB   0.21%     4.13kB / 1.5kB    0B / 0B
otel-memory-renderer-1         5.91%     4.703MiB / 512MiB     0.92%     9.91kB / 8kB      352kB / 0B

=== %Y-%m-%dT%H:%M:%S ===
NAME                           CPU %     MEM USAGE / LIMIT     MEM %     NET I/O           BLOCK I/O
otel-memory-otel-collector-1   0.12%     335.8MiB / 512MiB     65.58%    1.02GB / 26.9MB   7.61MB / 0B
otel-memory-prometheus-1       0.00%     22.73MiB / 3.819GiB   0.58%     433kB / 174kB     3.36MB / 188kB
otel-memory-grafana-1          0.67%     100.7MiB / 3.819GiB   2.58%     23.4MB / 138kB    1.89MB / 92.4MB
otel-memory-jaeger-1           0.03%     8.406MiB / 3.819GiB   0.21%     4.13kB / 1.5kB    0B / 0B
otel-memory-renderer-1         0.01%     4.52MiB / 512MiB      0.88%     9.96kB / 8.04kB   352kB / 0B

=== %Y-%m-%dT%H:%M:%S ===
NAME                           CPU %     MEM USAGE / LIMIT     MEM %     NET I/O           BLOCK I/O
otel-memory-otel-collector-1   0.17%     336.6MiB / 512MiB     65.74%    1.02GB / 26.9MB   7.61MB / 0B
otel-memory-prometheus-1       0.28%     22.73MiB / 3.819GiB   0.58%     436kB / 176kB     3.36MB / 188kB
otel-memory-grafana-1          0.55%     100.7MiB / 3.819GiB   2.58%     23.4MB / 138kB    1.89MB / 92.4MB
otel-memory-jaeger-1           0.02%     8.406MiB / 3.819GiB   0.21%     4.13kB / 1.5kB    0B / 0B
otel-memory-renderer-1         0.01%     4.52MiB / 512MiB      0.88%     9.96kB / 8.04kB   352kB / 0B

=== %Y-%m-%dT%H:%M:%S ===
NAME                           CPU %     MEM USAGE / LIMIT     MEM %     NET I/O           BLOCK I/O
otel-memory-otel-collector-1   1.91%     337.6MiB / 512MiB     65.94%    1.02GB / 27MB     7.61MB / 0B
otel-memory-prometheus-1       0.32%     22.99MiB / 3.819GiB   0.59%     439kB / 177kB     3.36MB / 188kB
otel-memory-grafana-1          0.61%     100.3MiB / 3.819GiB   2.56%     23.4MB / 139kB    1.89MB / 92.4MB
otel-memory-jaeger-1           0.03%     8.406MiB / 3.819GiB   0.21%     4.13kB / 1.5kB    0B / 0B
otel-memory-renderer-1         0.01%     4.621MiB / 512MiB     0.90%     10.1kB / 8.18kB   352kB / 0B

=== %Y-%m-%dT%H:%M:%S ===
NAME                           CPU %     MEM USAGE / LIMIT     MEM %     NET I/O           BLOCK I/O
otel-memory-otel-collector-1   1.56%     338.3MiB / 512MiB     66.08%    1.02GB / 27MB     7.61MB / 0B
otel-memory-prometheus-1       0.00%     22.49MiB / 3.819GiB   0.58%     442kB / 177kB     3.36MB / 188kB
otel-memory-grafana-1          0.53%     100.3MiB / 3.819GiB   2.56%     23.4MB / 139kB    1.89MB / 92.4MB
otel-memory-jaeger-1           0.03%     8.406MiB / 3.819GiB   0.21%     4.13kB / 1.5kB    0B / 0B
otel-memory-renderer-1         0.00%     4.52MiB / 512MiB      0.88%     10.1kB / 8.18kB   352kB / 0B

=== %Y-%m-%dT%H:%M:%S ===
NAME                           CPU %     MEM USAGE / LIMIT     MEM %     NET I/O           BLOCK I/O
otel-memory-otel-collector-1   0.71%     338.4MiB / 512MiB     66.09%    1.02GB / 27MB     7.61MB / 0B
otel-memory-prometheus-1       0.34%     22.74MiB / 3.819GiB   0.58%     445kB / 178kB     3.36MB / 197kB
otel-memory-grafana-1          0.57%     100.3MiB / 3.819GiB   2.56%     23.4MB / 139kB    1.89MB / 92.4MB
otel-memory-jaeger-1           0.03%     8.406MiB / 3.819GiB   0.21%     4.13kB / 1.5kB    0B / 0B
otel-memory-renderer-1         0.01%     4.699MiB / 512MiB     0.92%     10.1kB / 8.18kB   352kB / 0B

=== %Y-%m-%dT%H:%M:%S ===
NAME                           CPU %     MEM USAGE / LIMIT     MEM %     NET I/O           BLOCK I/O
otel-memory-otel-collector-1   0.61%     339.1MiB / 512MiB     66.24%    1.02GB / 27MB     7.61MB / 0B
otel-memory-prometheus-1       0.25%     22.98MiB / 3.819GiB   0.59%     448kB / 180kB     3.36MB / 197kB
otel-memory-grafana-1          0.70%     100.3MiB / 3.819GiB   2.56%     23.4MB / 139kB    1.89MB / 92.4MB
otel-memory-jaeger-1           0.07%     8.406MiB / 3.819GiB   0.21%     4.13kB / 1.5kB    0B / 0B
otel-memory-renderer-1         0.01%     4.523MiB / 512MiB     0.88%     10.1kB / 8.18kB   352kB / 0B

=== %Y-%m-%dT%H:%M:%S ===
NAME                           CPU %     MEM USAGE / LIMIT     MEM %     NET I/O           BLOCK I/O
otel-memory-otel-collector-1   0.16%     339.7MiB / 512MiB     66.35%    1.02GB / 27.1MB   7.61MB / 0B
otel-memory-prometheus-1       0.28%     22.73MiB / 3.819GiB   0.58%     449kB / 180kB     3.36MB / 197kB
otel-memory-grafana-1          0.58%     100.5MiB / 3.819GiB   2.57%     23.4MB / 139kB    1.89MB / 92.4MB
otel-memory-jaeger-1           0.02%     8.406MiB / 3.819GiB   0.21%     4.13kB / 1.5kB    0B / 0B
otel-memory-renderer-1         6.26%     4.844MiB / 512MiB     0.95%     10.2kB / 8.31kB   352kB / 0B

=== %Y-%m-%dT%H:%M:%S ===
NAME                           CPU %     MEM USAGE / LIMIT     MEM %     NET I/O           BLOCK I/O
otel-memory-otel-collector-1   1.86%     340.7MiB / 512MiB     66.55%    1.02GB / 27.1MB   7.61MB / 0B
otel-memory-prometheus-1       0.00%     22.99MiB / 3.819GiB   0.59%     452kB / 182kB     3.36MB / 197kB
otel-memory-grafana-1          0.60%     100.5MiB / 3.819GiB   2.57%     23.4MB / 139kB    1.89MB / 92.4MB
otel-memory-jaeger-1           0.03%     8.406MiB / 3.819GiB   0.21%     4.13kB / 1.5kB    0B / 0B
otel-memory-renderer-1         0.01%     4.523MiB / 512MiB     0.88%     10.3kB / 8.39kB   352kB / 0B

=== %Y-%m-%dT%H:%M:%S ===
NAME                           CPU %     MEM USAGE / LIMIT     MEM %     NET I/O           BLOCK I/O
otel-memory-otel-collector-1   2.45%     341.3MiB / 512MiB     66.66%    1.02GB / 27.2MB   7.61MB / 0B
otel-memory-prometheus-1       0.33%     22.51MiB / 3.819GiB   0.58%     455kB / 183kB     3.36MB / 197kB
otel-memory-grafana-1          0.48%     100.3MiB / 3.819GiB   2.56%     23.4MB / 139kB    1.89MB / 92.4MB
otel-memory-jaeger-1           0.02%     8.406MiB / 3.819GiB   0.21%     4.13kB / 1.5kB    0B / 0B
otel-memory-renderer-1         0.00%     4.52MiB / 512MiB      0.88%     10.3kB / 8.39kB   352kB / 0B

=== %Y-%m-%dT%H:%M:%S ===
NAME                       CPU %     MEM USAGE / LIMIT     MEM %     NET I/O           BLOCK I/O
otel-memory-prometheus-1   0.00%     22.49MiB / 3.819GiB   0.58%     458kB / 183kB     3.36MB / 205kB
otel-memory-grafana-1      1.21%     100.3MiB / 3.819GiB   2.56%     23.4MB / 139kB    1.89MB / 92.4MB
otel-memory-jaeger-1       0.02%     8.406MiB / 3.819GiB   0.21%     4.13kB / 1.5kB    0B / 0B
otel-memory-renderer-1     0.01%     4.535MiB / 512MiB     0.89%     10.3kB / 8.39kB   352kB / 0B

=== %Y-%m-%dT%H:%M:%S ===
NAME                           CPU %     MEM USAGE / LIMIT     MEM %     NET I/O           BLOCK I/O
otel-memory-otel-collector-1   0.37%     37.43MiB / 512MiB     7.31%     2.03kB / 2.5kB    9.56MB / 0B
otel-memory-prometheus-1       0.00%     23.96MiB / 3.819GiB   0.61%     472kB / 197kB     3.78MB / 205kB
otel-memory-grafana-1          0.74%     100.3MiB / 3.819GiB   2.56%     23.4MB / 139kB    1.89MB / 92.4MB
otel-memory-jaeger-1           0.02%     9.477MiB / 3.819GiB   0.24%     5.41kB / 2.34kB   0B / 0B
otel-memory-renderer-1         0.00%     4.535MiB / 512MiB     0.89%     10.7kB / 8.52kB   352kB / 0B

