=== %Y-%m-%dT%H:%M:%S ===
NAME                           CPU %     MEM USAGE / LIMIT     MEM %     NET I/O           BLOCK I/O
otel-memory-prometheus-1       0.33%     15.42MiB / 3.819GiB   0.39%     2.52kB / 806B     496kB / 0B
otel-memory-grafana-1          76.79%    61.98MiB / 3.819GiB   1.58%     1.09kB / 126B     590kB / 26.6MB
otel-memory-jaeger-1           0.03%     10.13MiB / 3.819GiB   0.26%     2.44kB / 1.07kB   0B / 0B
otel-memory-otel-collector-1   1.46%     33.47MiB / 512MiB     6.54%     4.47kB / 35.7kB   4.1MB / 0B
otel-memory-renderer-1         0.00%     3.402MiB / 512MiB     0.66%     1.24kB / 126B     0B / 0B

=== %Y-%m-%dT%H:%M:%S ===
NAME                           CPU %     MEM USAGE / LIMIT     MEM %     NET I/O           BLOCK I/O
otel-memory-prometheus-1       0.00%     15.27MiB / 3.819GiB   0.39%     3.16kB / 1.51kB   496kB / 0B
otel-memory-grafana-1          1.95%     87.71MiB / 3.819GiB   2.24%     434kB / 19.6kB    590kB / 29.6MB
otel-memory-jaeger-1           0.02%     10.13MiB / 3.819GiB   0.26%     2.52kB / 1.07kB   0B / 0B
otel-memory-otel-collector-1   0.28%     33.71MiB / 512MiB     6.58%     5.26kB / 36.2kB   4.1MB / 0B
otel-memory-renderer-1         0.00%     3.613MiB / 512MiB     0.71%     1.78kB / 502B     0B / 0B

=== %Y-%m-%dT%H:%M:%S ===
NAME                           CPU %     MEM USAGE / LIMIT     MEM %     NET I/O           BLOCK I/O
otel-memory-prometheus-1       0.00%     15.84MiB / 3.819GiB   0.41%     4.91kB / 2.71kB   496kB / 0B
otel-memory-grafana-1          9.22%     93.73MiB / 3.819GiB   2.40%     11.7MB / 80kB     590kB / 29.6MB
otel-memory-jaeger-1           0.02%     10.13MiB / 3.819GiB   0.26%     2.72kB / 1.2kB    0B / 0B
otel-memory-otel-collector-1   0.37%     35.11MiB / 512MiB     6.86%     7.29kB / 49.4kB   4.1MB / 0B
otel-memory-renderer-1         0.01%     3.496MiB / 512MiB     0.68%     1.9kB / 544B      0B / 0B

=== %Y-%m-%dT%H:%M:%S ===
NAME                           CPU %     MEM USAGE / LIMIT     MEM %     NET I/O           BLOCK I/O
otel-memory-prometheus-1       0.05%     15.43MiB / 3.819GiB   0.39%     6.6kB / 3.91kB    496kB / 4.1kB
otel-memory-grafana-1          1.22%     99.4MiB / 3.819GiB    2.54%     23.4MB / 132kB    590kB / 92MB
otel-memory-jaeger-1           0.02%     10.13MiB / 3.819GiB   0.26%     2.72kB / 1.2kB    0B / 0B
otel-memory-otel-collector-1   0.35%     36.07MiB / 512MiB     7.04%     9.12kB / 63.4kB   4.1MB / 0B
otel-memory-renderer-1         0.00%     3.496MiB / 512MiB     0.68%     1.9kB / 544B      0B / 0B

=== %Y-%m-%dT%H:%M:%S ===
NAME                           CPU %     MEM USAGE / LIMIT     MEM %     NET I/O           BLOCK I/O
otel-memory-otel-collector-1   1.15%     30.23MiB / 512MiB     5.91%     1.87kB / 13.5kB   1.84MB / 0B
otel-memory-prometheus-1       0.29%     15.96MiB / 3.819GiB   0.41%     8.64kB / 5.36kB   496kB / 4.1kB
otel-memory-grafana-1          0.42%     99.4MiB / 3.819GiB    2.54%     23.4MB / 132kB    590kB / 92MB
otel-memory-jaeger-1           0.07%     10.16MiB / 3.819GiB   0.26%     3.41kB / 1.4kB    0B / 0B
otel-memory-renderer-1         0.00%     3.512MiB / 512MiB     0.69%     2.24kB / 676B     0B / 0B

=== %Y-%m-%dT%H:%M:%S ===
NAME                           CPU %     MEM USAGE / LIMIT     MEM %     NET I/O           BLOCK I/O
otel-memory-otel-collector-1   36.56%    88.86MiB / 512MiB     17.36%    14.8MB / 356kB    2.74MB / 0B
otel-memory-prometheus-1       0.00%     16.23MiB / 3.819GiB   0.42%     10.6kB / 5.86kB   496kB / 4.1kB
otel-memory-grafana-1          0.50%     99.37MiB / 3.819GiB   2.54%     23.4MB / 132kB    590kB / 92MB
otel-memory-jaeger-1           0.02%     10.16MiB / 3.819GiB   0.26%     3.48kB / 1.4kB    0B / 0B
otel-memory-renderer-1         0.00%     3.512MiB / 512MiB     0.69%     2.24kB / 676B     0B / 0B

=== %Y-%m-%dT%H:%M:%S ===
NAME                           CPU %     MEM USAGE / LIMIT     MEM %     NET I/O           BLOCK I/O
otel-memory-otel-collector-1   53.47%    148.2MiB / 512MiB     28.96%    27.4MB / 633kB    2.74MB / 0B
otel-memory-prometheus-1       0.29%     16.39MiB / 3.819GiB   0.42%     13.4kB / 7.06kB   496kB / 4.1kB
otel-memory-grafana-1          0.33%     99.68MiB / 3.819GiB   2.55%     23.4MB / 132kB    590kB / 92MB
otel-memory-jaeger-1           0.02%     10.16MiB / 3.819GiB   0.26%     3.48kB / 1.4kB    0B / 0B
otel-memory-renderer-1         0.00%     3.688MiB / 512MiB     0.72%     2.31kB / 676B     4.1kB / 0B

=== %Y-%m-%dT%H:%M:%S ===
NAME                           CPU %     MEM USAGE / LIMIT     MEM %     NET I/O          BLOCK I/O
otel-memory-otel-collector-1   37.35%    162MiB / 512MiB       31.64%    39.9MB / 925kB   2.74MB / 0B
otel-memory-prometheus-1       0.00%     16.04MiB / 3.819GiB   0.41%     14kB / 7.77kB    496kB / 4.1kB
otel-memory-grafana-1          0.43%     99.68MiB / 3.819GiB   2.55%     23.4MB / 132kB   590kB / 92MB
otel-memory-jaeger-1           0.02%     10.16MiB / 3.819GiB   0.26%     3.48kB / 1.4kB   0B / 0B
otel-memory-renderer-1         0.00%     3.512MiB / 512MiB     0.69%     2.31kB / 676B    4.1kB / 0B

=== %Y-%m-%dT%H:%M:%S ===
NAME                           CPU %     MEM USAGE / LIMIT     MEM %     NET I/O           BLOCK I/O
otel-memory-otel-collector-1   33.23%    160.2MiB / 512MiB     31.30%    52.4MB / 1.22MB   2.74MB / 0B
otel-memory-prometheus-1       0.06%     16.12MiB / 3.819GiB   0.41%     16.8kB / 8.97kB   496kB / 4.1kB
otel-memory-grafana-1          0.29%     100.4MiB / 3.819GiB   2.57%     23.4MB / 133kB    590kB / 92.1MB
otel-memory-jaeger-1           0.02%     10.16MiB / 3.819GiB   0.26%     3.48kB / 1.4kB    0B / 0B
otel-memory-renderer-1         1.74%     4.055MiB / 512MiB     0.79%     2.44kB / 808B     238kB / 0B

=== %Y-%m-%dT%H:%M:%S ===
NAME                           CPU %     MEM USAGE / LIMIT     MEM %     NET I/O           BLOCK I/O
otel-memory-otel-collector-1   32.20%    161.9MiB / 512MiB     31.62%    65.1MB / 1.52MB   2.74MB / 0B
otel-memory-prometheus-1       0.03%     16.14MiB / 3.819GiB   0.41%     19.7kB / 10.2kB   496kB / 4.1kB
otel-memory-grafana-1          0.41%     100.4MiB / 3.819GiB   2.57%     23.4MB / 133kB    590kB / 92.1MB
otel-memory-jaeger-1           0.02%     10.16MiB / 3.819GiB   0.26%     3.48kB / 1.4kB    0B / 0B
otel-memory-renderer-1         0.00%     3.746MiB / 512MiB     0.73%     2.44kB / 808B     238kB / 0B

=== %Y-%m-%dT%H:%M:%S ===
NAME                           CPU %     MEM USAGE / LIMIT     MEM %     NET I/O           BLOCK I/O
otel-memory-otel-collector-1   36.04%    162.5MiB / 512MiB     31.74%    74.6MB / 1.76MB   2.74MB / 0B
otel-memory-prometheus-1       0.34%     16.64MiB / 3.819GiB   0.43%     22.6kB / 11.4kB   496kB / 4.1kB
otel-memory-grafana-1          0.43%     100.4MiB / 3.819GiB   2.57%     23.4MB / 133kB    590kB / 92.1MB
otel-memory-jaeger-1           0.07%     10.16MiB / 3.819GiB   0.26%     3.48kB / 1.4kB    0B / 0B
otel-memory-renderer-1         0.01%     3.746MiB / 512MiB     0.73%     2.44kB / 808B     238kB / 0B

=== %Y-%m-%dT%H:%M:%S ===
NAME                           CPU %     MEM USAGE / LIMIT     MEM %     NET I/O           BLOCK I/O
otel-memory-otel-collector-1   33.66%    170.3MiB / 512MiB     33.26%    87.2MB / 2.03MB   2.74MB / 0B
otel-memory-prometheus-1       0.00%     16.17MiB / 3.819GiB   0.41%     24.9kB / 11.9kB   496kB / 12.3kB
otel-memory-grafana-1          0.39%     100.7MiB / 3.819GiB   2.58%     23.4MB / 133kB    590kB / 92.1MB
otel-memory-jaeger-1           0.04%     10.16MiB / 3.819GiB   0.26%     3.48kB / 1.4kB    0B / 0B
otel-memory-renderer-1         0.00%     3.781MiB / 512MiB     0.74%     2.44kB / 808B     238kB / 0B

=== %Y-%m-%dT%H:%M:%S ===
NAME                           CPU %     MEM USAGE / LIMIT     MEM %     NET I/O           BLOCK I/O
otel-memory-otel-collector-1   55.81%    171.7MiB / 512MiB     33.54%    103MB / 2.4MB     2.74MB / 0B
otel-memory-prometheus-1       0.17%     16.45MiB / 3.819GiB   0.42%     27.9kB / 13.1kB   496kB / 12.3kB
otel-memory-grafana-1          0.44%     100.7MiB / 3.819GiB   2.58%     23.4MB / 133kB    590kB / 92.1MB
otel-memory-jaeger-1           0.03%     10.16MiB / 3.819GiB   0.26%     3.48kB / 1.4kB    0B / 0B
otel-memory-renderer-1         0.00%     3.781MiB / 512MiB     0.74%     2.57kB / 940B     238kB / 0B

=== %Y-%m-%dT%H:%M:%S ===
NAME                           CPU %     MEM USAGE / LIMIT     MEM %     NET I/O           BLOCK I/O
otel-memory-otel-collector-1   58.15%    172.1MiB / 512MiB     33.60%    116MB / 2.7MB     2.74MB / 0B
otel-memory-prometheus-1       0.00%     16.25MiB / 3.819GiB   0.42%     28.4kB / 13.8kB   496kB / 12.3kB
otel-memory-grafana-1          0.37%     101.4MiB / 3.819GiB   2.59%     23.4MB / 133kB    590kB / 92.1MB
otel-memory-jaeger-1           0.01%     10.16MiB / 3.819GiB   0.26%     3.55kB / 1.4kB    0B / 0B
otel-memory-renderer-1         5.46%     3.859MiB / 512MiB     0.75%     2.65kB / 1.02kB   238kB / 0B

=== %Y-%m-%dT%H:%M:%S ===
NAME                           CPU %     MEM USAGE / LIMIT     MEM %     NET I/O           BLOCK I/O
otel-memory-otel-collector-1   39.12%    184.1MiB / 512MiB     35.96%    128MB / 3MB       2.74MB / 0B
otel-memory-prometheus-1       0.00%     16.29MiB / 3.819GiB   0.42%     31.3kB / 15kB     496kB / 12.3kB
otel-memory-grafana-1          0.42%     101.3MiB / 3.819GiB   2.59%     23.4MB / 133kB    590kB / 92.1MB
otel-memory-jaeger-1           0.01%     10.16MiB / 3.819GiB   0.26%     3.55kB / 1.4kB    0B / 0B
otel-memory-renderer-1         0.00%     3.777MiB / 512MiB     0.74%     2.73kB / 1.02kB   238kB / 0B

=== %Y-%m-%dT%H:%M:%S ===
NAME                           CPU %     MEM USAGE / LIMIT     MEM %     NET I/O           BLOCK I/O
otel-memory-otel-collector-1   33.71%    186.4MiB / 512MiB     36.41%    141MB / 3.3MB     2.74MB / 0B
otel-memory-prometheus-1       0.29%     16.8MiB / 3.819GiB    0.43%     34.2kB / 16.2kB   496kB / 12.3kB
otel-memory-grafana-1          0.97%     102.2MiB / 3.819GiB   2.61%     23.4MB / 134kB    590kB / 92.1MB
otel-memory-jaeger-1           0.02%     10.16MiB / 3.819GiB   0.26%     3.55kB / 1.4kB    0B / 0B
otel-memory-renderer-1         4.44%     5.637MiB / 512MiB     1.10%     2.86kB / 1.16kB   238kB / 0B

=== %Y-%m-%dT%H:%M:%S ===
NAME                           CPU %     MEM USAGE / LIMIT     MEM %     NET I/O           BLOCK I/O
otel-memory-otel-collector-1   33.15%    193.4MiB / 512MiB     37.78%    153MB / 3.6MB     2.74MB / 0B
otel-memory-prometheus-1       0.32%     16.57MiB / 3.819GiB   0.42%     37.1kB / 17.4kB   496kB / 12.3kB
otel-memory-grafana-1          0.47%     102MiB / 3.819GiB     2.61%     23.4MB / 134kB    590kB / 92.1MB
otel-memory-jaeger-1           0.06%     10.16MiB / 3.819GiB   0.26%     3.55kB / 1.4kB    0B / 0B
otel-memory-renderer-1         0.00%     3.809MiB / 512MiB     0.74%     2.86kB / 1.16kB   238kB / 0B

=== %Y-%m-%dT%H:%M:%S ===
NAME                           CPU %     MEM USAGE / LIMIT     MEM %     NET I/O           BLOCK I/O
otel-memory-otel-collector-1   37.44%    194.4MiB / 512MiB     37.97%    166MB / 3.9MB     2.74MB / 0B
otel-memory-prometheus-1       0.21%     16.58MiB / 3.819GiB   0.42%     39.4kB / 17.9kB   496kB / 12.3kB
otel-memory-grafana-1          0.43%     102.3MiB / 3.819GiB   2.62%     23.4MB / 134kB    590kB / 92.1MB
otel-memory-jaeger-1           0.03%     10.16MiB / 3.819GiB   0.26%     3.55kB / 1.4kB    0B / 0B
otel-memory-renderer-1         0.00%     3.805MiB / 512MiB     0.74%     2.86kB / 1.16kB   238kB / 0B

=== %Y-%m-%dT%H:%M:%S ===
NAME                           CPU %     MEM USAGE / LIMIT     MEM %     NET I/O           BLOCK I/O
otel-memory-otel-collector-1   47.88%    206.4MiB / 512MiB     40.30%    178MB / 4.18MB    2.74MB / 0B
otel-memory-prometheus-1       0.30%     16.64MiB / 3.819GiB   0.43%     42.5kB / 19.1kB   496kB / 12.3kB
otel-memory-grafana-1          0.39%     102.8MiB / 3.819GiB   2.63%     23.4MB / 134kB    590kB / 92.1MB
otel-memory-jaeger-1           0.02%     10.16MiB / 3.819GiB   0.26%     3.55kB / 1.4kB    0B / 0B
otel-memory-renderer-1         0.00%     3.812MiB / 512MiB     0.74%     2.86kB / 1.16kB   238kB / 0B

=== %Y-%m-%dT%H:%M:%S ===
NAME                           CPU %     MEM USAGE / LIMIT     MEM %     NET I/O           BLOCK I/O
otel-memory-otel-collector-1   67.06%    206.9MiB / 512MiB     40.40%    191MB / 4.48MB    2.74MB / 0B
otel-memory-prometheus-1       0.00%     16.45MiB / 3.819GiB   0.42%     43kB / 19.8kB     496kB / 20.5kB
otel-memory-grafana-1          0.31%     102.8MiB / 3.819GiB   2.63%     23.4MB / 134kB    590kB / 92.1MB
otel-memory-jaeger-1           0.03%     10.16MiB / 3.819GiB   0.26%     3.55kB / 1.4kB    0B / 0B
otel-memory-renderer-1         0.00%     3.809MiB / 512MiB     0.74%     2.99kB / 1.29kB   238kB / 0B

=== %Y-%m-%dT%H:%M:%S ===
NAME                           CPU %     MEM USAGE / LIMIT     MEM %     NET I/O           BLOCK I/O
otel-memory-otel-collector-1   65.37%    207.6MiB / 512MiB     40.56%    203MB / 4.78MB    2.74MB / 0B
otel-memory-prometheus-1       0.00%     16.46MiB / 3.819GiB   0.42%     46.1kB / 21kB     496kB / 20.5kB
otel-memory-grafana-1          0.37%     103.3MiB / 3.819GiB   2.64%     23.4MB / 134kB    590kB / 92.1MB
otel-memory-jaeger-1           0.02%     10.16MiB / 3.819GiB   0.26%     3.55kB / 1.4kB    0B / 0B
otel-memory-renderer-1         0.00%     3.809MiB / 512MiB     0.74%     2.99kB / 1.29kB   238kB / 0B

=== %Y-%m-%dT%H:%M:%S ===
NAME                           CPU %     MEM USAGE / LIMIT     MEM %     NET I/O           BLOCK I/O
otel-memory-otel-collector-1   35.32%    207.6MiB / 512MiB     40.54%    213MB / 5.01MB    2.74MB / 0B
otel-memory-prometheus-1       0.00%     16.71MiB / 3.819GiB   0.43%     49.1kB / 22.2kB   496kB / 20.5kB
otel-memory-grafana-1          0.35%     103.2MiB / 3.819GiB   2.64%     23.4MB / 134kB    590kB / 92.1MB
otel-memory-jaeger-1           0.01%     10.16MiB / 3.819GiB   0.26%     3.55kB / 1.4kB    0B / 0B
otel-memory-renderer-1         0.00%     3.832MiB / 512MiB     0.75%     3.03kB / 1.33kB   238kB / 0B

=== %Y-%m-%dT%H:%M:%S ===
NAME                           CPU %     MEM USAGE / LIMIT     MEM %     NET I/O           BLOCK I/O
otel-memory-otel-collector-1   66.37%    207.4MiB / 512MiB     40.50%    228MB / 5.38MB    2.75MB / 0B
otel-memory-prometheus-1       0.00%     16.51MiB / 3.819GiB   0.42%     51.6kB / 22.7kB   496kB / 20.5kB
otel-memory-grafana-1          1.18%     104.1MiB / 3.819GiB   2.66%     23.4MB / 135kB    590kB / 92.1MB
otel-memory-jaeger-1           0.05%     10.16MiB / 3.819GiB   0.26%     3.55kB / 1.4kB    0B / 0B
otel-memory-renderer-1         0.00%     3.832MiB / 512MiB     0.75%     3.03kB / 1.33kB   238kB / 0B

=== %Y-%m-%dT%H:%M:%S ===
NAME                           CPU %     MEM USAGE / LIMIT     MEM %     NET I/O           BLOCK I/O
otel-memory-otel-collector-1   64.78%    207.6MiB / 512MiB     40.54%    241MB / 5.65MB    2.75MB / 0B
otel-memory-prometheus-1       0.20%     17.03MiB / 3.819GiB   0.44%     54.7kB / 23.9kB   496kB / 20.5kB
otel-memory-grafana-1          0.37%     103.9MiB / 3.819GiB   2.66%     23.4MB / 135kB    590kB / 92.1MB
otel-memory-jaeger-1           0.02%     10.16MiB / 3.819GiB   0.26%     3.55kB / 1.4kB    0B / 0B
otel-memory-renderer-1         0.01%     4.152MiB / 512MiB     0.81%     3.16kB / 1.46kB   238kB / 0B

=== %Y-%m-%dT%H:%M:%S ===
NAME                           CPU %     MEM USAGE / LIMIT     MEM %     NET I/O           BLOCK I/O
otel-memory-otel-collector-1   63.61%    207.9MiB / 512MiB     40.60%    253MB / 5.96MB    2.75MB / 0B
otel-memory-prometheus-1       0.18%     16.82MiB / 3.819GiB   0.43%     57.7kB / 25.1kB   496kB / 20.5kB
otel-memory-grafana-1          0.51%     104MiB / 3.819GiB     2.66%     23.4MB / 136kB    590kB / 92.1MB
otel-memory-jaeger-1           0.02%     10.16MiB / 3.819GiB   0.26%     3.55kB / 1.4kB    0B / 0B
otel-memory-renderer-1         0.00%     3.836MiB / 512MiB     0.75%     3.21kB / 1.5kB    238kB / 0B

=== %Y-%m-%dT%H:%M:%S ===
NAME                           CPU %     MEM USAGE / LIMIT     MEM %     NET I/O           BLOCK I/O
otel-memory-otel-collector-1   64.92%    207.9MiB / 512MiB     40.61%    266MB / 6.26MB    2.75MB / 0B
otel-memory-prometheus-1       0.00%     16.61MiB / 3.819GiB   0.42%     58.2kB / 25.9kB   496kB / 20.5kB
otel-memory-grafana-1          0.36%     104.5MiB / 3.819GiB   2.67%     23.4MB / 136kB    590kB / 92.1MB
otel-memory-jaeger-1           0.02%     10.16MiB / 3.819GiB   0.26%     3.55kB / 1.4kB    0B / 0B
otel-memory-renderer-1         0.00%     3.965MiB / 512MiB     0.77%     3.21kB / 1.5kB    238kB / 0B

=== %Y-%m-%dT%H:%M:%S ===
NAME                           CPU %     MEM USAGE / LIMIT     MEM %     NET I/O           BLOCK I/O
otel-memory-otel-collector-1   34.77%    207.9MiB / 512MiB     40.61%    275MB / 6.49MB    2.75MB / 0B
otel-memory-prometheus-1       0.00%     16.87MiB / 3.819GiB   0.43%     61.3kB / 27.1kB   496kB / 20.5kB
otel-memory-grafana-1          0.53%     104.4MiB / 3.819GiB   2.67%     23.4MB / 136kB    590kB / 92.1MB
otel-memory-jaeger-1           0.01%     10.16MiB / 3.819GiB   0.26%     3.55kB / 1.4kB    0B / 0B
otel-memory-renderer-1         0.00%     3.836MiB / 512MiB     0.75%     3.34kB / 1.64kB   238kB / 0B

=== %Y-%m-%dT%H:%M:%S ===
NAME                           CPU %     MEM USAGE / LIMIT     MEM %     NET I/O           BLOCK I/O
otel-memory-otel-collector-1   68.88%    208.1MiB / 512MiB     40.65%    291MB / 6.86MB    2.75MB / 0B
otel-memory-prometheus-1       0.00%     16.67MiB / 3.819GiB   0.43%     64.4kB / 28.3kB   496kB / 28.7kB
otel-memory-grafana-1          0.35%     105.3MiB / 3.819GiB   2.69%     23.4MB / 136kB    590kB / 92.1MB
otel-memory-jaeger-1           0.54%     10.22MiB / 3.819GiB   0.26%     3.55kB / 1.4kB    0B / 0B
otel-memory-renderer-1         0.00%     3.836MiB / 512MiB     0.75%     3.34kB / 1.64kB   238kB / 0B

=== %Y-%m-%dT%H:%M:%S ===
NAME                           CPU %     MEM USAGE / LIMIT     MEM %     NET I/O           BLOCK I/O
otel-memory-otel-collector-1   59.83%    208.3MiB / 512MiB     40.68%    303MB / 7.16MB    2.75MB / 0B
otel-memory-prometheus-1       0.30%     16.92MiB / 3.819GiB   0.43%     67.5kB / 29.5kB   496kB / 28.7kB
otel-memory-grafana-1          0.46%     105MiB / 3.819GiB     2.68%     23.4MB / 136kB    590kB / 92.1MB
otel-memory-jaeger-1           0.06%     10.22MiB / 3.819GiB   0.26%     3.55kB / 1.4kB    0B / 0B
otel-memory-renderer-1         0.00%     4.043MiB / 512MiB     0.79%     3.38kB / 1.68kB   238kB / 0B

=== %Y-%m-%dT%H:%M:%S ===
NAME                           CPU %     MEM USAGE / LIMIT     MEM %     NET I/O           BLOCK I/O
otel-memory-otel-collector-1   34.59%    208.5MiB / 512MiB     40.72%    316MB / 7.44MB    2.75MB / 0B
otel-memory-prometheus-1       0.00%     16.96MiB / 3.819GiB   0.43%     70kB / 30kB       496kB / 28.7kB
otel-memory-grafana-1          1.93%     105.5MiB / 3.819GiB   2.70%     23.4MB / 136kB    590kB / 92.1MB
otel-memory-jaeger-1           0.01%     10.22MiB / 3.819GiB   0.26%     3.62kB / 1.4kB    0B / 0B
otel-memory-renderer-1         0.00%     3.844MiB / 512MiB     0.75%     3.38kB / 1.68kB   238kB / 0B

=== %Y-%m-%dT%H:%M:%S ===
NAME                           CPU %     MEM USAGE / LIMIT     MEM %     NET I/O           BLOCK I/O
otel-memory-otel-collector-1   33.97%    208.6MiB / 512MiB     40.74%    326MB / 7.68MB    2.75MB / 0B
otel-memory-prometheus-1       0.20%     16.96MiB / 3.819GiB   0.43%     73.1kB / 31.2kB   496kB / 28.7kB
otel-memory-grafana-1          0.37%     106.2MiB / 3.819GiB   2.72%     23.4MB / 136kB    590kB / 92.1MB
otel-memory-jaeger-1           0.02%     10.22MiB / 3.819GiB   0.26%     3.62kB / 1.4kB    0B / 0B
otel-memory-renderer-1         0.00%     4.133MiB / 512MiB     0.81%     3.51kB / 1.81kB   238kB / 0B

=== %Y-%m-%dT%H:%M:%S ===
NAME                           CPU %     MEM USAGE / LIMIT     MEM %     NET I/O           BLOCK I/O
otel-memory-otel-collector-1   34.48%    208.9MiB / 512MiB     40.80%    338MB / 7.98MB    2.75MB / 0B
otel-memory-prometheus-1       0.22%     17.31MiB / 3.819GiB   0.44%     76.1kB / 32.4kB   496kB / 28.7kB
otel-memory-grafana-1          6.67%     106.1MiB / 3.819GiB   2.71%     23.4MB / 136kB    590kB / 92.1MB
otel-memory-jaeger-1           0.03%     10.22MiB / 3.819GiB   0.26%     3.62kB / 1.4kB    0B / 0B
otel-memory-renderer-1         0.01%     3.93MiB / 512MiB      0.77%     3.58kB / 1.81kB   238kB / 0B

=== %Y-%m-%dT%H:%M:%S ===
NAME                           CPU %     MEM USAGE / LIMIT     MEM %     NET I/O           BLOCK I/O
otel-memory-otel-collector-1   33.99%    209.5MiB / 512MiB     40.92%    353MB / 8.35MB    2.75MB / 0B
otel-memory-prometheus-1       0.00%     16.82MiB / 3.819GiB   0.43%     76.7kB / 33.1kB   496kB / 28.7kB
otel-memory-grafana-1          0.39%     106.1MiB / 3.819GiB   2.71%     23.4MB / 136kB    590kB / 92.1MB
otel-memory-jaeger-1           0.02%     10.22MiB / 3.819GiB   0.26%     3.62kB / 1.4kB    0B / 0B
otel-memory-renderer-1         0.01%     3.93MiB / 512MiB      0.77%     3.58kB / 1.81kB   238kB / 0B

=== %Y-%m-%dT%H:%M:%S ===
NAME                           CPU %     MEM USAGE / LIMIT     MEM %     NET I/O           BLOCK I/O
otel-memory-otel-collector-1   34.86%    210.2MiB / 512MiB     41.06%    363MB / 8.55MB    2.75MB / 0B
otel-memory-prometheus-1       0.00%     17.32MiB / 3.819GiB   0.44%     79.7kB / 34.3kB   496kB / 28.7kB
otel-memory-grafana-1          0.40%     105.8MiB / 3.819GiB   2.71%     23.4MB / 136kB    590kB / 92.1MB
otel-memory-jaeger-1           0.03%     10.22MiB / 3.819GiB   0.26%     3.62kB / 1.4kB    0B / 0B
otel-memory-renderer-1         0.00%     3.863MiB / 512MiB     0.75%     3.58kB / 1.81kB   238kB / 0B

=== %Y-%m-%dT%H:%M:%S ===
NAME                           CPU %     MEM USAGE / LIMIT     MEM %     NET I/O           BLOCK I/O
otel-memory-otel-collector-1   36.83%    210.4MiB / 512MiB     41.09%    378MB / 8.92MB    2.75MB / 0B
otel-memory-prometheus-1       0.00%     17.08MiB / 3.819GiB   0.44%     82.2kB / 34.8kB   496kB / 28.7kB
otel-memory-grafana-1          1.15%     105.8MiB / 3.819GiB   2.71%     23.4MB / 136kB    590kB / 92.1MB
otel-memory-jaeger-1           0.08%     10.22MiB / 3.819GiB   0.26%     3.62kB / 1.4kB    0B / 0B
otel-memory-renderer-1         0.01%     3.863MiB / 512MiB     0.75%     3.71kB / 1.94kB   238kB / 0B

=== %Y-%m-%dT%H:%M:%S ===
NAME                           CPU %     MEM USAGE / LIMIT     MEM %     NET I/O           BLOCK I/O
otel-memory-otel-collector-1   33.83%    210.1MiB / 512MiB     41.04%    391MB / 9.22MB    2.75MB / 0B
otel-memory-prometheus-1       0.22%     17.01MiB / 3.819GiB   0.44%     85.8kB / 36.7kB   496kB / 36.9kB
otel-memory-grafana-1          0.38%     105.8MiB / 3.819GiB   2.71%     23.4MB / 136kB    590kB / 92.1MB
otel-memory-jaeger-1           0.02%     10.22MiB / 3.819GiB   0.26%     3.62kB / 1.4kB    0B / 0B
otel-memory-renderer-1         0.00%     4.102MiB / 512MiB     0.80%     3.8kB / 2.03kB    238kB / 0B

=== %Y-%m-%dT%H:%M:%S ===
NAME                           CPU %     MEM USAGE / LIMIT     MEM %     NET I/O           BLOCK I/O
otel-memory-otel-collector-1   33.98%    210.2MiB / 512MiB     41.06%    403MB / 9.53MB    2.75MB / 0B
otel-memory-prometheus-1       0.00%     16.79MiB / 3.819GiB   0.43%     85.8kB / 36.7kB   496kB / 36.9kB
otel-memory-grafana-1          0.56%     106.1MiB / 3.819GiB   2.71%     23.4MB / 136kB    590kB / 92.1MB
otel-memory-jaeger-1           0.02%     10.22MiB / 3.819GiB   0.26%     3.62kB / 1.4kB    0B / 0B
otel-memory-renderer-1         0.00%     3.863MiB / 512MiB     0.75%     3.8kB / 2.03kB    238kB / 0B

=== %Y-%m-%dT%H:%M:%S ===
NAME                           CPU %     MEM USAGE / LIMIT     MEM %     NET I/O           BLOCK I/O
otel-memory-otel-collector-1   34.16%    210.1MiB / 512MiB     41.04%    416MB / 9.83MB    2.75MB / 0B
otel-memory-prometheus-1       0.23%     16.85MiB / 3.819GiB   0.43%     91.4kB / 38.4kB   496kB / 36.9kB
otel-memory-grafana-1          0.52%     106.2MiB / 3.819GiB   2.71%     23.4MB / 136kB    590kB / 92.1MB
otel-memory-jaeger-1           0.02%     10.22MiB / 3.819GiB   0.26%     3.62kB / 1.4kB    0B / 0B
otel-memory-renderer-1         5.86%     4.082MiB / 512MiB     0.80%     3.93kB / 2.16kB   238kB / 0B

=== %Y-%m-%dT%H:%M:%S ===
NAME                           CPU %     MEM USAGE / LIMIT     MEM %     NET I/O           BLOCK I/O
otel-memory-otel-collector-1   33.40%    210.1MiB / 512MiB     41.04%    428MB / 10.1MB    2.75MB / 0B
otel-memory-prometheus-1       0.00%     16.84MiB / 3.819GiB   0.43%     91.9kB / 39.2kB   496kB / 36.9kB
otel-memory-grafana-1          0.36%     105.9MiB / 3.819GiB   2.71%     23.4MB / 136kB    590kB / 92.1MB
otel-memory-jaeger-1           0.03%     10.22MiB / 3.819GiB   0.26%     3.62kB / 1.4kB    0B / 0B
otel-memory-renderer-1         0.00%     3.867MiB / 512MiB     0.76%     3.93kB / 2.16kB   238kB / 0B

=== %Y-%m-%dT%H:%M:%S ===
NAME                           CPU %     MEM USAGE / LIMIT     MEM %     NET I/O           BLOCK I/O
otel-memory-otel-collector-1   34.76%    210.4MiB / 512MiB     41.10%    437MB / 10.3MB    2.75MB / 0B
otel-memory-prometheus-1       0.32%     16.84MiB / 3.819GiB   0.43%     95kB / 40.4kB     496kB / 36.9kB
otel-memory-grafana-1          0.49%     106.4MiB / 3.819GiB   2.72%     23.4MB / 136kB    590kB / 92.1MB
otel-memory-jaeger-1           0.06%     10.22MiB / 3.819GiB   0.26%     3.62kB / 1.4kB    0B / 0B
otel-memory-renderer-1         0.00%     3.863MiB / 512MiB     0.75%     3.93kB / 2.16kB   238kB / 0B

=== %Y-%m-%dT%H:%M:%S ===
NAME                           CPU %     MEM USAGE / LIMIT     MEM %     NET I/O           BLOCK I/O
otel-memory-otel-collector-1   34.72%    211.6MiB / 512MiB     41.33%    453MB / 10.7MB    2.75MB / 0B
otel-memory-prometheus-1       0.38%     16.86MiB / 3.819GiB   0.43%     98.1kB / 41.6kB   496kB / 36.9kB
otel-memory-grafana-1          0.29%     105.9MiB / 3.819GiB   2.71%     23.4MB / 136kB    590kB / 92.1MB
otel-memory-jaeger-1           0.05%     10.22MiB / 3.819GiB   0.26%     3.62kB / 1.4kB    0B / 0B
otel-memory-renderer-1         0.00%     4.121MiB / 512MiB     0.80%     3.93kB / 2.16kB   238kB / 0B

=== %Y-%m-%dT%H:%M:%S ===
NAME                           CPU %     MEM USAGE / LIMIT     MEM %     NET I/O           BLOCK I/O
otel-memory-otel-collector-1   34.61%    211.5MiB / 512MiB     41.32%    465MB / 11MB      2.75MB / 0B
otel-memory-prometheus-1       0.22%     16.87MiB / 3.819GiB   0.43%     101kB / 42.1kB    496kB / 36.9kB
otel-memory-grafana-1          0.54%     106.2MiB / 3.819GiB   2.72%     23.4MB / 137kB    590kB / 92.1MB
otel-memory-jaeger-1           0.02%     10.22MiB / 3.819GiB   0.26%     3.62kB / 1.4kB    0B / 0B
otel-memory-renderer-1         0.00%     3.879MiB / 512MiB     0.76%     4.06kB / 2.29kB   238kB / 0B

=== %Y-%m-%dT%H:%M:%S ===
NAME                           CPU %     MEM USAGE / LIMIT     MEM %     NET I/O           BLOCK I/O
otel-memory-otel-collector-1   31.61%    212.3MiB / 512MiB     41.46%    477MB / 11.3MB    2.75MB / 0B
otel-memory-prometheus-1       0.00%     16.87MiB / 3.819GiB   0.43%     104kB / 43.3kB    496kB / 45.1kB
otel-memory-grafana-1          0.44%     105.9MiB / 3.819GiB   2.71%     23.4MB / 137kB    590kB / 92.1MB
otel-memory-jaeger-1           0.02%     10.22MiB / 3.819GiB   0.26%     3.62kB / 1.4kB    0B / 0B
otel-memory-renderer-1         5.45%     4.074MiB / 512MiB     0.80%     4.06kB / 2.29kB   238kB / 0B

=== %Y-%m-%dT%H:%M:%S ===
NAME                           CPU %     MEM USAGE / LIMIT     MEM %     NET I/O          BLOCK I/O
otel-memory-otel-collector-1   36.39%    212.9MiB / 512MiB     41.58%    486MB / 11.5MB   2.75MB / 0B
otel-memory-prometheus-1       0.22%     17.15MiB / 3.819GiB   0.44%     107kB / 44.5kB   496kB / 45.1kB
otel-memory-grafana-1          0.45%     105.9MiB / 3.819GiB   2.71%     23.4MB / 137kB   590kB / 92.1MB
otel-memory-jaeger-1           0.02%     10.22MiB / 3.819GiB   0.26%     3.62kB / 1.4kB   0B / 0B
otel-memory-renderer-1         0.00%     4.062MiB / 512MiB     0.79%     4.1kB / 2.33kB   238kB / 0B

=== %Y-%m-%dT%H:%M:%S ===
NAME                           CPU %     MEM USAGE / LIMIT     MEM %     NET I/O          BLOCK I/O
otel-memory-otel-collector-1   37.25%    212.2MiB / 512MiB     41.44%    498MB / 11.8MB   2.75MB / 0B
otel-memory-prometheus-1       0.00%     16.67MiB / 3.819GiB   0.43%     107kB / 45.2kB   496kB / 45.1kB
otel-memory-grafana-1          0.46%     105.9MiB / 3.819GiB   2.71%     23.4MB / 137kB   590kB / 92.2MB
otel-memory-jaeger-1           0.02%     10.22MiB / 3.819GiB   0.26%     3.62kB / 1.4kB   0B / 0B
otel-memory-renderer-1         0.00%     3.895MiB / 512MiB     0.76%     4.1kB / 2.33kB   238kB / 0B

=== %Y-%m-%dT%H:%M:%S ===
NAME                           CPU %     MEM USAGE / LIMIT     MEM %     NET I/O           BLOCK I/O
otel-memory-otel-collector-1   65.64%    212.2MiB / 512MiB     41.44%    513MB / 12.2MB    2.75MB / 0B
otel-memory-prometheus-1       0.00%     16.68MiB / 3.819GiB   0.43%     110kB / 46.4kB    496kB / 45.1kB
otel-memory-grafana-1          0.35%     105.9MiB / 3.819GiB   2.71%     23.4MB / 137kB    590kB / 92.2MB
otel-memory-jaeger-1           0.02%     10.22MiB / 3.819GiB   0.26%     3.62kB / 1.4kB    0B / 0B
otel-memory-renderer-1         0.00%     4.277MiB / 512MiB     0.84%     4.24kB / 2.46kB   238kB / 0B

=== %Y-%m-%dT%H:%M:%S ===
NAME                           CPU %     MEM USAGE / LIMIT     MEM %     NET I/O           BLOCK I/O
otel-memory-otel-collector-1   43.39%    212MiB / 512MiB       41.42%    526MB / 12.5MB    2.75MB / 0B
otel-memory-prometheus-1       0.38%     16.69MiB / 3.819GiB   0.43%     113kB / 47.6kB    496kB / 45.1kB
otel-memory-grafana-1          0.97%     105.9MiB / 3.819GiB   2.71%     23.4MB / 137kB    590kB / 92.2MB
otel-memory-jaeger-1           0.06%     10.22MiB / 3.819GiB   0.26%     3.62kB / 1.4kB    0B / 0B
otel-memory-renderer-1         0.00%     4.156MiB / 512MiB     0.81%     4.28kB / 2.51kB   238kB / 0B

=== %Y-%m-%dT%H:%M:%S ===
NAME                           CPU %     MEM USAGE / LIMIT     MEM %     NET I/O           BLOCK I/O
otel-memory-otel-collector-1   34.24%    212.8MiB / 512MiB     41.55%    535MB / 12.7MB    2.75MB / 0B
otel-memory-prometheus-1       0.39%     17.44MiB / 3.819GiB   0.45%     116kB / 48.8kB    807kB / 45.1kB
otel-memory-grafana-1          0.47%     105.9MiB / 3.819GiB   2.71%     23.4MB / 137kB    590kB / 92.2MB
otel-memory-jaeger-1           0.07%     10.22MiB / 3.819GiB   0.26%     3.62kB / 1.4kB    0B / 0B
otel-memory-renderer-1         0.00%     3.953MiB / 512MiB     0.77%     4.28kB / 2.51kB   238kB / 0B

=== %Y-%m-%dT%H:%M:%S ===
NAME                           CPU %     MEM USAGE / LIMIT     MEM %     NET I/O           BLOCK I/O
otel-memory-otel-collector-1   34.92%    213.4MiB / 512MiB     41.67%    551MB / 13.1MB    2.75MB / 0B
otel-memory-prometheus-1       0.18%     17.51MiB / 3.819GiB   0.45%     119kB / 49.3kB    807kB / 45.1kB
otel-memory-grafana-1          0.54%     106.4MiB / 3.819GiB   2.72%     23.4MB / 137kB    590kB / 92.2MB
otel-memory-jaeger-1           0.02%     10.22MiB / 3.819GiB   0.26%     3.62kB / 1.4kB    0B / 0B
otel-memory-renderer-1         0.00%     3.949MiB / 512MiB     0.77%     4.41kB / 2.64kB   238kB / 0B

=== %Y-%m-%dT%H:%M:%S ===
NAME                           CPU %     MEM USAGE / LIMIT     MEM %     NET I/O           BLOCK I/O
otel-memory-otel-collector-1   36.20%    214.4MiB / 512MiB     41.87%    563MB / 13.4MB    2.75MB / 0B
otel-memory-prometheus-1       0.19%     17.52MiB / 3.819GiB   0.45%     122kB / 50.5kB    807kB / 45.1kB
otel-memory-grafana-1          0.38%     105.9MiB / 3.819GiB   2.71%     23.4MB / 137kB    590kB / 92.2MB
otel-memory-jaeger-1           0.02%     10.22MiB / 3.819GiB   0.26%     3.62kB / 1.4kB    0B / 0B
otel-memory-renderer-1         5.50%     4.117MiB / 512MiB     0.80%     4.41kB / 2.64kB   238kB / 0B

=== %Y-%m-%dT%H:%M:%S ===
NAME                           CPU %     MEM USAGE / LIMIT     MEM %     NET I/O           BLOCK I/O
otel-memory-otel-collector-1   35.94%    214.3MiB / 512MiB     41.85%    576MB / 13.7MB    2.75MB / 0B
otel-memory-prometheus-1       0.00%     17.05MiB / 3.819GiB   0.44%     123kB / 51.2kB    807kB / 53.2kB
otel-memory-grafana-1          0.42%     105.9MiB / 3.819GiB   2.71%     23.4MB / 137kB    590kB / 92.2MB
otel-memory-jaeger-1           0.02%     10.22MiB / 3.819GiB   0.26%     3.62kB / 1.4kB    0B / 0B
otel-memory-renderer-1         0.00%     3.961MiB / 512MiB     0.77%     4.45kB / 2.68kB   238kB / 0B

=== %Y-%m-%dT%H:%M:%S ===
NAME                           CPU %     MEM USAGE / LIMIT     MEM %     NET I/O           BLOCK I/O
otel-memory-otel-collector-1   34.44%    214.8MiB / 512MiB     41.96%    588MB / 14MB      2.75MB / 0B
otel-memory-prometheus-1       0.36%     17.3MiB / 3.819GiB    0.44%     126kB / 52.4kB    807kB / 53.2kB
otel-memory-grafana-1          0.38%     106.4MiB / 3.819GiB   2.72%     23.4MB / 137kB    590kB / 92.2MB
otel-memory-jaeger-1           0.02%     10.22MiB / 3.819GiB   0.26%     3.62kB / 1.4kB    0B / 0B
otel-memory-renderer-1         0.01%     3.957MiB / 512MiB     0.77%     4.45kB / 2.68kB   238kB / 0B

=== %Y-%m-%dT%H:%M:%S ===
NAME                           CPU %     MEM USAGE / LIMIT     MEM %     NET I/O           BLOCK I/O
otel-memory-otel-collector-1   35.55%    215MiB / 512MiB       41.99%    601MB / 14.3MB    2.75MB / 0B
otel-memory-prometheus-1       0.03%     17.07MiB / 3.819GiB   0.44%     129kB / 53.6kB    807kB / 53.2kB
otel-memory-grafana-1          0.50%     106.2MiB / 3.819GiB   2.71%     23.4MB / 137kB    590kB / 92.2MB
otel-memory-jaeger-1           0.06%     10.22MiB / 3.819GiB   0.26%     3.62kB / 1.4kB    0B / 0B
otel-memory-renderer-1         0.01%     3.969MiB / 512MiB     0.78%     4.58kB / 2.81kB   238kB / 0B

=== %Y-%m-%dT%H:%M:%S ===
NAME                           CPU %     MEM USAGE / LIMIT     MEM %     NET I/O           BLOCK I/O
otel-memory-otel-collector-1   37.56%    215.1MiB / 512MiB     42.00%    613MB / 14.6MB    2.75MB / 0B
otel-memory-prometheus-1       0.30%     17.32MiB / 3.819GiB   0.44%     132kB / 54.8kB    807kB / 53.2kB
otel-memory-grafana-1          0.46%     106.2MiB / 3.819GiB   2.71%     23.4MB / 137kB    590kB / 92.2MB
otel-memory-jaeger-1           0.06%     10.22MiB / 3.819GiB   0.26%     3.62kB / 1.4kB    0B / 0B
otel-memory-renderer-1         0.01%     3.965MiB / 512MiB     0.77%     4.58kB / 2.81kB   238kB / 0B

=== %Y-%m-%dT%H:%M:%S ===
NAME                           CPU %     MEM USAGE / LIMIT     MEM %     NET I/O           BLOCK I/O
otel-memory-otel-collector-1   37.15%    215.7MiB / 512MiB     42.13%    626MB / 14.9MB    3.28MB / 0B
otel-memory-prometheus-1       0.00%     17.35MiB / 3.819GiB   0.44%     134kB / 55.3kB    807kB / 53.2kB
otel-memory-grafana-1          0.45%     106.2MiB / 3.819GiB   2.71%     23.4MB / 137kB    590kB / 92.2MB
otel-memory-jaeger-1           0.02%     10.22MiB / 3.819GiB   0.26%     3.62kB / 1.4kB    0B / 0B
otel-memory-renderer-1         5.99%     4.254MiB / 512MiB     0.83%     4.58kB / 2.81kB   238kB / 0B

=== %Y-%m-%dT%H:%M:%S ===
NAME                           CPU %     MEM USAGE / LIMIT     MEM %     NET I/O           BLOCK I/O
otel-memory-otel-collector-1   34.95%    215.3MiB / 512MiB     42.06%    638MB / 15.2MB    3.28MB / 0B
otel-memory-prometheus-1       0.20%     17.36MiB / 3.819GiB   0.44%     137kB / 56.5kB    807kB / 53.2kB
otel-memory-grafana-1          0.58%     106.2MiB / 3.819GiB   2.72%     23.4MB / 137kB    590kB / 92.2MB
otel-memory-jaeger-1           0.02%     10.22MiB / 3.819GiB   0.26%     3.62kB / 1.4kB    0B / 0B
otel-memory-renderer-1         0.01%     4.219MiB / 512MiB     0.82%     4.58kB / 2.81kB   238kB / 0B

=== %Y-%m-%dT%H:%M:%S ===
NAME                           CPU %     MEM USAGE / LIMIT     MEM %     NET I/O           BLOCK I/O
otel-memory-otel-collector-1   35.78%    215.6MiB / 512MiB     42.10%    651MB / 15.5MB    3.28MB / 0B
otel-memory-prometheus-1       0.00%     17.12MiB / 3.819GiB   0.44%     138kB / 57.2kB    807kB / 53.2kB
otel-memory-grafana-1          0.34%     106.2MiB / 3.819GiB   2.72%     23.4MB / 137kB    590kB / 92.2MB
otel-memory-jaeger-1           0.56%     10.28MiB / 3.819GiB   0.26%     3.62kB / 1.4kB    0B / 0B
otel-memory-renderer-1         0.01%     4.219MiB / 512MiB     0.82%     4.71kB / 2.94kB   238kB / 0B

=== %Y-%m-%dT%H:%M:%S ===
NAME                           CPU %     MEM USAGE / LIMIT     MEM %     NET I/O          BLOCK I/O
otel-memory-otel-collector-1   37.96%    215.8MiB / 512MiB     42.14%    664MB / 15.8MB   3.28MB / 0B
otel-memory-prometheus-1       0.00%     17.14MiB / 3.819GiB   0.44%     141kB / 58.4kB   807kB / 53.2kB
otel-memory-grafana-1          0.52%     105.9MiB / 3.819GiB   2.71%     23.4MB / 137kB   590kB / 92.2MB
otel-memory-jaeger-1           0.03%     8.52MiB / 3.819GiB    0.22%     3.62kB / 1.4kB   0B / 0B
otel-memory-renderer-1         0.00%     4.168MiB / 512MiB     0.81%     4.8kB / 3.03kB   238kB / 0B

=== %Y-%m-%dT%H:%M:%S ===
NAME                           CPU %     MEM USAGE / LIMIT     MEM %     NET I/O          BLOCK I/O
otel-memory-otel-collector-1   37.65%    215.6MiB / 512MiB     42.11%    676MB / 16.1MB   3.28MB / 0B
otel-memory-prometheus-1       0.11%     17.64MiB / 3.819GiB   0.45%     144kB / 59.6kB   807kB / 61.4kB
otel-memory-grafana-1          1.20%     106.1MiB / 3.819GiB   2.71%     23.4MB / 137kB   590kB / 92.2MB
otel-memory-jaeger-1           0.02%     8.52MiB / 3.819GiB    0.22%     3.62kB / 1.4kB   0B / 0B
otel-memory-renderer-1         0.00%     3.992MiB / 512MiB     0.78%     4.8kB / 3.03kB   238kB / 0B

=== %Y-%m-%dT%H:%M:%S ===
NAME                           CPU %     MEM USAGE / LIMIT     MEM %     NET I/O          BLOCK I/O
otel-memory-otel-collector-1   34.07%    215.5MiB / 512MiB     42.10%    689MB / 16.4MB   3.28MB / 0B
otel-memory-prometheus-1       0.31%     17.38MiB / 3.819GiB   0.44%     147kB / 60.8kB   807kB / 61.4kB
otel-memory-grafana-1          0.51%     105.9MiB / 3.819GiB   2.71%     23.4MB / 137kB   590kB / 92.2MB
otel-memory-jaeger-1           0.07%     8.52MiB / 3.819GiB    0.22%     3.69kB / 1.4kB   0B / 0B
otel-memory-renderer-1         0.67%     4.254MiB / 512MiB     0.83%     4.8kB / 3.03kB   238kB / 0B

=== %Y-%m-%dT%H:%M:%S ===
NAME                           CPU %     MEM USAGE / LIMIT     MEM %     NET I/O           BLOCK I/O
otel-memory-otel-collector-1   36.47%    215.4MiB / 512MiB     42.08%    702MB / 16.7MB    3.28MB / 0B
otel-memory-prometheus-1       0.00%     17.43MiB / 3.819GiB   0.45%     150kB / 61.3kB    807kB / 61.4kB
otel-memory-grafana-1          0.53%     99.97MiB / 3.819GiB   2.56%     23.4MB / 137kB    590kB / 92.2MB
otel-memory-jaeger-1           0.03%     8.52MiB / 3.819GiB    0.22%     3.69kB / 1.4kB    0B / 0B
otel-memory-renderer-1         0.02%     3.996MiB / 512MiB     0.78%     4.93kB / 3.16kB   238kB / 0B

=== %Y-%m-%dT%H:%M:%S ===
NAME                           CPU %     MEM USAGE / LIMIT     MEM %     NET I/O           BLOCK I/O
otel-memory-otel-collector-1   35.93%    215.7MiB / 512MiB     42.13%    714MB / 17MB      3.28MB / 0B
otel-memory-prometheus-1       0.00%     17.19MiB / 3.819GiB   0.44%     150kB / 62.1kB    807kB / 61.4kB
otel-memory-grafana-1          0.47%     99.97MiB / 3.819GiB   2.56%     23.4MB / 137kB    590kB / 92.2MB
otel-memory-jaeger-1           0.02%     8.52MiB / 3.819GiB    0.22%     3.69kB / 1.4kB    0B / 0B
otel-memory-renderer-1         5.40%     4.289MiB / 512MiB     0.84%     4.93kB / 3.16kB   238kB / 0B

=== %Y-%m-%dT%H:%M:%S ===
NAME                           CPU %     MEM USAGE / LIMIT     MEM %     NET I/O           BLOCK I/O
otel-memory-otel-collector-1   41.44%    215.7MiB / 512MiB     42.13%    724MB / 17.2MB    3.28MB / 0B
otel-memory-prometheus-1       0.00%     17.48MiB / 3.819GiB   0.45%     153kB / 63.3kB    807kB / 61.4kB
otel-memory-grafana-1          0.45%     99.72MiB / 3.819GiB   2.55%     23.4MB / 137kB    590kB / 92.2MB
otel-memory-jaeger-1           0.03%     8.52MiB / 3.819GiB    0.22%     3.69kB / 1.4kB    0B / 0B
otel-memory-renderer-1         0.00%     4.043MiB / 512MiB     0.79%     4.93kB / 3.16kB   238kB / 0B

=== %Y-%m-%dT%H:%M:%S ===
NAME                           CPU %     MEM USAGE / LIMIT     MEM %     NET I/O           BLOCK I/O
otel-memory-otel-collector-1   35.55%    215.6MiB / 512MiB     42.11%    740MB / 17.6MB    3.28MB / 0B
otel-memory-prometheus-1       0.00%     17.57MiB / 3.819GiB   0.45%     156kB / 64.5kB    807kB / 61.4kB
otel-memory-grafana-1          0.41%     99.73MiB / 3.819GiB   2.55%     23.4MB / 138kB    590kB / 92.2MB
otel-memory-jaeger-1           0.03%     8.52MiB / 3.819GiB    0.22%     3.69kB / 1.4kB    0B / 0B
otel-memory-renderer-1         0.00%     4MiB / 512MiB         0.78%     5.06kB / 3.29kB   238kB / 0B

=== %Y-%m-%dT%H:%M:%S ===
NAME                           CPU %     MEM USAGE / LIMIT     MEM %     NET I/O           BLOCK I/O
otel-memory-otel-collector-1   34.86%    212.8MiB / 512MiB     41.57%    752MB / 17.9MB    3.28MB / 0B
otel-memory-prometheus-1       0.00%     17.38MiB / 3.819GiB   0.44%     159kB / 65.7kB    807kB / 61.4kB
otel-memory-grafana-1          0.62%     99.73MiB / 3.819GiB   2.55%     23.4MB / 138kB    590kB / 92.2MB
otel-memory-jaeger-1           0.02%     8.52MiB / 3.819GiB    0.22%     3.69kB / 1.4kB    0B / 0B
otel-memory-renderer-1         0.00%     4.383MiB / 512MiB     0.86%     5.06kB / 3.29kB   238kB / 0B

=== %Y-%m-%dT%H:%M:%S ===
NAME                           CPU %     MEM USAGE / LIMIT     MEM %     NET I/O           BLOCK I/O
otel-memory-otel-collector-1   35.68%    212.9MiB / 512MiB     41.58%    765MB / 18.2MB    3.28MB / 0B
otel-memory-prometheus-1       0.28%     17.63MiB / 3.819GiB   0.45%     163kB / 66.9kB    807kB / 61.4kB
otel-memory-grafana-1          1.01%     99.96MiB / 3.819GiB   2.56%     23.4MB / 138kB    590kB / 92.2MB
otel-memory-jaeger-1           0.06%     8.52MiB / 3.819GiB    0.22%     3.69kB / 1.4kB    0B / 0B
otel-memory-renderer-1         0.00%     4.004MiB / 512MiB     0.78%     5.17kB / 3.33kB   238kB / 0B

=== %Y-%m-%dT%H:%M:%S ===
NAME                           CPU %     MEM USAGE / LIMIT     MEM %     NET I/O           BLOCK I/O
otel-memory-otel-collector-1   34.20%    213MiB / 512MiB       41.61%    778MB / 18.5MB    3.28MB / 0B
otel-memory-prometheus-1       0.19%     17.38MiB / 3.819GiB   0.44%     166kB / 68.1kB    807kB / 69.6kB
otel-memory-grafana-1          0.42%     99.73MiB / 3.819GiB   2.55%     23.4MB / 138kB    590kB / 92.2MB
otel-memory-jaeger-1           0.02%     8.52MiB / 3.819GiB    0.22%     3.69kB / 1.4kB    0B / 0B
otel-memory-renderer-1         0.01%     4.035MiB / 512MiB     0.79%     5.17kB / 3.33kB   238kB / 0B

=== %Y-%m-%dT%H:%M:%S ===
NAME                           CPU %     MEM USAGE / LIMIT     MEM %     NET I/O           BLOCK I/O
otel-memory-otel-collector-1   37.38%    212.6MiB / 512MiB     41.53%    790MB / 18.8MB    3.28MB / 0B
otel-memory-prometheus-1       0.13%     17.37MiB / 3.819GiB   0.44%     168kB / 68.6kB    807kB / 69.6kB
otel-memory-grafana-1          0.51%     99.73MiB / 3.819GiB   2.55%     23.4MB / 138kB    590kB / 92.2MB
otel-memory-jaeger-1           0.03%     8.52MiB / 3.819GiB    0.22%     3.69kB / 1.4kB    0B / 0B
otel-memory-renderer-1         0.00%     4.035MiB / 512MiB     0.79%     5.31kB / 3.47kB   238kB / 0B

=== %Y-%m-%dT%H:%M:%S ===
NAME                           CPU %     MEM USAGE / LIMIT     MEM %     NET I/O           BLOCK I/O
otel-memory-otel-collector-1   35.04%    213.1MiB / 512MiB     41.61%    803MB / 19.1MB    3.28MB / 0B
otel-memory-prometheus-1       0.15%     17.61MiB / 3.819GiB   0.45%     171kB / 69.8kB    807kB / 69.6kB
otel-memory-grafana-1          0.37%     100.2MiB / 3.819GiB   2.56%     23.4MB / 138kB    590kB / 92.2MB
otel-memory-jaeger-1           0.02%     8.52MiB / 3.819GiB    0.22%     3.69kB / 1.4kB    0B / 0B
otel-memory-renderer-1         0.01%     4.035MiB / 512MiB     0.79%     5.35kB / 3.51kB   238kB / 0B

=== %Y-%m-%dT%H:%M:%S ===
NAME                           CPU %     MEM USAGE / LIMIT     MEM %     NET I/O           BLOCK I/O
otel-memory-otel-collector-1   33.93%    213.1MiB / 512MiB     41.61%    816MB / 19.4MB    3.28MB / 0B
otel-memory-prometheus-1       0.00%     17.14MiB / 3.819GiB   0.44%     172kB / 70.5kB    807kB / 69.6kB
otel-memory-grafana-1          0.47%     99.73MiB / 3.819GiB   2.55%     23.4MB / 138kB    590kB / 92.2MB
otel-memory-jaeger-1           0.01%     8.52MiB / 3.819GiB    0.22%     3.69kB / 1.4kB    0B / 0B
otel-memory-renderer-1         0.01%     4.207MiB / 512MiB     0.82%     5.35kB / 3.51kB   238kB / 0B

=== %Y-%m-%dT%H:%M:%S ===
NAME                           CPU %     MEM USAGE / LIMIT     MEM %     NET I/O           BLOCK I/O
otel-memory-otel-collector-1   67.12%    213.1MiB / 512MiB     41.62%    825MB / 19.6MB    3.28MB / 0B
otel-memory-prometheus-1       0.00%     17.39MiB / 3.819GiB   0.44%     175kB / 71.7kB    807kB / 69.6kB
otel-memory-grafana-1          0.49%     99.95MiB / 3.819GiB   2.56%     23.4MB / 138kB    590kB / 92.2MB
otel-memory-jaeger-1           0.02%     8.52MiB / 3.819GiB    0.22%     3.69kB / 1.4kB    0B / 0B
otel-memory-renderer-1         0.01%     4.043MiB / 512MiB     0.79%     5.48kB / 3.64kB   238kB / 0B

=== %Y-%m-%dT%H:%M:%S ===
NAME                           CPU %     MEM USAGE / LIMIT     MEM %     NET I/O           BLOCK I/O
otel-memory-otel-collector-1   34.23%    213.2MiB / 512MiB     41.65%    841MB / 20MB      3.28MB / 0B
otel-memory-prometheus-1       0.25%     17.14MiB / 3.819GiB   0.44%     178kB / 72.9kB    807kB / 69.6kB
otel-memory-grafana-1          0.58%     99.73MiB / 3.819GiB   2.55%     23.4MB / 138kB    590kB / 92.2MB
otel-memory-jaeger-1           0.05%     8.52MiB / 3.819GiB    0.22%     3.69kB / 1.4kB    0B / 0B
otel-memory-renderer-1         5.15%     4.145MiB / 512MiB     0.81%     5.48kB / 3.64kB   238kB / 0B

=== %Y-%m-%dT%H:%M:%S ===
NAME                           CPU %     MEM USAGE / LIMIT     MEM %     NET I/O           BLOCK I/O
otel-memory-otel-collector-1   35.40%    213.3MiB / 512MiB     41.66%    853MB / 20.3MB    3.28MB / 0B
otel-memory-prometheus-1       0.21%     17.39MiB / 3.819GiB   0.44%     181kB / 74.1kB    807kB / 69.6kB
otel-memory-grafana-1          1.64%     99.73MiB / 3.819GiB   2.55%     23.4MB / 138kB    590kB / 92.3MB
otel-memory-jaeger-1           0.02%     8.52MiB / 3.819GiB    0.22%     3.69kB / 1.4kB    0B / 0B
otel-memory-renderer-1         0.00%     4.109MiB / 512MiB     0.80%     5.52kB / 3.68kB   238kB / 0B

=== %Y-%m-%dT%H:%M:%S ===
NAME                           CPU %     MEM USAGE / LIMIT     MEM %     NET I/O           BLOCK I/O
otel-memory-otel-collector-1   66.05%    213.1MiB / 512MiB     41.63%    863MB / 20.5MB    3.28MB / 0B
otel-memory-prometheus-1       0.00%     17.64MiB / 3.819GiB   0.45%     183kB / 74.6kB    807kB / 77.8kB
otel-memory-grafana-1          0.41%     99.73MiB / 3.819GiB   2.55%     23.4MB / 138kB    590kB / 92.3MB
otel-memory-jaeger-1           0.02%     8.52MiB / 3.819GiB    0.22%     3.69kB / 1.4kB    0B / 0B
otel-memory-renderer-1         5.94%     4.324MiB / 512MiB     0.84%     5.52kB / 3.68kB   238kB / 0B

=== %Y-%m-%dT%H:%M:%S ===
NAME                           CPU %     MEM USAGE / LIMIT     MEM %     NET I/O           BLOCK I/O
otel-memory-otel-collector-1   38.10%    213.1MiB / 512MiB     41.61%    878MB / 20.9MB    3.28MB / 0B
otel-memory-prometheus-1       0.15%     17.4MiB / 3.819GiB    0.44%     187kB / 75.8kB    807kB / 77.8kB
otel-memory-grafana-1          0.39%     99.73MiB / 3.819GiB   2.55%     23.4MB / 138kB    590kB / 92.3MB
otel-memory-jaeger-1           0.02%     8.52MiB / 3.819GiB    0.22%     3.69kB / 1.4kB    0B / 0B
otel-memory-renderer-1         0.00%     4.098MiB / 512MiB     0.80%     5.66kB / 3.81kB   238kB / 0B

=== %Y-%m-%dT%H:%M:%S ===
NAME                           CPU %     MEM USAGE / LIMIT     MEM %     NET I/O           BLOCK I/O
otel-memory-otel-collector-1   53.00%    213MiB / 512MiB       41.60%    888MB / 21.1MB    3.28MB / 0B
otel-memory-prometheus-1       0.00%     17.14MiB / 3.819GiB   0.44%     187kB / 76.5kB    807kB / 77.8kB
otel-memory-grafana-1          0.55%     100.2MiB / 3.819GiB   2.56%     23.4MB / 138kB    590kB / 92.3MB
otel-memory-jaeger-1           0.02%     8.52MiB / 3.819GiB    0.22%     3.69kB / 1.4kB    0B / 0B
otel-memory-renderer-1         0.00%     4.051MiB / 512MiB     0.79%     5.66kB / 3.81kB   238kB / 0B

=== %Y-%m-%dT%H:%M:%S ===
NAME                           CPU %     MEM USAGE / LIMIT     MEM %     NET I/O           BLOCK I/O
otel-memory-otel-collector-1   67.39%    213.1MiB / 512MiB     41.62%    903MB / 21.5MB    3.28MB / 0B
otel-memory-prometheus-1       0.00%     17.39MiB / 3.819GiB   0.44%     190kB / 77.7kB    807kB / 77.8kB
otel-memory-grafana-1          0.56%     99.74MiB / 3.819GiB   2.55%     23.4MB / 138kB    590kB / 92.3MB
otel-memory-jaeger-1           0.03%     8.52MiB / 3.819GiB    0.22%     3.69kB / 1.4kB    0B / 0B
otel-memory-renderer-1         0.00%     4.293MiB / 512MiB     0.84%     5.66kB / 3.81kB   238kB / 0B

=== %Y-%m-%dT%H:%M:%S ===
NAME                           CPU %     MEM USAGE / LIMIT     MEM %     NET I/O           BLOCK I/O
otel-memory-otel-collector-1   37.84%    213.8MiB / 512MiB     41.76%    913MB / 21.7MB    3.28MB / 0B
otel-memory-prometheus-1       0.07%     17.39MiB / 3.819GiB   0.44%     193kB / 78.9kB    807kB / 77.8kB
otel-memory-grafana-1          0.94%     99.99MiB / 3.819GiB   2.56%     23.4MB / 138kB    590kB / 92.3MB
otel-memory-jaeger-1           0.07%     8.52MiB / 3.819GiB    0.22%     3.69kB / 1.4kB    0B / 0B
otel-memory-renderer-1         0.00%     4.051MiB / 512MiB     0.79%     5.66kB / 3.81kB   238kB / 0B

=== %Y-%m-%dT%H:%M:%S ===
NAME                           CPU %     MEM USAGE / LIMIT     MEM %     NET I/O           BLOCK I/O
otel-memory-otel-collector-1   36.10%    213.8MiB / 512MiB     41.77%    925MB / 22MB      3.28MB / 0B
otel-memory-prometheus-1       0.17%     17.14MiB / 3.819GiB   0.44%     196kB / 80.2kB    807kB / 77.8kB
otel-memory-grafana-1          0.38%     99.74MiB / 3.819GiB   2.55%     23.4MB / 138kB    590kB / 92.3MB
otel-memory-jaeger-1           0.07%     8.52MiB / 3.819GiB    0.22%     3.69kB / 1.4kB    0B / 0B
otel-memory-renderer-1         5.36%     4.145MiB / 512MiB     0.81%     5.79kB / 3.95kB   238kB / 0B

=== %Y-%m-%dT%H:%M:%S ===
NAME                           CPU %     MEM USAGE / LIMIT     MEM %     NET I/O           BLOCK I/O
otel-memory-otel-collector-1   34.93%    214MiB / 512MiB       41.80%    938MB / 22.3MB    3.28MB / 0B
otel-memory-prometheus-1       0.00%     17.39MiB / 3.819GiB   0.44%     199kB / 80.7kB    807kB / 77.8kB
otel-memory-grafana-1          0.48%     99.98MiB / 3.819GiB   2.56%     23.4MB / 138kB    590kB / 92.3MB
otel-memory-jaeger-1           0.02%     8.52MiB / 3.819GiB    0.22%     3.69kB / 1.4kB    0B / 0B
otel-memory-renderer-1         0.00%     4.145MiB / 512MiB     0.81%     5.87kB / 4.03kB   238kB / 0B

=== %Y-%m-%dT%H:%M:%S ===
NAME                           CPU %     MEM USAGE / LIMIT     MEM %     NET I/O           BLOCK I/O
otel-memory-otel-collector-1   36.34%    214.1MiB / 512MiB     41.82%    954MB / 22.7MB    3.28MB / 0B
otel-memory-prometheus-1       0.12%     17.39MiB / 3.819GiB   0.44%     202kB / 81.9kB    807kB / 77.8kB
otel-memory-grafana-1          0.39%     99.74MiB / 3.819GiB   2.55%     23.4MB / 138kB    590kB / 92.3MB
otel-memory-jaeger-1           0.02%     8.52MiB / 3.819GiB    0.22%     3.69kB / 1.4kB    0B / 0B
otel-memory-renderer-1         0.00%     4.051MiB / 512MiB     0.79%     5.87kB / 4.03kB   238kB / 0B

=== %Y-%m-%dT%H:%M:%S ===
NAME                           CPU %     MEM USAGE / LIMIT     MEM %     NET I/O          BLOCK I/O
otel-memory-otel-collector-1   36.12%    213.3MiB / 512MiB     41.66%    963MB / 22.9MB   3.28MB / 0B
otel-memory-prometheus-1       0.00%     17.15MiB / 3.819GiB   0.44%     202kB / 82.6kB   807kB / 86kB
otel-memory-grafana-1          0.52%     99.74MiB / 3.819GiB   2.55%     23.4MB / 138kB   590kB / 92.3MB
otel-memory-jaeger-1           0.02%     8.52MiB / 3.819GiB    0.22%     3.69kB / 1.4kB   0B / 0B
otel-memory-renderer-1         0.00%     4.055MiB / 512MiB     0.79%     6kB / 4.16kB     238kB / 0B

=== %Y-%m-%dT%H:%M:%S ===
NAME                           CPU %     MEM USAGE / LIMIT     MEM %     NET I/O          BLOCK I/O
otel-memory-otel-collector-1   67.88%    210.4MiB / 512MiB     41.10%    978MB / 23.3MB   3.28MB / 0B
otel-memory-prometheus-1       0.00%     17.39MiB / 3.819GiB   0.44%     205kB / 83.8kB   807kB / 86kB
otel-memory-grafana-1          1.16%     99.99MiB / 3.819GiB   2.56%     23.4MB / 138kB   590kB / 92.3MB
otel-memory-jaeger-1           0.02%     8.52MiB / 3.819GiB    0.22%     3.69kB / 1.4kB   0B / 0B
otel-memory-renderer-1         0.00%     4.051MiB / 512MiB     0.79%     6kB / 4.16kB     238kB / 0B

=== %Y-%m-%dT%H:%M:%S ===
NAME                           CPU %     MEM USAGE / LIMIT     MEM %     NET I/O          BLOCK I/O
otel-memory-otel-collector-1   66.81%    210.6MiB / 512MiB     41.14%    991MB / 23.6MB   3.28MB / 0B
otel-memory-prometheus-1       0.21%     17.39MiB / 3.819GiB   0.44%     209kB / 85kB     807kB / 86kB
otel-memory-grafana-1          0.44%     99.74MiB / 3.819GiB   2.55%     23.4MB / 138kB   590kB / 92.3MB
otel-memory-jaeger-1           0.05%     8.52MiB / 3.819GiB    0.22%     3.69kB / 1.4kB   0B / 0B
otel-memory-renderer-1         0.00%     4.258MiB / 512MiB     0.83%     6kB / 4.16kB     238kB / 0B

=== %Y-%m-%dT%H:%M:%S ===
NAME                           CPU %     MEM USAGE / LIMIT     MEM %     NET I/O          BLOCK I/O
otel-memory-otel-collector-1   67.56%    206.8MiB / 512MiB     40.39%    1GB / 23.9MB     3.28MB / 0B
otel-memory-prometheus-1       0.11%     17.16MiB / 3.819GiB   0.44%     211kB / 85.5kB   807kB / 86kB
otel-memory-grafana-1          0.51%     99.99MiB / 3.819GiB   2.56%     23.4MB / 138kB   590kB / 92.3MB
otel-memory-jaeger-1           0.06%     8.52MiB / 3.819GiB    0.22%     3.69kB / 1.4kB   0B / 0B
otel-memory-renderer-1         0.00%     4.066MiB / 512MiB     0.79%     6kB / 4.16kB     238kB / 0B

=== %Y-%m-%dT%H:%M:%S ===
NAME                           CPU %     MEM USAGE / LIMIT     MEM %     NET I/O           BLOCK I/O
otel-memory-otel-collector-1   66.75%    205.3MiB / 512MiB     40.10%    1.02GB / 24.2MB   3.28MB / 0B
otel-memory-prometheus-1       0.00%     17.41MiB / 3.819GiB   0.45%     214kB / 86.7kB    807kB / 86kB
otel-memory-grafana-1          0.48%     100.2MiB / 3.819GiB   2.56%     23.4MB / 139kB    590kB / 92.3MB
otel-memory-jaeger-1           0.02%     8.773MiB / 3.819GiB   0.22%     3.69kB / 1.4kB    0B / 0B
otel-memory-renderer-1         0.00%     4.066MiB / 512MiB     0.79%     6.13kB / 4.29kB   238kB / 0B

=== %Y-%m-%dT%H:%M:%S ===
NAME                           CPU %     MEM USAGE / LIMIT     MEM %     NET I/O           BLOCK I/O
otel-memory-otel-collector-1   67.53%    205.4MiB / 512MiB     40.12%    1.03GB / 24.5MB   3.28MB / 0B
otel-memory-prometheus-1       0.15%     17.16MiB / 3.819GiB   0.44%     217kB / 87.9kB    807kB / 86kB
otel-memory-grafana-1          0.48%     99.96MiB / 3.819GiB   2.56%     23.4MB / 139kB    590kB / 92.3MB
otel-memory-jaeger-1           0.02%     8.527MiB / 3.819GiB   0.22%     3.69kB / 1.4kB    0B / 0B
otel-memory-renderer-1         0.00%     4.199MiB / 512MiB     0.82%     6.18kB / 4.34kB   238kB / 0B

=== %Y-%m-%dT%H:%M:%S ===
NAME                           CPU %     MEM USAGE / LIMIT     MEM %     NET I/O           BLOCK I/O
otel-memory-otel-collector-1   65.88%    208MiB / 512MiB       40.63%    1.04GB / 24.8MB   3.28MB / 0B
otel-memory-prometheus-1       0.00%     17.16MiB / 3.819GiB   0.44%     218kB / 88.6kB    807kB / 86kB
otel-memory-grafana-1          0.41%     99.77MiB / 3.819GiB   2.55%     23.4MB / 139kB    590kB / 92.3MB
otel-memory-jaeger-1           0.02%     8.527MiB / 3.819GiB   0.22%     3.69kB / 1.4kB    0B / 0B
otel-memory-renderer-1         0.00%     4.199MiB / 512MiB     0.82%     6.18kB / 4.34kB   238kB / 0B

=== %Y-%m-%dT%H:%M:%S ===
NAME                           CPU %     MEM USAGE / LIMIT     MEM %     NET I/O           BLOCK I/O
otel-memory-otel-collector-1   35.30%    208.4MiB / 512MiB     40.70%    1.05GB / 25MB     3.28MB / 0B
otel-memory-prometheus-1       0.00%     17.41MiB / 3.819GiB   0.45%     221kB / 89.8kB    807kB / 86kB
otel-memory-grafana-1          0.43%     100MiB / 3.819GiB     2.56%     23.4MB / 139kB    590kB / 92.3MB
otel-memory-jaeger-1           0.02%     8.527MiB / 3.819GiB   0.22%     3.69kB / 1.4kB    0B / 0B
otel-memory-renderer-1         0.00%     4.074MiB / 512MiB     0.80%     6.18kB / 4.34kB   238kB / 0B

=== %Y-%m-%dT%H:%M:%S ===
NAME                           CPU %     MEM USAGE / LIMIT     MEM %     NET I/O           BLOCK I/O
otel-memory-otel-collector-1   39.74%    214.4MiB / 512MiB     41.88%    1.07GB / 25.4MB   3.28MB / 0B
otel-memory-prometheus-1       0.19%     17.65MiB / 3.819GiB   0.45%     224kB / 91kB      807kB / 98.3kB
otel-memory-grafana-1          1.09%     100MiB / 3.819GiB     2.56%     23.4MB / 139kB    590kB / 92.3MB
otel-memory-jaeger-1           0.03%     8.527MiB / 3.819GiB   0.22%     3.69kB / 1.4kB    0B / 0B
otel-memory-renderer-1         0.00%     4.07MiB / 512MiB      0.79%     6.31kB / 4.47kB   238kB / 0B

=== %Y-%m-%dT%H:%M:%S ===
NAME                           CPU %     MEM USAGE / LIMIT     MEM %     NET I/O           BLOCK I/O
otel-memory-otel-collector-1   35.35%    214.5MiB / 512MiB     41.89%    1.08GB / 25.7MB   3.28MB / 0B
otel-memory-prometheus-1       0.23%     17.42MiB / 3.819GiB   0.45%     227kB / 92.3kB    807kB / 98.3kB
otel-memory-grafana-1          0.52%     99.77MiB / 3.819GiB   2.55%     23.4MB / 139kB    590kB / 92.3MB
otel-memory-jaeger-1           0.04%     8.527MiB / 3.819GiB   0.22%     3.69kB / 1.4kB    0B / 0B
otel-memory-renderer-1         0.00%     4.07MiB / 512MiB      0.79%     6.35kB / 4.51kB   238kB / 0B

=== %Y-%m-%dT%H:%M:%S ===
NAME                           CPU %     MEM USAGE / LIMIT     MEM %     NET I/O           BLOCK I/O
otel-memory-otel-collector-1   35.12%    214.3MiB / 512MiB     41.85%    1.09GB / 26MB     3.28MB / 0B
otel-memory-prometheus-1       0.00%     17.16MiB / 3.819GiB   0.44%     229kB / 92.8kB    807kB / 98.3kB
otel-memory-grafana-1          0.39%     100.3MiB / 3.819GiB   2.56%     23.4MB / 139kB    590kB / 92.3MB
otel-memory-jaeger-1           0.04%     8.527MiB / 3.819GiB   0.22%     3.69kB / 1.4kB    0B / 0B
otel-memory-renderer-1         0.00%     4.086MiB / 512MiB     0.80%     6.35kB / 4.51kB   238kB / 0B

=== %Y-%m-%dT%H:%M:%S ===
NAME                           CPU %     MEM USAGE / LIMIT     MEM %     NET I/O           BLOCK I/O
otel-memory-otel-collector-1   37.14%    214.4MiB / 512MiB     41.88%    1.1GB / 26.3MB    3.28MB / 0B
otel-memory-prometheus-1       0.18%     17.41MiB / 3.819GiB   0.45%     232kB / 94kB      807kB / 98.3kB
otel-memory-grafana-1          0.49%     99.77MiB / 3.819GiB   2.55%     23.4MB / 139kB    590kB / 92.3MB
otel-memory-jaeger-1           0.02%     8.527MiB / 3.819GiB   0.22%     3.69kB / 1.4kB    0B / 0B
otel-memory-renderer-1         0.00%     4.082MiB / 512MiB     0.80%     6.35kB / 4.51kB   238kB / 0B

=== %Y-%m-%dT%H:%M:%S ===
NAME                           CPU %     MEM USAGE / LIMIT     MEM %     NET I/O           BLOCK I/O
otel-memory-otel-collector-1   34.83%    214.2MiB / 512MiB     41.84%    1.11GB / 26.5MB   3.28MB / 0B
otel-memory-prometheus-1       0.00%     17.17MiB / 3.819GiB   0.44%     233kB / 94.7kB    807kB / 98.3kB
otel-memory-grafana-1          0.46%     99.77MiB / 3.819GiB   2.55%     23.4MB / 139kB    590kB / 92.3MB
otel-memory-jaeger-1           0.02%     8.527MiB / 3.819GiB   0.22%     3.69kB / 1.4kB    0B / 0B
otel-memory-renderer-1         0.00%     4.09MiB / 512MiB      0.80%     6.48kB / 4.64kB   238kB / 0B

=== %Y-%m-%dT%H:%M:%S ===
NAME                           CPU %     MEM USAGE / LIMIT     MEM %     NET I/O           BLOCK I/O
otel-memory-otel-collector-1   89.83%    215.3MiB / 512MiB     42.04%    1.13GB / 26.9MB   3.97MB / 0B
otel-memory-prometheus-1       0.00%     17.16MiB / 3.819GiB   0.44%     236kB / 95.9kB    807kB / 98.3kB
otel-memory-grafana-1          1.21%     99.78MiB / 3.819GiB   2.55%     23.4MB / 139kB    590kB / 92.3MB
otel-memory-jaeger-1           0.10%     8.527MiB / 3.819GiB   0.22%     3.69kB / 1.4kB    0B / 0B
otel-memory-renderer-1         0.02%     4.09MiB / 512MiB      0.80%     6.53kB / 4.68kB   238kB / 0B

=== %Y-%m-%dT%H:%M:%S ===
NAME                           CPU %     MEM USAGE / LIMIT     MEM %     NET I/O           BLOCK I/O
otel-memory-otel-collector-1   33.51%    218.1MiB / 512MiB     42.59%    1.14GB / 27.2MB   6.96MB / 0B
otel-memory-prometheus-1       0.51%     16.62MiB / 3.819GiB   0.43%     239kB / 97.1kB    807kB / 98.3kB
otel-memory-grafana-1          0.34%     99.48MiB / 3.819GiB   2.54%     23.4MB / 139kB    590kB / 92.3MB
otel-memory-jaeger-1           0.02%     8.527MiB / 3.819GiB   0.22%     3.69kB / 1.4kB    0B / 0B
otel-memory-renderer-1         0.00%     4.465MiB / 512MiB     0.87%     6.53kB / 4.68kB   238kB / 0B

=== %Y-%m-%dT%H:%M:%S ===
NAME                           CPU %     MEM USAGE / LIMIT     MEM %     NET I/O           BLOCK I/O
otel-memory-otel-collector-1   64.24%    211.1MiB / 512MiB     41.24%    1.15GB / 27.5MB   6.96MB / 0B
otel-memory-prometheus-1       0.08%     16.38MiB / 3.819GiB   0.42%     242kB / 98.3kB    807kB / 106kB
otel-memory-grafana-1          1.72%     99.95MiB / 3.819GiB   2.56%     23.4MB / 139kB    655kB / 92.3MB
otel-memory-jaeger-1           0.06%     8.527MiB / 3.819GiB   0.22%     3.69kB / 1.4kB    0B / 0B
otel-memory-renderer-1         0.00%     4.246MiB / 512MiB     0.83%     6.66kB / 4.82kB   238kB / 0B

=== %Y-%m-%dT%H:%M:%S ===
NAME                           CPU %     MEM USAGE / LIMIT     MEM %     NET I/O           BLOCK I/O
otel-memory-otel-collector-1   66.57%    211.9MiB / 512MiB     41.39%    1.17GB / 27.8MB   6.96MB / 0B
otel-memory-prometheus-1       0.27%     16.38MiB / 3.819GiB   0.42%     245kB / 99.5kB    807kB / 106kB
otel-memory-grafana-1          0.36%     99.49MiB / 3.819GiB   2.54%     23.4MB / 139kB    655kB / 92.3MB
otel-memory-jaeger-1           0.02%     8.527MiB / 3.819GiB   0.22%     3.69kB / 1.4kB    0B / 0B
otel-memory-renderer-1         5.90%     4.355MiB / 512MiB     0.85%     6.66kB / 4.82kB   238kB / 0B

=== %Y-%m-%dT%H:%M:%S ===
NAME                           CPU %     MEM USAGE / LIMIT     MEM %     NET I/O           BLOCK I/O
otel-memory-otel-collector-1   19.37%    211.9MiB / 512MiB     41.38%    1.17GB / 28MB     6.96MB / 0B
otel-memory-prometheus-1       0.17%     16.63MiB / 3.819GiB   0.43%     248kB / 100kB     807kB / 106kB
otel-memory-grafana-1          0.72%     99.74MiB / 3.819GiB   2.55%     23.4MB / 139kB    655kB / 92.3MB
otel-memory-jaeger-1           0.02%     8.527MiB / 3.819GiB   0.22%     3.69kB / 1.4kB    0B / 0B
otel-memory-renderer-1         0.00%     4.328MiB / 512MiB     0.85%     6.66kB / 4.82kB   238kB / 0B

=== %Y-%m-%dT%H:%M:%S ===
NAME                           CPU %     MEM USAGE / LIMIT     MEM %     NET I/O           BLOCK I/O
otel-memory-otel-collector-1   17.86%    191.8MiB / 512MiB     37.46%    1.18GB / 28.1MB   6.96MB / 0B
otel-memory-prometheus-1       0.29%     20.87MiB / 3.819GiB   0.53%     251kB / 101kB     1.05MB / 106kB
otel-memory-grafana-1          0.50%     99.48MiB / 3.819GiB   2.54%     23.4MB / 139kB    655kB / 92.3MB
otel-memory-jaeger-1           0.02%     8.773MiB / 3.819GiB   0.22%     3.69kB / 1.4kB    0B / 0B
otel-memory-renderer-1         0.00%     4.098MiB / 512MiB     0.80%     6.66kB / 4.82kB   238kB / 0B

=== %Y-%m-%dT%H:%M:%S ===
NAME                           CPU %     MEM USAGE / LIMIT     MEM %     NET I/O           BLOCK I/O
otel-memory-otel-collector-1   43.69%    180.6MiB / 512MiB     35.28%    1.18GB / 28.3MB   6.96MB / 0B
otel-memory-prometheus-1       0.00%     20.63MiB / 3.819GiB   0.53%     252kB / 102kB     1.05MB / 106kB
otel-memory-grafana-1          0.36%     99.48MiB / 3.819GiB   2.54%     23.4MB / 139kB    655kB / 92.3MB
otel-memory-jaeger-1           0.02%     8.527MiB / 3.819GiB   0.22%     3.69kB / 1.4kB    0B / 0B
otel-memory-renderer-1         0.00%     4.152MiB / 512MiB     0.81%     6.79kB / 4.95kB   238kB / 0B

=== %Y-%m-%dT%H:%M:%S ===
NAME                           CPU %     MEM USAGE / LIMIT     MEM %     NET I/O           BLOCK I/O
otel-memory-otel-collector-1   19.38%    173.7MiB / 512MiB     33.93%    1.19GB / 28.5MB   6.96MB / 0B
otel-memory-prometheus-1       0.00%     20.64MiB / 3.819GiB   0.53%     255kB / 103kB     1.05MB / 106kB
otel-memory-grafana-1          0.47%     99.7MiB / 3.819GiB    2.55%     23.4MB / 139kB    664kB / 92.3MB
otel-memory-jaeger-1           0.02%     8.527MiB / 3.819GiB   0.22%     3.69kB / 1.4kB    0B / 0B
otel-memory-renderer-1         0.01%     4.109MiB / 512MiB     0.80%     6.87kB / 5.03kB   238kB / 0B

=== %Y-%m-%dT%H:%M:%S ===
NAME                           CPU %     MEM USAGE / LIMIT     MEM %     NET I/O           BLOCK I/O
otel-memory-otel-collector-1   17.25%    172.5MiB / 512MiB     33.69%    1.2GB / 28.6MB    6.96MB / 0B
otel-memory-prometheus-1       0.07%     20.89MiB / 3.819GiB   0.53%     258kB / 104kB     1.05MB / 106kB
otel-memory-grafana-1          0.46%     99.49MiB / 3.819GiB   2.54%     23.4MB / 139kB    664kB / 92.3MB
otel-memory-jaeger-1           0.05%     8.527MiB / 3.819GiB   0.22%     3.69kB / 1.4kB    0B / 0B
otel-memory-renderer-1         0.00%     4.105MiB / 512MiB     0.80%     6.87kB / 5.03kB   238kB / 0B

=== %Y-%m-%dT%H:%M:%S ===
NAME                           CPU %     MEM USAGE / LIMIT     MEM %     NET I/O           BLOCK I/O
otel-memory-otel-collector-1   19.21%    172.9MiB / 512MiB     33.78%    1.2GB / 28.8MB    6.96MB / 0B
otel-memory-prometheus-1       0.22%     21.13MiB / 3.819GiB   0.54%     261kB / 106kB     1.05MB / 106kB
otel-memory-grafana-1          0.59%     99.49MiB / 3.819GiB   2.54%     23.4MB / 139kB    664kB / 92.3MB
otel-memory-jaeger-1           0.06%     8.527MiB / 3.819GiB   0.22%     3.69kB / 1.4kB    0B / 0B
otel-memory-renderer-1         0.01%     4.105MiB / 512MiB     0.80%     6.87kB / 5.03kB   238kB / 0B

=== %Y-%m-%dT%H:%M:%S ===
NAME                           CPU %     MEM USAGE / LIMIT     MEM %     NET I/O          BLOCK I/O
otel-memory-otel-collector-1   19.92%    173.1MiB / 512MiB     33.80%    1.21GB / 29MB    7.28MB / 0B
otel-memory-prometheus-1       0.00%     20.64MiB / 3.819GiB   0.53%     263kB / 106kB    1.05MB / 115kB
otel-memory-grafana-1          0.56%     99.7MiB / 3.819GiB    2.55%     23.4MB / 139kB   664kB / 92.3MB
otel-memory-jaeger-1           0.02%     8.527MiB / 3.819GiB   0.22%     3.69kB / 1.4kB   0B / 0B
otel-memory-renderer-1         0.00%     4.105MiB / 512MiB     0.80%     7kB / 5.16kB     238kB / 0B

=== %Y-%m-%dT%H:%M:%S ===
NAME                           CPU %     MEM USAGE / LIMIT     MEM %     NET I/O           BLOCK I/O
otel-memory-otel-collector-1   19.22%    173.7MiB / 512MiB     33.92%    1.22GB / 29.1MB   7.28MB / 0B
otel-memory-prometheus-1       0.11%     20.64MiB / 3.819GiB   0.53%     266kB / 107kB     1.05MB / 115kB
otel-memory-grafana-1          0.58%     99.74MiB / 3.819GiB   2.55%     23.4MB / 139kB    664kB / 92.3MB
otel-memory-jaeger-1           0.02%     8.527MiB / 3.819GiB   0.22%     3.69kB / 1.4kB    0B / 0B
otel-memory-renderer-1         0.00%     4.191MiB / 512MiB     0.82%     7kB / 5.16kB      238kB / 0B

=== %Y-%m-%dT%H:%M:%S ===
NAME                           CPU %     MEM USAGE / LIMIT     MEM %     NET I/O           BLOCK I/O
otel-memory-otel-collector-1   16.09%    173.8MiB / 512MiB     33.95%    1.22GB / 29.3MB   7.28MB / 0B
otel-memory-prometheus-1       0.00%     20.65MiB / 3.819GiB   0.53%     267kB / 108kB     1.05MB / 115kB
otel-memory-grafana-1          0.39%     99.49MiB / 3.819GiB   2.54%     23.4MB / 139kB    664kB / 92.3MB
otel-memory-jaeger-1           0.03%     8.527MiB / 3.819GiB   0.22%     3.69kB / 1.4kB    0B / 0B
otel-memory-renderer-1         0.01%     4.105MiB / 512MiB     0.80%     7kB / 5.16kB      238kB / 0B

=== %Y-%m-%dT%H:%M:%S ===
NAME                           CPU %     MEM USAGE / LIMIT     MEM %     NET I/O           BLOCK I/O
otel-memory-otel-collector-1   18.86%    177.6MiB / 512MiB     34.69%    1.23GB / 29.5MB   7.28MB / 0B
otel-memory-prometheus-1       0.05%     20.9MiB / 3.819GiB    0.53%     270kB / 109kB     1.05MB / 119kB
otel-memory-grafana-1          0.44%     99.99MiB / 3.819GiB   2.56%     23.4MB / 140kB    664kB / 92.3MB
otel-memory-jaeger-1           0.03%     8.527MiB / 3.819GiB   0.22%     3.69kB / 1.4kB    0B / 0B
otel-memory-renderer-1         0.00%     4.117MiB / 512MiB     0.80%     7.14kB / 5.3kB    238kB / 0B

=== %Y-%m-%dT%H:%M:%S ===
NAME                           CPU %     MEM USAGE / LIMIT     MEM %     NET I/O           BLOCK I/O
otel-memory-otel-collector-1   18.03%    180.4MiB / 512MiB     35.23%    1.24GB / 29.6MB   7.28MB / 0B
otel-memory-prometheus-1       0.08%     20.64MiB / 3.819GiB   0.53%     273kB / 110kB     1.05MB / 119kB
otel-memory-grafana-1          1.18%     99.98MiB / 3.819GiB   2.56%     23.4MB / 140kB    664kB / 92.4MB
otel-memory-jaeger-1           0.05%     8.527MiB / 3.819GiB   0.22%     3.69kB / 1.4kB    0B / 0B
otel-memory-renderer-1         0.00%     4.117MiB / 512MiB     0.80%     7.18kB / 5.34kB   238kB / 0B

=== %Y-%m-%dT%H:%M:%S ===
NAME                           CPU %     MEM USAGE / LIMIT     MEM %     NET I/O           BLOCK I/O
otel-memory-otel-collector-1   47.08%    181.4MiB / 512MiB     35.43%    1.24GB / 29.8MB   7.28MB / 0B
otel-memory-prometheus-1       0.25%     20.89MiB / 3.819GiB   0.53%     276kB / 112kB     1.05MB / 119kB
otel-memory-grafana-1          0.57%     99.73MiB / 3.819GiB   2.55%     23.4MB / 140kB    664kB / 92.4MB
otel-memory-jaeger-1           0.06%     8.527MiB / 3.819GiB   0.22%     3.69kB / 1.4kB    0B / 0B
otel-memory-renderer-1         0.00%     4.113MiB / 512MiB     0.80%     7.18kB / 5.34kB   238kB / 0B

=== %Y-%m-%dT%H:%M:%S ===
NAME                           CPU %     MEM USAGE / LIMIT     MEM %     NET I/O           BLOCK I/O
otel-memory-otel-collector-1   18.93%    182.1MiB / 512MiB     35.56%    1.25GB / 30MB     7.28MB / 0B
otel-memory-prometheus-1       0.00%     20.91MiB / 3.819GiB   0.53%     279kB / 112kB     1.05MB / 119kB
otel-memory-grafana-1          0.43%     99.75MiB / 3.819GiB   2.55%     23.4MB / 140kB    664kB / 92.4MB
otel-memory-jaeger-1           0.02%     8.527MiB / 3.819GiB   0.22%     3.69kB / 1.4kB    0B / 0B
otel-memory-renderer-1         0.01%     4.156MiB / 512MiB     0.81%     7.18kB / 5.34kB   238kB / 0B

=== %Y-%m-%dT%H:%M:%S ===
NAME                           CPU %     MEM USAGE / LIMIT     MEM %     NET I/O           BLOCK I/O
otel-memory-otel-collector-1   18.77%    182.8MiB / 512MiB     35.71%    1.26GB / 30.2MB   7.28MB / 0B
otel-memory-prometheus-1       0.00%     20.9MiB / 3.819GiB    0.53%     279kB / 113kB     1.05MB / 119kB
otel-memory-grafana-1          0.50%     99.5MiB / 3.819GiB    2.54%     23.4MB / 140kB    664kB / 92.4MB
otel-memory-jaeger-1           0.02%     8.527MiB / 3.819GiB   0.22%     3.69kB / 1.4kB    0B / 0B
otel-memory-renderer-1         0.00%     4.141MiB / 512MiB     0.81%     7.31kB / 5.47kB   238kB / 0B

=== %Y-%m-%dT%H:%M:%S ===
NAME                           CPU %     MEM USAGE / LIMIT     MEM %     NET I/O           BLOCK I/O
otel-memory-otel-collector-1   19.02%    185.8MiB / 512MiB     36.29%    1.26GB / 30.4MB   7.28MB / 0B
otel-memory-prometheus-1       0.00%     21.14MiB / 3.819GiB   0.54%     283kB / 114kB     1.05MB / 119kB
otel-memory-grafana-1          0.50%     99.5MiB / 3.819GiB    2.54%     23.4MB / 140kB    664kB / 92.4MB
otel-memory-jaeger-1           0.02%     8.527MiB / 3.819GiB   0.22%     3.69kB / 1.4kB    0B / 0B
otel-memory-renderer-1         0.00%     4.152MiB / 512MiB     0.81%     7.35kB / 5.51kB   238kB / 0B

=== %Y-%m-%dT%H:%M:%S ===
NAME                           CPU %     MEM USAGE / LIMIT     MEM %     NET I/O           BLOCK I/O
otel-memory-otel-collector-1   18.17%    185.5MiB / 512MiB     36.23%    1.27GB / 30.5MB   7.28MB / 0B
otel-memory-prometheus-1       0.00%     20.9MiB / 3.819GiB    0.53%     286kB / 115kB     1.05MB / 127kB
otel-memory-grafana-1          0.47%     99.5MiB / 3.819GiB    2.54%     23.4MB / 140kB    664kB / 92.4MB
otel-memory-jaeger-1           0.03%     8.527MiB / 3.819GiB   0.22%     3.69kB / 1.4kB    0B / 0B
otel-memory-renderer-1         0.00%     4.148MiB / 512MiB     0.81%     7.35kB / 5.51kB   238kB / 0B

=== %Y-%m-%dT%H:%M:%S ===
NAME                           CPU %     MEM USAGE / LIMIT     MEM %     NET I/O           BLOCK I/O
otel-memory-otel-collector-1   17.98%    180.1MiB / 512MiB     35.18%    1.27GB / 30.7MB   7.28MB / 0B
otel-memory-prometheus-1       0.06%     20.89MiB / 3.819GiB   0.53%     289kB / 116kB     1.05MB / 127kB
otel-memory-grafana-1          0.50%     99.5MiB / 3.819GiB    2.54%     23.4MB / 140kB    664kB / 92.4MB
otel-memory-jaeger-1           0.03%     8.527MiB / 3.819GiB   0.22%     3.69kB / 1.4kB    0B / 0B
otel-memory-renderer-1         5.00%     4.445MiB / 512MiB     0.87%     7.49kB / 5.64kB   238kB / 0B

=== %Y-%m-%dT%H:%M:%S ===
NAME                           CPU %     MEM USAGE / LIMIT     MEM %     NET I/O           BLOCK I/O
otel-memory-otel-collector-1   41.66%    180MiB / 512MiB       35.15%    1.28GB / 30.8MB   7.28MB / 0B
otel-memory-prometheus-1       0.24%     21.16MiB / 3.819GiB   0.54%     292kB / 118kB     1.05MB / 127kB
otel-memory-grafana-1          1.60%     99.99MiB / 3.819GiB   2.56%     23.4MB / 140kB    664kB / 92.4MB
otel-memory-jaeger-1           0.06%     8.527MiB / 3.819GiB   0.22%     3.69kB / 1.4kB    0B / 0B
otel-memory-renderer-1         0.00%     4.148MiB / 512MiB     0.81%     7.49kB / 5.64kB   238kB / 0B

=== %Y-%m-%dT%H:%M:%S ===
NAME                           CPU %     MEM USAGE / LIMIT     MEM %     NET I/O           BLOCK I/O
otel-memory-otel-collector-1   16.73%    180.5MiB / 512MiB     35.26%    1.29GB / 31MB     7.28MB / 0B
otel-memory-prometheus-1       0.00%     21.16MiB / 3.819GiB   0.54%     294kB / 118kB     1.05MB / 127kB
otel-memory-grafana-1          0.42%     99.51MiB / 3.819GiB   2.54%     23.4MB / 140kB    664kB / 92.4MB
otel-memory-jaeger-1           0.03%     8.527MiB / 3.819GiB   0.22%     3.69kB / 1.4kB    0B / 0B
otel-memory-renderer-1         0.00%     4.148MiB / 512MiB     0.81%     7.53kB / 5.69kB   238kB / 0B

=== %Y-%m-%dT%H:%M:%S ===
NAME                           CPU %     MEM USAGE / LIMIT     MEM %     NET I/O           BLOCK I/O
otel-memory-otel-collector-1   17.00%    179.1MiB / 512MiB     34.98%    1.29GB / 31.2MB   7.28MB / 0B
otel-memory-prometheus-1       0.13%     20.92MiB / 3.819GiB   0.53%     298kB / 119kB     1.05MB / 127kB
otel-memory-grafana-1          0.31%     99.51MiB / 3.819GiB   2.54%     23.4MB / 140kB    664kB / 92.4MB
otel-memory-jaeger-1           0.03%     8.527MiB / 3.819GiB   0.22%     3.69kB / 1.4kB    0B / 0B
otel-memory-renderer-1         0.01%     4.156MiB / 512MiB     0.81%     7.53kB / 5.69kB   238kB / 0B

=== %Y-%m-%dT%H:%M:%S ===
NAME                           CPU %     MEM USAGE / LIMIT     MEM %     NET I/O           BLOCK I/O
otel-memory-otel-collector-1   17.02%    179.3MiB / 512MiB     35.03%    1.3GB / 31.3MB    7.28MB / 0B
otel-memory-prometheus-1       0.00%     20.67MiB / 3.819GiB   0.53%     298kB / 120kB     1.05MB / 127kB
otel-memory-grafana-1          0.44%     99.97MiB / 3.819GiB   2.56%     23.4MB / 140kB    815kB / 92.4MB
otel-memory-jaeger-1           0.02%     8.527MiB / 3.819GiB   0.22%     3.76kB / 1.4kB    0B / 0B
otel-memory-renderer-1         0.00%     4.156MiB / 512MiB     0.81%     7.66kB / 5.82kB   238kB / 0B

=== %Y-%m-%dT%H:%M:%S ===
NAME                           CPU %     MEM USAGE / LIMIT     MEM %     NET I/O           BLOCK I/O
otel-memory-otel-collector-1   17.62%    178.7MiB / 512MiB     34.90%    1.3GB / 31.5MB    7.28MB / 0B
otel-memory-prometheus-1       0.00%     20.91MiB / 3.819GiB   0.53%     301kB / 121kB     1.05MB / 127kB
otel-memory-grafana-1          0.47%     99.91MiB / 3.819GiB   2.55%     23.4MB / 140kB    815kB / 92.4MB
otel-memory-jaeger-1           0.02%     8.527MiB / 3.819GiB   0.22%     3.76kB / 1.4kB    0B / 0B
otel-memory-renderer-1         0.00%     4.289MiB / 512MiB     0.84%     7.66kB / 5.82kB   238kB / 0B

=== %Y-%m-%dT%H:%M:%S ===
NAME                           CPU %     MEM USAGE / LIMIT     MEM %     NET I/O           BLOCK I/O
otel-memory-otel-collector-1   18.87%    176.5MiB / 512MiB     34.47%    1.31GB / 31.7MB   7.28MB / 0B
otel-memory-prometheus-1       0.20%     20.91MiB / 3.819GiB   0.53%     304kB / 123kB     1.05MB / 127kB
otel-memory-grafana-1          1.14%     100.1MiB / 3.819GiB   2.56%     23.4MB / 140kB    815kB / 92.4MB
otel-memory-jaeger-1           0.07%     8.527MiB / 3.819GiB   0.22%     3.76kB / 1.4kB    0B / 0B
otel-memory-renderer-1         0.00%     4.289MiB / 512MiB     0.84%     7.66kB / 5.82kB   238kB / 0B

=== %Y-%m-%dT%H:%M:%S ===
NAME                           CPU %     MEM USAGE / LIMIT     MEM %     NET I/O           BLOCK I/O
otel-memory-otel-collector-1   42.96%    176.6MiB / 512MiB     34.50%    1.32GB / 31.9MB   7.28MB / 0B
otel-memory-prometheus-1       0.26%     20.91MiB / 3.819GiB   0.53%     308kB / 124kB     1.05MB / 135kB
otel-memory-grafana-1          0.45%     99.66MiB / 3.819GiB   2.55%     23.4MB / 140kB    815kB / 92.4MB
otel-memory-jaeger-1           0.07%     8.527MiB / 3.819GiB   0.22%     3.76kB / 1.4kB    0B / 0B
otel-memory-renderer-1         0.00%     4.172MiB / 512MiB     0.81%     7.66kB / 5.82kB   238kB / 0B

=== %Y-%m-%dT%H:%M:%S ===
NAME                           CPU %     MEM USAGE / LIMIT     MEM %     NET I/O           BLOCK I/O
otel-memory-otel-collector-1   18.31%    177.3MiB / 512MiB     34.63%    1.33GB / 32.1MB   7.28MB / 0B
otel-memory-prometheus-1       0.23%     20.91MiB / 3.819GiB   0.53%     310kB / 124kB     1.05MB / 135kB
otel-memory-grafana-1          0.66%     99.66MiB / 3.819GiB   2.55%     23.4MB / 140kB    815kB / 92.4MB
otel-memory-jaeger-1           0.02%     8.527MiB / 3.819GiB   0.22%     3.76kB / 1.4kB    0B / 0B
otel-memory-renderer-1         0.01%     4.188MiB / 512MiB     0.82%     7.79kB / 5.95kB   238kB / 0B

=== %Y-%m-%dT%H:%M:%S ===
NAME                           CPU %     MEM USAGE / LIMIT     MEM %     NET I/O           BLOCK I/O
otel-memory-otel-collector-1   20.49%    177.3MiB / 512MiB     34.63%    1.33GB / 32.2MB   7.28MB / 0B
otel-memory-prometheus-1       0.00%     20.91MiB / 3.819GiB   0.53%     311kB / 125kB     1.05MB / 135kB
otel-memory-grafana-1          0.50%     99.66MiB / 3.819GiB   2.55%     23.4MB / 140kB    815kB / 92.4MB
otel-memory-jaeger-1           0.03%     8.527MiB / 3.819GiB   0.22%     3.76kB / 1.4kB    0B / 0B
otel-memory-renderer-1         0.00%     4.184MiB / 512MiB     0.82%     7.88kB / 6.03kB   238kB / 0B

=== %Y-%m-%dT%H:%M:%S ===
NAME                           CPU %     MEM USAGE / LIMIT     MEM %     NET I/O           BLOCK I/O
otel-memory-otel-collector-1   40.25%    177.2MiB / 512MiB     34.61%    1.34GB / 32.4MB   7.28MB / 0B
otel-memory-prometheus-1       0.00%     20.91MiB / 3.819GiB   0.53%     314kB / 126kB     1.05MB / 135kB
otel-memory-grafana-1          0.44%     99.66MiB / 3.819GiB   2.55%     23.4MB / 140kB    815kB / 92.4MB
otel-memory-jaeger-1           0.02%     8.527MiB / 3.819GiB   0.22%     3.76kB / 1.4kB    0B / 0B
otel-memory-renderer-1         0.00%     4.465MiB / 512MiB     0.87%     7.88kB / 6.03kB   238kB / 0B

=== %Y-%m-%dT%H:%M:%S ===
NAME                           CPU %     MEM USAGE / LIMIT     MEM %     NET I/O           BLOCK I/O
otel-memory-otel-collector-1   17.62%    177.2MiB / 512MiB     34.61%    1.35GB / 32.6MB   7.28MB / 0B
otel-memory-prometheus-1       0.00%     21.17MiB / 3.819GiB   0.54%     317kB / 127kB     1.05MB / 135kB
otel-memory-grafana-1          0.50%     99.66MiB / 3.819GiB   2.55%     23.4MB / 140kB    815kB / 92.4MB
otel-memory-jaeger-1           0.07%     8.527MiB / 3.819GiB   0.22%     3.76kB / 1.4kB    0B / 0B
otel-memory-renderer-1         0.00%     4.25MiB / 512MiB      0.83%     8.01kB / 6.17kB   238kB / 0B

=== %Y-%m-%dT%H:%M:%S ===
NAME                           CPU %     MEM USAGE / LIMIT     MEM %     NET I/O           BLOCK I/O
otel-memory-otel-collector-1   18.94%    178.3MiB / 512MiB     34.83%    1.35GB / 32.7MB   7.28MB / 0B
otel-memory-prometheus-1       0.07%     20.91MiB / 3.819GiB   0.53%     320kB / 129kB     1.05MB / 135kB
otel-memory-grafana-1          0.44%     99.66MiB / 3.819GiB   2.55%     23.4MB / 140kB    815kB / 92.4MB
otel-memory-jaeger-1           0.05%     8.527MiB / 3.819GiB   0.22%     3.76kB / 1.4kB    0B / 0B
otel-memory-renderer-1         0.01%     4.191MiB / 512MiB     0.82%     8.01kB / 6.17kB   238kB / 0B

=== %Y-%m-%dT%H:%M:%S ===
NAME                           CPU %     MEM USAGE / LIMIT     MEM %     NET I/O           BLOCK I/O
otel-memory-otel-collector-1   41.75%    179.2MiB / 512MiB     35.00%    1.36GB / 32.9MB   7.28MB / 0B
otel-memory-prometheus-1       0.25%     20.93MiB / 3.819GiB   0.54%     323kB / 130kB     1.05MB / 135kB
otel-memory-grafana-1          0.54%     99.66MiB / 3.819GiB   2.55%     23.4MB / 140kB    815kB / 92.4MB
otel-memory-jaeger-1           0.08%     8.527MiB / 3.819GiB   0.22%     3.76kB / 1.4kB    0B / 0B
otel-memory-renderer-1         0.00%     4.203MiB / 512MiB     0.82%     8.01kB / 6.17kB   238kB / 0B

=== %Y-%m-%dT%H:%M:%S ===
NAME                           CPU %     MEM USAGE / LIMIT     MEM %     NET I/O           BLOCK I/O
otel-memory-otel-collector-1   19.68%    179.3MiB / 512MiB     35.02%    1.37GB / 33.1MB   7.28MB / 0B
otel-memory-prometheus-1       0.20%     21.15MiB / 3.819GiB   0.54%     326kB / 130kB     1.05MB / 135kB
otel-memory-grafana-1          0.40%     99.66MiB / 3.819GiB   2.55%     23.4MB / 140kB    815kB / 92.4MB
otel-memory-jaeger-1           0.02%     8.527MiB / 3.819GiB   0.22%     3.76kB / 1.4kB    0B / 0B
otel-memory-renderer-1         0.00%     4.199MiB / 512MiB     0.82%     8.01kB / 6.17kB   238kB / 0B

=== %Y-%m-%dT%H:%M:%S ===
NAME                           CPU %     MEM USAGE / LIMIT     MEM %     NET I/O           BLOCK I/O
otel-memory-otel-collector-1   18.66%    179.3MiB / 512MiB     35.02%    1.37GB / 33.3MB   7.28MB / 0B
otel-memory-prometheus-1       0.24%     20.92MiB / 3.819GiB   0.53%     329kB / 132kB     1.05MB / 143kB
otel-memory-grafana-1          0.46%     99.66MiB / 3.819GiB   2.55%     23.4MB / 141kB    815kB / 92.4MB
otel-memory-jaeger-1           0.03%     8.527MiB / 3.819GiB   0.22%     3.76kB / 1.4kB    0B / 0B
otel-memory-renderer-1         0.01%     4.219MiB / 512MiB     0.82%     8.14kB / 6.3kB    238kB / 0B

=== %Y-%m-%dT%H:%M:%S ===
NAME                           CPU %     MEM USAGE / LIMIT     MEM %     NET I/O           BLOCK I/O
otel-memory-otel-collector-1   41.64%    176.6MiB / 512MiB     34.50%    1.38GB / 33.4MB   7.28MB / 0B
otel-memory-prometheus-1       0.00%     20.92MiB / 3.819GiB   0.53%     329kB / 132kB     1.05MB / 143kB
otel-memory-grafana-1          0.52%     99.98MiB / 3.819GiB   2.56%     23.4MB / 141kB    815kB / 92.4MB
otel-memory-jaeger-1           0.03%     8.527MiB / 3.819GiB   0.22%     3.76kB / 1.4kB    0B / 0B
otel-memory-renderer-1         0.00%     4.215MiB / 512MiB     0.82%     8.14kB / 6.3kB    238kB / 0B

=== %Y-%m-%dT%H:%M:%S ===
NAME                           CPU %     MEM USAGE / LIMIT     MEM %     NET I/O           BLOCK I/O
otel-memory-otel-collector-1   16.04%    178.6MiB / 512MiB     34.89%    1.38GB / 33.6MB   7.28MB / 0B
otel-memory-prometheus-1       0.34%     20.92MiB / 3.819GiB   0.53%     333kB / 133kB     1.05MB / 143kB
otel-memory-grafana-1          0.45%     99.75MiB / 3.819GiB   2.55%     23.4MB / 141kB    909kB / 92.4MB
otel-memory-jaeger-1           0.03%     8.527MiB / 3.819GiB   0.22%     3.76kB / 1.4kB    0B / 0B
otel-memory-renderer-1         4.93%     4.645MiB / 512MiB     0.91%     8.18kB / 6.34kB   238kB / 0B

=== %Y-%m-%dT%H:%M:%S ===
NAME                           CPU %     MEM USAGE / LIMIT     MEM %     NET I/O           BLOCK I/O
otel-memory-otel-collector-1   18.02%    177MiB / 512MiB       34.57%    1.39GB / 33.8MB   7.28MB / 0B
otel-memory-prometheus-1       0.07%     21.17MiB / 3.819GiB   0.54%     336kB / 135kB     1.05MB / 143kB
otel-memory-grafana-1          0.99%     99.75MiB / 3.819GiB   2.55%     23.4MB / 141kB    909kB / 92.4MB
otel-memory-jaeger-1           0.05%     8.527MiB / 3.819GiB   0.22%     3.76kB / 1.4kB    0B / 0B
otel-memory-renderer-1         0.01%     4.234MiB / 512MiB     0.83%     8.18kB / 6.34kB   238kB / 0B

=== %Y-%m-%dT%H:%M:%S ===
NAME                           CPU %     MEM USAGE / LIMIT     MEM %     NET I/O           BLOCK I/O
otel-memory-otel-collector-1   17.77%    176.8MiB / 512MiB     34.53%    1.4GB / 33.9MB    7.28MB / 0B
otel-memory-prometheus-1       0.26%     20.91MiB / 3.819GiB   0.53%     339kB / 136kB     1.05MB / 143kB
otel-memory-grafana-1          0.49%     99.75MiB / 3.819GiB   2.55%     23.4MB / 141kB    909kB / 92.4MB
otel-memory-jaeger-1           0.07%     8.773MiB / 3.819GiB   0.22%     3.76kB / 1.4kB    0B / 0B
otel-memory-renderer-1         0.00%     4.234MiB / 512MiB     0.83%     8.38kB / 6.47kB   238kB / 0B

=== %Y-%m-%dT%H:%M:%S ===
NAME                           CPU %     MEM USAGE / LIMIT     MEM %     NET I/O           BLOCK I/O
otel-memory-otel-collector-1   17.28%    176.9MiB / 512MiB     34.55%    1.4GB / 34.1MB    7.28MB / 0B
otel-memory-prometheus-1       0.00%     20.92MiB / 3.819GiB   0.53%     341kB / 136kB     1.05MB / 143kB
otel-memory-grafana-1          0.61%     100MiB / 3.819GiB     2.56%     23.4MB / 141kB    909kB / 92.4MB
otel-memory-jaeger-1           0.02%     8.527MiB / 3.819GiB   0.22%     3.76kB / 1.4kB    0B / 0B
otel-memory-renderer-1         0.01%     4.238MiB / 512MiB     0.83%     8.43kB / 6.51kB   238kB / 0B

=== %Y-%m-%dT%H:%M:%S ===
NAME                           CPU %     MEM USAGE / LIMIT     MEM %     NET I/O           BLOCK I/O
otel-memory-otel-collector-1   18.16%    177.1MiB / 512MiB     34.58%    1.41GB / 34.3MB   7.28MB / 0B
otel-memory-prometheus-1       0.00%     20.92MiB / 3.819GiB   0.53%     342kB / 137kB     1.05MB / 143kB
otel-memory-grafana-1          0.45%     100.2MiB / 3.819GiB   2.56%     23.4MB / 141kB    909kB / 92.4MB
otel-memory-jaeger-1           0.02%     8.527MiB / 3.819GiB   0.22%     3.76kB / 1.4kB    0B / 0B
otel-memory-renderer-1         0.00%     4.234MiB / 512MiB     0.83%     8.43kB / 6.51kB   238kB / 0B

=== %Y-%m-%dT%H:%M:%S ===
NAME                           CPU %     MEM USAGE / LIMIT     MEM %     NET I/O           BLOCK I/O
otel-memory-otel-collector-1   18.46%    177MiB / 512MiB       34.57%    1.42GB / 34.4MB   7.28MB / 0B
otel-memory-prometheus-1       0.00%     20.68MiB / 3.819GiB   0.53%     345kB / 138kB     1.05MB / 143kB
otel-memory-grafana-1          0.50%     99.75MiB / 3.819GiB   2.55%     23.4MB / 141kB    909kB / 92.4MB
otel-memory-jaeger-1           0.03%     8.527MiB / 3.819GiB   0.22%     3.76kB / 1.4kB    0B / 0B
otel-memory-renderer-1         5.51%     4.305MiB / 512MiB     0.84%     8.43kB / 6.51kB   238kB / 0B

=== %Y-%m-%dT%H:%M:%S ===
NAME                           CPU %     MEM USAGE / LIMIT     MEM %     NET I/O           BLOCK I/O
otel-memory-otel-collector-1   16.99%    174.6MiB / 512MiB     34.11%    1.42GB / 34.6MB   7.28MB / 0B
otel-memory-prometheus-1       0.00%     20.68MiB / 3.819GiB   0.53%     348kB / 139kB     1.05MB / 152kB
otel-memory-grafana-1          0.41%     99.96MiB / 3.819GiB   2.56%     23.4MB / 141kB    909kB / 92.4MB
otel-memory-jaeger-1           0.03%     8.527MiB / 3.819GiB   0.22%     3.76kB / 1.4kB    0B / 0B
otel-memory-renderer-1         0.00%     4.25MiB / 512MiB      0.83%     8.56kB / 6.65kB   238kB / 0B

=== %Y-%m-%dT%H:%M:%S ===
NAME                           CPU %     MEM USAGE / LIMIT     MEM %     NET I/O           BLOCK I/O
otel-memory-otel-collector-1   34.70%    174.2MiB / 512MiB     34.03%    1.43GB / 34.7MB   7.28MB / 0B
otel-memory-prometheus-1       0.06%     21.18MiB / 3.819GiB   0.54%     351kB / 141kB     1.05MB / 152kB
otel-memory-grafana-1          0.44%     99.96MiB / 3.819GiB   2.56%     23.4MB / 141kB    909kB / 92.4MB
otel-memory-jaeger-1           0.05%     8.527MiB / 3.819GiB   0.22%     3.76kB / 1.4kB    0B / 0B
otel-memory-renderer-1         0.01%     4.246MiB / 512MiB     0.83%     8.6kB / 6.69kB    238kB / 0B

=== %Y-%m-%dT%H:%M:%S ===
NAME                           CPU %     MEM USAGE / LIMIT     MEM %     NET I/O          BLOCK I/O
otel-memory-otel-collector-1   18.72%    173.9MiB / 512MiB     33.97%    1.43GB / 35MB    7.28MB / 0B
otel-memory-prometheus-1       0.21%     21.17MiB / 3.819GiB   0.54%     354kB / 142kB    1.25MB / 152kB
otel-memory-grafana-1          0.52%     99.75MiB / 3.819GiB   2.55%     23.4MB / 141kB   909kB / 92.4MB
otel-memory-jaeger-1           0.08%     8.527MiB / 3.819GiB   0.22%     3.76kB / 1.4kB   0B / 0B
otel-memory-renderer-1         0.00%     4.258MiB / 512MiB     0.83%     8.6kB / 6.69kB   238kB / 0B

=== %Y-%m-%dT%H:%M:%S ===
NAME                           CPU %     MEM USAGE / LIMIT     MEM %     NET I/O           BLOCK I/O
otel-memory-otel-collector-1   17.86%    174.3MiB / 512MiB     34.04%    1.44GB / 35.1MB   7.28MB / 0B
otel-memory-prometheus-1       0.00%     20.87MiB / 3.819GiB   0.53%     357kB / 142kB     1.25MB / 152kB
otel-memory-grafana-1          0.61%     99.97MiB / 3.819GiB   2.56%     23.4MB / 141kB    909kB / 92.4MB
otel-memory-jaeger-1           0.02%     8.527MiB / 3.819GiB   0.22%     3.76kB / 1.4kB    0B / 0B
otel-memory-renderer-1         0.01%     4.254MiB / 512MiB     0.83%     8.73kB / 6.82kB   238kB / 0B

=== %Y-%m-%dT%H:%M:%S ===
NAME                           CPU %     MEM USAGE / LIMIT     MEM %     NET I/O           BLOCK I/O
otel-memory-otel-collector-1   40.91%    174.2MiB / 512MiB     34.03%    1.45GB / 35.3MB   7.28MB / 0B
otel-memory-prometheus-1       0.22%     20.87MiB / 3.819GiB   0.53%     360kB / 144kB     1.25MB / 152kB
otel-memory-grafana-1          0.53%     99.97MiB / 3.819GiB   2.56%     23.4MB / 141kB    909kB / 92.4MB
otel-memory-jaeger-1           0.03%     8.527MiB / 3.819GiB   0.22%     3.76kB / 1.4kB    0B / 0B
otel-memory-renderer-1         5.56%     4.57MiB / 512MiB      0.89%     8.73kB / 6.82kB   238kB / 0B

=== %Y-%m-%dT%H:%M:%S ===
NAME                           CPU %     MEM USAGE / LIMIT     MEM %     NET I/O           BLOCK I/O
otel-memory-otel-collector-1   18.72%    174.3MiB / 512MiB     34.04%    1.45GB / 35.5MB   7.28MB / 0B
otel-memory-prometheus-1       0.00%     21.14MiB / 3.819GiB   0.54%     361kB / 144kB     1.25MB / 152kB
otel-memory-grafana-1          0.42%     99.75MiB / 3.819GiB   2.55%     23.4MB / 141kB    909kB / 92.4MB
otel-memory-jaeger-1           0.02%     8.527MiB / 3.819GiB   0.22%     3.76kB / 1.4kB    0B / 0B
otel-memory-renderer-1         0.00%     4.258MiB / 512MiB     0.83%     8.73kB / 6.82kB   238kB / 0B

=== %Y-%m-%dT%H:%M:%S ===
NAME                           CPU %     MEM USAGE / LIMIT     MEM %     NET I/O           BLOCK I/O
otel-memory-otel-collector-1   19.78%    174.2MiB / 512MiB     34.03%    1.46GB / 35.6MB   7.28MB / 0B
otel-memory-prometheus-1       0.00%     21.14MiB / 3.819GiB   0.54%     364kB / 146kB     1.25MB / 152kB
otel-memory-grafana-1          0.45%     100MiB / 3.819GiB     2.56%     23.4MB / 141kB    909kB / 92.4MB
otel-memory-jaeger-1           0.02%     8.527MiB / 3.819GiB   0.22%     3.76kB / 1.4kB    0B / 0B
otel-memory-renderer-1         0.00%     4.258MiB / 512MiB     0.83%     8.73kB / 6.82kB   238kB / 0B

=== %Y-%m-%dT%H:%M:%S ===
NAME                           CPU %     MEM USAGE / LIMIT     MEM %     NET I/O           BLOCK I/O
otel-memory-otel-collector-1   42.70%    174.1MiB / 512MiB     34.01%    1.47GB / 35.8MB   7.28MB / 0B
otel-memory-prometheus-1       0.10%     21.11MiB / 3.819GiB   0.54%     367kB / 147kB     1.25MB / 160kB
otel-memory-grafana-1          1.11%     100.6MiB / 3.819GiB   2.57%     23.4MB / 143kB    1.86MB / 92.5MB
otel-memory-jaeger-1           0.06%     8.527MiB / 3.819GiB   0.22%     3.76kB / 1.4kB    0B / 0B
otel-memory-renderer-1         0.00%     4.266MiB / 512MiB     0.83%     8.86kB / 6.95kB   238kB / 0B

=== %Y-%m-%dT%H:%M:%S ===
NAME                           CPU %     MEM USAGE / LIMIT     MEM %     NET I/O           BLOCK I/O
otel-memory-otel-collector-1   19.26%    174.3MiB / 512MiB     34.04%    1.47GB / 36MB     7.28MB / 0B
otel-memory-prometheus-1       0.00%     21.11MiB / 3.819GiB   0.54%     369kB / 147kB     1.25MB / 160kB
otel-memory-grafana-1          0.41%     100.5MiB / 3.819GiB   2.57%     23.4MB / 144kB    1.86MB / 92.5MB
otel-memory-jaeger-1           0.05%     8.527MiB / 3.819GiB   0.22%     3.76kB / 1.4kB    0B / 0B
otel-memory-renderer-1         0.00%     4.266MiB / 512MiB     0.83%     8.95kB / 7.04kB   238kB / 0B

=== %Y-%m-%dT%H:%M:%S ===
NAME                           CPU %     MEM USAGE / LIMIT     MEM %     NET I/O           BLOCK I/O
otel-memory-otel-collector-1   19.10%    174.3MiB / 512MiB     34.05%    1.48GB / 36.1MB   7.28MB / 0B
otel-memory-prometheus-1       0.00%     21.12MiB / 3.819GiB   0.54%     373kB / 148kB     1.25MB / 160kB
otel-memory-grafana-1          0.63%     101MiB / 3.819GiB     2.58%     23.4MB / 144kB    1.86MB / 92.5MB
otel-memory-jaeger-1           0.03%     8.527MiB / 3.819GiB   0.22%     3.76kB / 1.4kB    0B / 0B
otel-memory-renderer-1         0.01%     4.273MiB / 512MiB     0.83%     8.95kB / 7.04kB   238kB / 0B

=== %Y-%m-%dT%H:%M:%S ===
NAME                           CPU %     MEM USAGE / LIMIT     MEM %     NET I/O           BLOCK I/O
otel-memory-otel-collector-1   43.22%    174.2MiB / 512MiB     34.02%    1.49GB / 36.3MB   7.28MB / 0B
otel-memory-prometheus-1       0.12%     21.12MiB / 3.819GiB   0.54%     376kB / 150kB     1.25MB / 160kB
otel-memory-grafana-1          0.41%     101MiB / 3.819GiB     2.58%     23.4MB / 144kB    1.86MB / 92.5MB
otel-memory-jaeger-1           0.02%     8.527MiB / 3.819GiB   0.22%     3.76kB / 1.4kB    0B / 0B
otel-memory-renderer-1         0.01%     4.273MiB / 512MiB     0.83%     8.95kB / 7.04kB   238kB / 0B

=== %Y-%m-%dT%H:%M:%S ===
NAME                           CPU %     MEM USAGE / LIMIT     MEM %     NET I/O           BLOCK I/O
otel-memory-otel-collector-1   0.56%     174.1MiB / 512MiB     34.01%    1.49GB / 36.4MB   7.28MB / 0B
otel-memory-prometheus-1       0.00%     20.87MiB / 3.819GiB   0.53%     376kB / 150kB     1.25MB / 160kB
otel-memory-grafana-1          0.60%     100.6MiB / 3.819GiB   2.57%     23.4MB / 144kB    1.86MB / 92.5MB
otel-memory-jaeger-1           0.02%     8.527MiB / 3.819GiB   0.22%     3.76kB / 1.4kB    0B / 0B
otel-memory-renderer-1         0.01%     4.27MiB / 512MiB      0.83%     9.08kB / 7.17kB   238kB / 0B

=== %Y-%m-%dT%H:%M:%S ===
NAME                           CPU %     MEM USAGE / LIMIT     MEM %     NET I/O           BLOCK I/O
otel-memory-otel-collector-1   0.12%     175.3MiB / 512MiB     34.23%    1.49GB / 36.4MB   7.28MB / 0B
otel-memory-prometheus-1       0.00%     20.88MiB / 3.819GiB   0.53%     379kB / 152kB     1.25MB / 160kB
otel-memory-grafana-1          0.51%     100.8MiB / 3.819GiB   2.58%     23.4MB / 144kB    1.86MB / 92.5MB
otel-memory-jaeger-1           0.02%     8.527MiB / 3.819GiB   0.22%     3.76kB / 1.4kB    0B / 0B
otel-memory-renderer-1         0.00%     4.273MiB / 512MiB     0.83%     9.08kB / 7.17kB   238kB / 0B

=== %Y-%m-%dT%H:%M:%S ===
NAME                           CPU %     MEM USAGE / LIMIT     MEM %     NET I/O           BLOCK I/O
otel-memory-otel-collector-1   1.55%     176.9MiB / 512MiB     34.55%    1.49GB / 36.5MB   7.28MB / 0B
otel-memory-prometheus-1       0.07%     21.12MiB / 3.819GiB   0.54%     383kB / 153kB     1.25MB / 160kB
otel-memory-grafana-1          0.49%     100.8MiB / 3.819GiB   2.58%     23.4MB / 144kB    1.86MB / 92.5MB
otel-memory-jaeger-1           0.05%     8.527MiB / 3.819GiB   0.22%     3.76kB / 1.4kB    0B / 0B
otel-memory-renderer-1         0.00%     4.27MiB / 512MiB      0.83%     9.08kB / 7.17kB   238kB / 0B

=== %Y-%m-%dT%H:%M:%S ===
NAME                           CPU %     MEM USAGE / LIMIT     MEM %     NET I/O           BLOCK I/O
otel-memory-otel-collector-1   1.52%     178.7MiB / 512MiB     34.90%    1.49GB / 36.5MB   7.28MB / 0B
otel-memory-prometheus-1       0.00%     20.88MiB / 3.819GiB   0.53%     385kB / 153kB     1.25MB / 160kB
otel-memory-grafana-1          0.84%     100.6MiB / 3.819GiB   2.57%     23.4MB / 144kB    1.86MB / 92.5MB
otel-memory-jaeger-1           0.08%     8.527MiB / 3.819GiB   0.22%     3.76kB / 1.4kB    0B / 0B
otel-memory-renderer-1         0.01%     4.508MiB / 512MiB     0.88%     9.21kB / 7.3kB    238kB / 0B

=== %Y-%m-%dT%H:%M:%S ===
NAME                           CPU %     MEM USAGE / LIMIT     MEM %     NET I/O           BLOCK I/O
otel-memory-otel-collector-1   0.14%     179.5MiB / 512MiB     35.06%    1.49GB / 36.5MB   7.28MB / 0B
otel-memory-prometheus-1       0.15%     21.16MiB / 3.819GiB   0.54%     388kB / 154kB     1.25MB / 160kB
otel-memory-grafana-1          0.52%     100.6MiB / 3.819GiB   2.57%     23.4MB / 144kB    1.86MB / 92.5MB
otel-memory-jaeger-1           0.02%     8.527MiB / 3.819GiB   0.22%     3.76kB / 1.4kB    0B / 0B
otel-memory-renderer-1         0.01%     4.27MiB / 512MiB      0.83%     9.25kB / 7.34kB   238kB / 0B

=== %Y-%m-%dT%H:%M:%S ===
NAME                           CPU %     MEM USAGE / LIMIT     MEM %     NET I/O           BLOCK I/O
otel-memory-otel-collector-1   0.13%     180.8MiB / 512MiB     35.30%    1.49GB / 36.5MB   7.28MB / 0B
otel-memory-prometheus-1       0.13%     21.16MiB / 3.819GiB   0.54%     391kB / 156kB     1.25MB / 168kB
otel-memory-grafana-1          0.60%     100.6MiB / 3.819GiB   2.57%     23.4MB / 144kB    1.86MB / 92.5MB
otel-memory-jaeger-1           0.03%     8.527MiB / 3.819GiB   0.22%     3.76kB / 1.4kB    0B / 0B
otel-memory-renderer-1         0.00%     4.5MiB / 512MiB       0.88%     9.25kB / 7.34kB   238kB / 0B

=== %Y-%m-%dT%H:%M:%S ===
NAME                           CPU %     MEM USAGE / LIMIT     MEM %     NET I/O           BLOCK I/O
otel-memory-otel-collector-1   0.16%     182.7MiB / 512MiB     35.69%    1.49GB / 36.6MB   7.28MB / 0B
otel-memory-prometheus-1       0.00%     21.41MiB / 3.819GiB   0.55%     392kB / 156kB     1.25MB / 168kB
otel-memory-grafana-1          0.44%     100.8MiB / 3.819GiB   2.58%     23.4MB / 144kB    1.86MB / 92.5MB
otel-memory-jaeger-1           0.03%     8.527MiB / 3.819GiB   0.22%     3.76kB / 1.4kB    0B / 0B
otel-memory-renderer-1         0.01%     4.27MiB / 512MiB      0.83%     9.25kB / 7.34kB   238kB / 0B

=== %Y-%m-%dT%H:%M:%S ===
NAME                           CPU %     MEM USAGE / LIMIT     MEM %     NET I/O           BLOCK I/O
otel-memory-otel-collector-1   0.16%     183.6MiB / 512MiB     35.87%    1.49GB / 36.6MB   7.28MB / 0B
otel-memory-prometheus-1       0.27%     21.16MiB / 3.819GiB   0.54%     395kB / 158kB     1.25MB / 168kB
otel-memory-grafana-1          0.58%     100.6MiB / 3.819GiB   2.57%     23.4MB / 144kB    1.86MB / 92.5MB
otel-memory-jaeger-1           0.02%     8.773MiB / 3.819GiB   0.22%     3.76kB / 1.4kB    0B / 0B
otel-memory-renderer-1         0.01%     4.27MiB / 512MiB      0.83%     9.38kB / 7.47kB   238kB / 0B

=== %Y-%m-%dT%H:%M:%S ===
NAME                           CPU %     MEM USAGE / LIMIT     MEM %     NET I/O           BLOCK I/O
otel-memory-otel-collector-1   1.34%     184.3MiB / 512MiB     35.99%    1.49GB / 36.7MB   7.28MB / 0B
otel-memory-prometheus-1       0.21%     21.42MiB / 3.819GiB   0.55%     398kB / 159kB     1.25MB / 168kB
otel-memory-grafana-1          0.53%     100.6MiB / 3.819GiB   2.57%     23.4MB / 144kB    1.86MB / 92.5MB
otel-memory-jaeger-1           0.09%     8.527MiB / 3.819GiB   0.22%     3.76kB / 1.4kB    0B / 0B
otel-memory-renderer-1         0.00%     4.273MiB / 512MiB     0.83%     9.43kB / 7.52kB   238kB / 0B

=== %Y-%m-%dT%H:%M:%S ===
NAME                           CPU %     MEM USAGE / LIMIT     MEM %     NET I/O           BLOCK I/O
otel-memory-otel-collector-1   0.22%     184.5MiB / 512MiB     36.04%    1.49GB / 36.7MB   7.28MB / 0B
otel-memory-prometheus-1       0.23%     21.16MiB / 3.819GiB   0.54%     401kB / 160kB     1.25MB / 168kB
otel-memory-grafana-1          0.45%     100.6MiB / 3.819GiB   2.57%     23.4MB / 144kB    1.86MB / 92.5MB
otel-memory-jaeger-1           0.04%     8.527MiB / 3.819GiB   0.22%     3.76kB / 1.4kB    0B / 0B
otel-memory-renderer-1         0.00%     4.273MiB / 512MiB     0.83%     9.43kB / 7.52kB   238kB / 0B

=== %Y-%m-%dT%H:%M:%S ===
NAME                           CPU %     MEM USAGE / LIMIT     MEM %     NET I/O           BLOCK I/O
otel-memory-otel-collector-1   0.12%     185MiB / 512MiB       36.13%    1.49GB / 36.7MB   7.28MB / 0B
otel-memory-prometheus-1       0.00%     21.18MiB / 3.819GiB   0.54%     404kB / 160kB     1.25MB / 168kB
otel-memory-grafana-1          0.32%     100.6MiB / 3.819GiB   2.57%     23.4MB / 144kB    1.86MB / 92.5MB
otel-memory-jaeger-1           0.03%     8.527MiB / 3.819GiB   0.22%     3.76kB / 1.4kB    0B / 0B
otel-memory-renderer-1         0.00%     4.422MiB / 512MiB     0.86%     9.43kB / 7.52kB   238kB / 0B

=== %Y-%m-%dT%H:%M:%S ===
NAME                           CPU %     MEM USAGE / LIMIT     MEM %     NET I/O           BLOCK I/O
otel-memory-otel-collector-1   0.45%     185.9MiB / 512MiB     36.30%    1.49GB / 36.7MB   7.28MB / 0B
otel-memory-prometheus-1       0.13%     21.18MiB / 3.819GiB   0.54%     407kB / 162kB     1.25MB / 168kB
otel-memory-grafana-1          0.45%     100.6MiB / 3.819GiB   2.57%     23.4MB / 144kB    1.86MB / 92.6MB
otel-memory-jaeger-1           0.03%     8.527MiB / 3.819GiB   0.22%     3.76kB / 1.4kB    0B / 0B
otel-memory-renderer-1         0.01%     4.301MiB / 512MiB     0.84%     9.56kB / 7.65kB   238kB / 0B

=== %Y-%m-%dT%H:%M:%S ===
NAME                           CPU %     MEM USAGE / LIMIT     MEM %     NET I/O           BLOCK I/O
otel-memory-otel-collector-1   0.09%     186.3MiB / 512MiB     36.38%    1.49GB / 36.8MB   7.28MB / 0B
otel-memory-prometheus-1       0.00%     20.93MiB / 3.819GiB   0.54%     408kB / 162kB     1.25MB / 176kB
otel-memory-grafana-1          0.46%     100.6MiB / 3.819GiB   2.57%     23.4MB / 144kB    1.86MB / 92.6MB
otel-memory-jaeger-1           0.03%     8.527MiB / 3.819GiB   0.22%     3.76kB / 1.4kB    0B / 0B
otel-memory-renderer-1         0.01%     4.297MiB / 512MiB     0.84%     9.6kB / 7.69kB    238kB / 0B

=== %Y-%m-%dT%H:%M:%S ===
NAME                           CPU %     MEM USAGE / LIMIT     MEM %     NET I/O           BLOCK I/O
otel-memory-otel-collector-1   1.41%     186.8MiB / 512MiB     36.48%    1.49GB / 36.8MB   7.28MB / 0B
otel-memory-prometheus-1       0.00%     20.93MiB / 3.819GiB   0.54%     411kB / 164kB     1.25MB / 176kB
otel-memory-grafana-1          0.52%     100.8MiB / 3.819GiB   2.58%     23.4MB / 144kB    1.86MB / 92.6MB
otel-memory-jaeger-1           0.08%     8.527MiB / 3.819GiB   0.22%     3.76kB / 1.4kB    0B / 0B
otel-memory-renderer-1         0.00%     4.332MiB / 512MiB     0.85%     9.6kB / 7.69kB    238kB / 0B

=== %Y-%m-%dT%H:%M:%S ===
NAME                           CPU %     MEM USAGE / LIMIT     MEM %     NET I/O           BLOCK I/O
otel-memory-otel-collector-1   0.24%     187.2MiB / 512MiB     36.56%    1.49GB / 36.8MB   7.28MB / 0B
otel-memory-prometheus-1       0.24%     21.18MiB / 3.819GiB   0.54%     414kB / 165kB     1.25MB / 176kB
otel-memory-grafana-1          0.56%     100.8MiB / 3.819GiB   2.58%     23.4MB / 145kB    1.86MB / 92.6MB
otel-memory-jaeger-1           0.02%     8.527MiB / 3.819GiB   0.22%     3.76kB / 1.4kB    0B / 0B
otel-memory-renderer-1         0.00%     4.332MiB / 512MiB     0.85%     9.73kB / 7.82kB   238kB / 0B

=== %Y-%m-%dT%H:%M:%S ===
NAME                           CPU %     MEM USAGE / LIMIT     MEM %     NET I/O           BLOCK I/O
otel-memory-otel-collector-1   0.23%     187.8MiB / 512MiB     36.69%    1.49GB / 36.9MB   7.28MB / 0B
otel-memory-prometheus-1       0.27%     21.18MiB / 3.819GiB   0.54%     417kB / 166kB     1.25MB / 176kB
otel-memory-grafana-1          0.53%     100.6MiB / 3.819GiB   2.57%     23.4MB / 145kB    1.86MB / 92.6MB
otel-memory-jaeger-1           0.02%     8.527MiB / 3.819GiB   0.22%     3.76kB / 1.4kB    0B / 0B
otel-memory-renderer-1         0.01%     4.562MiB / 512MiB     0.89%     9.73kB / 7.82kB   238kB / 0B

=== %Y-%m-%dT%H:%M:%S ===
NAME                           CPU %     MEM USAGE / LIMIT     MEM %     NET I/O           BLOCK I/O
otel-memory-otel-collector-1   0.59%     188.4MiB / 512MiB     36.79%    1.49GB / 36.9MB   7.28MB / 0B
otel-memory-prometheus-1       0.00%     21.18MiB / 3.819GiB   0.54%     417kB / 166kB     1.25MB / 176kB
otel-memory-grafana-1          0.56%     100.8MiB / 3.819GiB   2.58%     23.4MB / 145kB    1.86MB / 92.6MB
otel-memory-jaeger-1           0.02%     8.527MiB / 3.819GiB   0.22%     3.76kB / 1.4kB    0B / 0B
otel-memory-renderer-1         0.00%     4.336MiB / 512MiB     0.85%     9.73kB / 7.82kB   238kB / 0B

=== %Y-%m-%dT%H:%M:%S ===
NAME                           CPU %     MEM USAGE / LIMIT     MEM %     NET I/O           BLOCK I/O
otel-memory-otel-collector-1   0.14%     189MiB / 512MiB       36.90%    1.49GB / 36.9MB   7.28MB / 0B
otel-memory-prometheus-1       0.15%     21.18MiB / 3.819GiB   0.54%     423kB / 168kB     1.25MB / 176kB
otel-memory-grafana-1          0.50%     100.8MiB / 3.819GiB   2.58%     23.4MB / 145kB    1.86MB / 92.6MB
otel-memory-jaeger-1           0.03%     8.527MiB / 3.819GiB   0.22%     3.76kB / 1.4kB    0B / 0B
otel-memory-renderer-1         5.48%     4.508MiB / 512MiB     0.88%     9.73kB / 7.82kB   238kB / 0B

=== %Y-%m-%dT%H:%M:%S ===
NAME                           CPU %     MEM USAGE / LIMIT     MEM %     NET I/O           BLOCK I/O
otel-memory-otel-collector-1   0.12%     189.7MiB / 512MiB     37.05%    1.49GB / 37MB     7.28MB / 0B
otel-memory-prometheus-1       0.00%     20.93MiB / 3.819GiB   0.54%     423kB / 168kB     1.25MB / 176kB
otel-memory-grafana-1          0.53%     101MiB / 3.819GiB     2.58%     23.4MB / 145kB    1.86MB / 92.6MB
otel-memory-jaeger-1           0.03%     8.527MiB / 3.819GiB   0.22%     3.76kB / 1.4kB    0B / 0B
otel-memory-renderer-1         0.01%     4.363MiB / 512MiB     0.85%     9.87kB / 7.95kB   238kB / 0B

=== %Y-%m-%dT%H:%M:%S ===
NAME                           CPU %     MEM USAGE / LIMIT     MEM %     NET I/O          BLOCK I/O
otel-memory-otel-collector-1   0.22%     189.9MiB / 512MiB     37.08%    1.49GB / 37MB    7.28MB / 0B
otel-memory-prometheus-1       0.00%     21.17MiB / 3.819GiB   0.54%     426kB / 170kB    1.25MB / 176kB
otel-memory-grafana-1          0.38%     101MiB / 3.819GiB     2.58%     23.4MB / 145kB   1.86MB / 92.6MB
otel-memory-jaeger-1           0.03%     8.527MiB / 3.819GiB   0.22%     3.76kB / 1.4kB   0B / 0B
otel-memory-renderer-1         0.00%     4.332MiB / 512MiB     0.85%     9.91kB / 8kB     238kB / 0B

=== %Y-%m-%dT%H:%M:%S ===
NAME                           CPU %     MEM USAGE / LIMIT     MEM %     NET I/O          BLOCK I/O
otel-memory-otel-collector-1   0.25%     126MiB / 512MiB       24.61%    1.49GB / 37MB    7.28MB / 0B
otel-memory-prometheus-1       0.32%     21.18MiB / 3.819GiB   0.54%     429kB / 171kB    1.25MB / 184kB
otel-memory-grafana-1          0.94%     100.8MiB / 3.819GiB   2.58%     23.4MB / 145kB   1.86MB / 92.6MB
otel-memory-jaeger-1           0.06%     8.527MiB / 3.819GiB   0.22%     3.76kB / 1.4kB   0B / 0B
otel-memory-renderer-1         0.01%     4.422MiB / 512MiB     0.86%     9.91kB / 8kB     238kB / 0B

=== %Y-%m-%dT%H:%M:%S ===
NAME                           CPU %     MEM USAGE / LIMIT     MEM %     NET I/O          BLOCK I/O
otel-memory-otel-collector-1   0.09%     127.2MiB / 512MiB     24.84%    1.49GB / 37MB    7.28MB / 0B
otel-memory-prometheus-1       0.17%     21.43MiB / 3.819GiB   0.55%     432kB / 171kB    1.25MB / 184kB
otel-memory-grafana-1          0.51%     100.6MiB / 3.819GiB   2.57%     23.4MB / 145kB   1.86MB / 92.6MB
otel-memory-jaeger-1           0.02%     8.527MiB / 3.819GiB   0.22%     3.76kB / 1.4kB   0B / 0B
otel-memory-renderer-1         0.01%     4.422MiB / 512MiB     0.86%     9.91kB / 8kB     238kB / 0B

=== %Y-%m-%dT%H:%M:%S ===
NAME                           CPU %     MEM USAGE / LIMIT     MEM %     NET I/O           BLOCK I/O
otel-memory-otel-collector-1   0.49%     128.8MiB / 512MiB     25.15%    1.49GB / 37.1MB   7.54MB / 0B
otel-memory-prometheus-1       0.12%     20.93MiB / 3.819GiB   0.54%     435kB / 173kB     1.25MB / 184kB
otel-memory-grafana-1          0.68%     100.6MiB / 3.819GiB   2.57%     23.4MB / 145kB    1.86MB / 92.6MB
otel-memory-jaeger-1           0.02%     8.527MiB / 3.819GiB   0.22%     3.76kB / 1.4kB    0B / 0B
otel-memory-renderer-1         5.03%     4.66MiB / 512MiB      0.91%     10kB / 8.13kB     238kB / 0B

=== %Y-%m-%dT%H:%M:%S ===
NAME                       CPU %     MEM USAGE / LIMIT     MEM %     NET I/O           BLOCK I/O
otel-memory-prometheus-1   2.00%     21.18MiB / 3.819GiB   0.54%     436kB / 174kB     1.25MB / 193kB
otel-memory-grafana-1      0.39%     100.6MiB / 3.819GiB   2.57%     23.4MB / 145kB    1.86MB / 92.6MB
otel-memory-jaeger-1       0.02%     8.527MiB / 3.819GiB   0.22%     3.8kB / 1.4kB     0B / 0B
otel-memory-renderer-1     0.01%     4.379MiB / 512MiB     0.86%     10.1kB / 8.17kB   238kB / 0B

=== %Y-%m-%dT%H:%M:%S ===
NAME                           CPU %     MEM USAGE / LIMIT     MEM %     NET I/O           BLOCK I/O
otel-memory-otel-collector-1   0.36%     37.86MiB / 512MiB     7.40%     2.09kB / 1.79kB   10.7MB / 0B
otel-memory-prometheus-1       0.00%     20.94MiB / 3.819GiB   0.54%     437kB / 174kB     1.25MB / 193kB
otel-memory-grafana-1          0.51%     100.6MiB / 3.819GiB   2.57%     23.4MB / 145kB    1.86MB / 92.6MB
otel-memory-jaeger-1           0.03%     9.609MiB / 3.819GiB   0.25%     5.08kB / 2.23kB   0B / 0B
otel-memory-renderer-1         0.00%     4.379MiB / 512MiB     0.86%     10.4kB / 8.17kB   238kB / 0B

