=== %Y-%m-%dT%H:%M:%S ===
NAME                           CPU %     MEM USAGE / LIMIT     MEM %     NET I/O           BLOCK I/O
otel-memory-prometheus-1       0.00%     14.42MiB / 3.819GiB   0.37%     1.12kB / 126B     8.19kB / 0B
otel-memory-grafana-1          59.68%    47.36MiB / 3.819GiB   1.21%     1.2kB / 126B      1.33MB / 24.3MB
otel-memory-jaeger-1           0.01%     9.707MiB / 3.819GiB   0.25%     2.46kB / 1.07kB   0B / 0B
otel-memory-renderer-1         0.00%     3.383MiB / 512MiB     0.66%     1.24kB / 126B     0B / 0B
otel-memory-otel-collector-1   0.23%     30.48MiB / 512MiB     5.95%     3.45kB / 28.7kB   2.04MB / 0B

=== %Y-%m-%dT%H:%M:%S ===
NAME                           CPU %     MEM USAGE / LIMIT     MEM %     NET I/O           BLOCK I/O
otel-memory-prometheus-1       0.00%     14.86MiB / 3.819GiB   0.38%     3.07kB / 1.51kB   8.19kB / 0B
otel-memory-grafana-1          29.35%    94.38MiB / 3.819GiB   2.41%     4.94MB / 44.5kB   1.39MB / 29.4MB
otel-memory-jaeger-1           0.02%     9.707MiB / 3.819GiB   0.25%     2.59kB / 1.07kB   0B / 0B
otel-memory-renderer-1         5.60%     3.574MiB / 512MiB     0.70%     1.78kB / 502B     0B / 0B
otel-memory-otel-collector-1   0.27%     32.66MiB / 512MiB     6.38%     5.61kB / 44.7kB   2.04MB / 0B

=== %Y-%m-%dT%H:%M:%S ===
NAME                           CPU %     MEM USAGE / LIMIT     MEM %     NET I/O           BLOCK I/O
otel-memory-prometheus-1       0.47%     15.08MiB / 3.819GiB   0.39%     4.83kB / 2.71kB   8.19kB / 0B
otel-memory-grafana-1          56.35%    103.2MiB / 3.819GiB   2.64%     19.8MB / 110kB    1.39MB / 29.4MB
otel-memory-jaeger-1           0.03%     9.707MiB / 3.819GiB   0.25%     2.79kB / 1.2kB    0B / 0B
otel-memory-renderer-1         0.00%     3.508MiB / 512MiB     0.69%     1.9kB / 544B      0B / 0B
otel-memory-otel-collector-1   0.36%     34.2MiB / 512MiB      6.68%     7.71kB / 61.3kB   2.04MB / 0B

=== %Y-%m-%dT%H:%M:%S ===
NAME                       CPU %     MEM USAGE / LIMIT     MEM %     NET I/O           BLOCK I/O
otel-memory-prometheus-1   0.46%     14.88MiB / 3.819GiB   0.38%     6.69kB / 3.98kB   8.19kB / 8.19kB
otel-memory-grafana-1      3.49%     105.2MiB / 3.819GiB   2.69%     23.4MB / 132kB    1.39MB / 101MB
otel-memory-jaeger-1       0.16%     9.699MiB / 3.819GiB   0.25%     3.31kB / 1.46kB   0B / 0B
otel-memory-renderer-1     5.85%     3.508MiB / 512MiB     0.69%     1.94kB / 544B     0B / 0B

=== %Y-%m-%dT%H:%M:%S ===
NAME                           CPU %     MEM USAGE / LIMIT     MEM %     NET I/O           BLOCK I/O
otel-memory-otel-collector-1   44.16%    48.89MiB / 512MiB     9.55%     5.42MB / 135kB    999kB / 0B
otel-memory-prometheus-1       0.00%     14.88MiB / 3.819GiB   0.38%     6.82kB / 3.98kB   8.19kB / 8.19kB
otel-memory-grafana-1          0.43%     105.4MiB / 3.819GiB   2.70%     23.4MB / 133kB    1.39MB / 101MB
otel-memory-jaeger-1           0.05%     9.699MiB / 3.819GiB   0.25%     3.44kB / 1.46kB   0B / 0B
otel-memory-renderer-1         0.01%     3.508MiB / 512MiB     0.69%     2.06kB / 544B     0B / 0B

=== %Y-%m-%dT%H:%M:%S ===
NAME                           CPU %     MEM USAGE / LIMIT     MEM %     NET I/O           BLOCK I/O
otel-memory-otel-collector-1   51.92%    87.46MiB / 512MiB     17.08%    15MB / 345kB      999kB / 0B
otel-memory-prometheus-1       0.00%     15.14MiB / 3.819GiB   0.39%     9.43kB / 5.36kB   8.19kB / 8.19kB
otel-memory-grafana-1          0.49%     105.2MiB / 3.819GiB   2.69%     23.4MB / 133kB    1.39MB / 101MB
otel-memory-jaeger-1           0.02%     9.699MiB / 3.819GiB   0.25%     3.48kB / 1.46kB   0B / 0B
otel-memory-renderer-1         0.00%     3.508MiB / 512MiB     0.69%     2.31kB / 676B     0B / 0B

=== %Y-%m-%dT%H:%M:%S ===
NAME                           CPU %     MEM USAGE / LIMIT     MEM %     NET I/O           BLOCK I/O
otel-memory-otel-collector-1   59.66%    148.8MiB / 512MiB     29.07%    30.7MB / 710kB    999kB / 0B
otel-memory-prometheus-1       0.00%     15.3MiB / 3.819GiB    0.39%     12.4kB / 6.57kB   8.19kB / 8.19kB
otel-memory-grafana-1          0.44%     105.4MiB / 3.819GiB   2.70%     23.4MB / 133kB    1.39MB / 101MB
otel-memory-jaeger-1           0.02%     9.699MiB / 3.819GiB   0.25%     3.55kB / 1.46kB   0B / 0B
otel-memory-renderer-1         0.00%     3.547MiB / 512MiB     0.69%     2.31kB / 676B     0B / 0B

=== %Y-%m-%dT%H:%M:%S ===
NAME                           CPU %     MEM USAGE / LIMIT     MEM %     NET I/O           BLOCK I/O
otel-memory-otel-collector-1   46.41%    161.2MiB / 512MiB     31.48%    43.4MB / 1.01MB   999kB / 0B
otel-memory-prometheus-1       0.00%     15.37MiB / 3.819GiB   0.39%     15.2kB / 7.77kB   8.19kB / 8.19kB
otel-memory-grafana-1          0.41%     105.2MiB / 3.819GiB   2.69%     23.4MB / 133kB    1.39MB / 101MB
otel-memory-jaeger-1           0.03%     9.699MiB / 3.819GiB   0.25%     3.55kB / 1.46kB   0B / 0B
otel-memory-renderer-1         0.00%     3.547MiB / 512MiB     0.69%     2.31kB / 676B     0B / 0B

=== %Y-%m-%dT%H:%M:%S ===
NAME                           CPU %     MEM USAGE / LIMIT     MEM %     NET I/O           BLOCK I/O
otel-memory-otel-collector-1   37.81%    162.5MiB / 512MiB     31.74%    56.3MB / 1.32MB   999kB / 0B
otel-memory-prometheus-1       0.00%     15.86MiB / 3.819GiB   0.41%     18.1kB / 8.97kB   8.19kB / 8.19kB
otel-memory-grafana-1          0.60%     105.6MiB / 3.819GiB   2.70%     23.4MB / 133kB    1.45MB / 101MB
otel-memory-jaeger-1           0.03%     9.699MiB / 3.819GiB   0.25%     3.55kB / 1.46kB   0B / 0B
otel-memory-renderer-1         0.00%     3.547MiB / 512MiB     0.69%     2.44kB / 808B     0B / 0B

=== %Y-%m-%dT%H:%M:%S ===
NAME                           CPU %     MEM USAGE / LIMIT     MEM %     NET I/O           BLOCK I/O
otel-memory-otel-collector-1   38.79%    164.4MiB / 512MiB     32.11%    65.9MB / 1.56MB   999kB / 0B
otel-memory-prometheus-1       0.55%     15.88MiB / 3.819GiB   0.41%     21kB / 10.2kB     8.19kB / 8.19kB
otel-memory-grafana-1          0.43%     105.2MiB / 3.819GiB   2.69%     23.4MB / 133kB    1.45MB / 101MB
otel-memory-jaeger-1           0.05%     9.699MiB / 3.819GiB   0.25%     3.55kB / 1.46kB   0B / 0B
otel-memory-renderer-1         0.00%     3.547MiB / 512MiB     0.69%     2.48kB / 850B     0B / 0B

=== %Y-%m-%dT%H:%M:%S ===
NAME                           CPU %     MEM USAGE / LIMIT     MEM %     NET I/O           BLOCK I/O
otel-memory-otel-collector-1   39.64%    165.5MiB / 512MiB     32.33%    81.8MB / 1.93MB   999kB / 0B
otel-memory-prometheus-1       0.44%     15.93MiB / 3.819GiB   0.41%     23.9kB / 11.4kB   8.19kB / 8.19kB
otel-memory-grafana-1          1.26%     105.4MiB / 3.819GiB   2.69%     23.4MB / 133kB    1.45MB / 101MB
otel-memory-jaeger-1           0.06%     9.699MiB / 3.819GiB   0.25%     3.55kB / 1.46kB   0B / 0B
otel-memory-renderer-1         0.01%     3.547MiB / 512MiB     0.69%     2.48kB / 850B     0B / 0B

=== %Y-%m-%dT%H:%M:%S ===
NAME                           CPU %     MEM USAGE / LIMIT     MEM %     NET I/O           BLOCK I/O
otel-memory-otel-collector-1   58.43%    172.9MiB / 512MiB     33.78%    94.4MB / 2.23MB   999kB / 0B
otel-memory-prometheus-1       0.00%     15.45MiB / 3.819GiB   0.40%     23.9kB / 11.4kB   8.19kB / 8.19kB
otel-memory-grafana-1          0.58%     105.4MiB / 3.819GiB   2.70%     23.4MB / 133kB    1.45MB / 101MB
otel-memory-jaeger-1           0.03%     9.699MiB / 3.819GiB   0.25%     3.55kB / 1.46kB   0B / 0B
otel-memory-renderer-1         0.01%     3.812MiB / 512MiB     0.74%     2.48kB / 850B     0B / 0B

=== %Y-%m-%dT%H:%M:%S ===
NAME                           CPU %     MEM USAGE / LIMIT     MEM %     NET I/O           BLOCK I/O
otel-memory-otel-collector-1   64.10%    173.5MiB / 512MiB     33.89%    107MB / 2.51MB    999kB / 0B
otel-memory-prometheus-1       0.00%     15.95MiB / 3.819GiB   0.41%     26.8kB / 12.6kB   8.19kB / 16.4kB
otel-memory-grafana-1          0.54%     105.2MiB / 3.819GiB   2.69%     23.4MB / 133kB    1.45MB / 101MB
otel-memory-jaeger-1           0.02%     9.699MiB / 3.819GiB   0.25%     3.55kB / 1.46kB   0B / 0B
otel-memory-renderer-1         0.00%     3.57MiB / 512MiB      0.70%     2.61kB / 982B     0B / 0B

=== %Y-%m-%dT%H:%M:%S ===
NAME                           CPU %     MEM USAGE / LIMIT     MEM %     NET I/O           BLOCK I/O
otel-memory-otel-collector-1   65.90%    184MiB / 512MiB       35.94%    120MB / 2.81MB    999kB / 0B
otel-memory-prometheus-1       0.00%     15.58MiB / 3.819GiB   0.40%     29.7kB / 13.8kB   8.19kB / 16.4kB
otel-memory-grafana-1          0.40%     105.2MiB / 3.819GiB   2.69%     23.4MB / 133kB    1.45MB / 101MB
otel-memory-jaeger-1           0.02%     9.699MiB / 3.819GiB   0.25%     3.55kB / 1.46kB   0B / 0B
otel-memory-renderer-1         5.77%     3.594MiB / 512MiB     0.70%     2.73kB / 1.02kB   0B / 0B

=== %Y-%m-%dT%H:%M:%S ===
NAME                           CPU %     MEM USAGE / LIMIT     MEM %     NET I/O           BLOCK I/O
otel-memory-otel-collector-1   67.00%    184.3MiB / 512MiB     36.00%    129MB / 3.05MB    999kB / 0B
otel-memory-prometheus-1       0.00%     15.99MiB / 3.819GiB   0.41%     32.6kB / 15kB     8.19kB / 16.4kB
otel-memory-grafana-1          0.42%     105.2MiB / 3.819GiB   2.69%     23.4MB / 133kB    1.45MB / 101MB
otel-memory-jaeger-1           0.03%     9.699MiB / 3.819GiB   0.25%     3.55kB / 1.46kB   0B / 0B
otel-memory-renderer-1         0.01%     3.594MiB / 512MiB     0.70%     2.73kB / 1.02kB   0B / 0B

=== %Y-%m-%dT%H:%M:%S ===
NAME                           CPU %     MEM USAGE / LIMIT     MEM %     NET I/O           BLOCK I/O
otel-memory-otel-collector-1   37.68%    187.5MiB / 512MiB     36.61%    145MB / 3.43MB    999kB / 0B
otel-memory-prometheus-1       0.00%     15.8MiB / 3.819GiB    0.40%     32.6kB / 15kB     8.19kB / 16.4kB
otel-memory-grafana-1          0.44%     105.5MiB / 3.819GiB   2.70%     23.4MB / 134kB    1.45MB / 101MB
otel-memory-jaeger-1           0.03%     9.699MiB / 3.819GiB   0.25%     3.62kB / 1.46kB   0B / 0B
otel-memory-renderer-1         0.00%     3.594MiB / 512MiB     0.70%     2.73kB / 1.02kB   0B / 0B

=== %Y-%m-%dT%H:%M:%S ===
NAME                           CPU %     MEM USAGE / LIMIT     MEM %     NET I/O           BLOCK I/O
otel-memory-otel-collector-1   40.97%    189.5MiB / 512MiB     37.01%    158MB / 3.73MB    999kB / 0B
otel-memory-prometheus-1       0.52%     16.31MiB / 3.819GiB   0.42%     38.3kB / 17.5kB   8.19kB / 16.4kB
otel-memory-grafana-1          0.30%     105.4MiB / 3.819GiB   2.70%     23.4MB / 134kB    1.45MB / 101MB
otel-memory-jaeger-1           0.09%     9.699MiB / 3.819GiB   0.25%     3.62kB / 1.46kB   0B / 0B
otel-memory-renderer-1         0.00%     3.59MiB / 512MiB      0.70%     2.86kB / 1.16kB   0B / 0B

=== %Y-%m-%dT%H:%M:%S ===
NAME                           CPU %     MEM USAGE / LIMIT     MEM %     NET I/O           BLOCK I/O
otel-memory-otel-collector-1   39.59%    194.5MiB / 512MiB     37.99%    171MB / 4.04MB    999kB / 0B
otel-memory-prometheus-1       0.00%     16.31MiB / 3.819GiB   0.42%     38.3kB / 17.5kB   8.19kB / 16.4kB
otel-memory-grafana-1          0.57%     105.2MiB / 3.819GiB   2.69%     23.4MB / 134kB    1.45MB / 101MB
otel-memory-jaeger-1           0.02%     9.699MiB / 3.819GiB   0.25%     3.62kB / 1.46kB   0B / 0B
otel-memory-renderer-1         0.00%     3.59MiB / 512MiB      0.70%     2.9kB / 1.2kB     0B / 0B

=== %Y-%m-%dT%H:%M:%S ===
NAME                           CPU %     MEM USAGE / LIMIT     MEM %     NET I/O           BLOCK I/O
otel-memory-otel-collector-1   39.51%    200.8MiB / 512MiB     39.22%    183MB / 4.31MB    999kB / 0B
otel-memory-prometheus-1       0.00%     16.32MiB / 3.819GiB   0.42%     41.2kB / 18.7kB   8.19kB / 16.4kB
otel-memory-grafana-1          0.28%     105.2MiB / 3.819GiB   2.69%     23.4MB / 134kB    1.45MB / 101MB
otel-memory-jaeger-1           0.02%     9.699MiB / 3.819GiB   0.25%     3.62kB / 1.46kB   0B / 0B
otel-memory-renderer-1         0.00%     3.742MiB / 512MiB     0.73%     2.9kB / 1.2kB     0B / 0B

=== %Y-%m-%dT%H:%M:%S ===
NAME                           CPU %     MEM USAGE / LIMIT     MEM %     NET I/O           BLOCK I/O
otel-memory-otel-collector-1   37.13%    208.9MiB / 512MiB     40.80%    196MB / 4.62MB    999kB / 0B
otel-memory-prometheus-1       0.00%     15.9MiB / 3.819GiB    0.41%     44.2kB / 19.9kB   8.19kB / 16.4kB
otel-memory-grafana-1          0.50%     105.2MiB / 3.819GiB   2.69%     23.4MB / 134kB    1.45MB / 101MB
otel-memory-jaeger-1           0.02%     9.699MiB / 3.819GiB   0.25%     3.62kB / 1.46kB   0B / 0B
otel-memory-renderer-1         0.01%     3.602MiB / 512MiB     0.70%     3.03kB / 1.33kB   0B / 0B

=== %Y-%m-%dT%H:%M:%S ===
NAME                           CPU %     MEM USAGE / LIMIT     MEM %     NET I/O           BLOCK I/O
otel-memory-otel-collector-1   37.35%    209MiB / 512MiB       40.82%    209MB / 4.93MB    999kB / 0B
otel-memory-prometheus-1       0.66%     16.4MiB / 3.819GiB    0.42%     47.3kB / 21.1kB   8.19kB / 24.6kB
otel-memory-grafana-1          0.54%     105.7MiB / 3.819GiB   2.70%     23.4MB / 134kB    1.45MB / 101MB
otel-memory-jaeger-1           0.03%     9.699MiB / 3.819GiB   0.25%     3.62kB / 1.46kB   0B / 0B
otel-memory-renderer-1         0.01%     3.602MiB / 512MiB     0.70%     3.07kB / 1.37kB   0B / 0B

=== %Y-%m-%dT%H:%M:%S ===
NAME                           CPU %     MEM USAGE / LIMIT     MEM %     NET I/O           BLOCK I/O
otel-memory-otel-collector-1   61.33%    209.9MiB / 512MiB     40.99%    222MB / 5.24MB    999kB / 0B
otel-memory-prometheus-1       0.07%     16.21MiB / 3.819GiB   0.41%     50.3kB / 22.3kB   8.19kB / 24.6kB
otel-memory-grafana-1          0.44%     105.4MiB / 3.819GiB   2.70%     23.4MB / 134kB    1.45MB / 101MB
otel-memory-jaeger-1           0.03%     9.699MiB / 3.819GiB   0.25%     3.62kB / 1.46kB   0B / 0B
otel-memory-renderer-1         0.00%     3.617MiB / 512MiB     0.71%     3.07kB / 1.37kB   0B / 0B

=== %Y-%m-%dT%H:%M:%S ===
NAME                           CPU %     MEM USAGE / LIMIT     MEM %     NET I/O           BLOCK I/O
otel-memory-otel-collector-1   77.32%    213.8MiB / 512MiB     41.76%    234MB / 5.55MB    999kB / 0B
otel-memory-prometheus-1       0.60%     16.02MiB / 3.819GiB   0.41%     53.4kB / 23.5kB   8.19kB / 24.6kB
otel-memory-grafana-1          1.18%     105.4MiB / 3.819GiB   2.70%     23.4MB / 135kB    1.45MB / 101MB
otel-memory-jaeger-1           0.02%     9.699MiB / 3.819GiB   0.25%     3.62kB / 1.46kB   0B / 0B
otel-memory-renderer-1         0.00%     3.617MiB / 512MiB     0.71%     3.07kB / 1.37kB   0B / 0B

=== %Y-%m-%dT%H:%M:%S ===
NAME                           CPU %     MEM USAGE / LIMIT     MEM %     NET I/O           BLOCK I/O
otel-memory-otel-collector-1   73.00%    213.9MiB / 512MiB     41.77%    247MB / 5.82MB    999kB / 0B
otel-memory-prometheus-1       0.00%     16.02MiB / 3.819GiB   0.41%     53.4kB / 23.5kB   8.19kB / 24.6kB
otel-memory-grafana-1          0.36%     105.7MiB / 3.819GiB   2.70%     23.4MB / 135kB    1.45MB / 101MB
otel-memory-jaeger-1           0.02%     9.699MiB / 3.819GiB   0.25%     3.62kB / 1.46kB   0B / 0B
otel-memory-renderer-1         0.00%     3.641MiB / 512MiB     0.71%     3.21kB / 1.5kB    0B / 0B

=== %Y-%m-%dT%H:%M:%S ===
NAME                           CPU %     MEM USAGE / LIMIT     MEM %     NET I/O           BLOCK I/O
otel-memory-otel-collector-1   63.61%    214.4MiB / 512MiB     41.87%    260MB / 6.13MB    999kB / 0B
otel-memory-prometheus-1       0.00%     16.03MiB / 3.819GiB   0.41%     56.4kB / 24.8kB   8.19kB / 24.6kB
otel-memory-grafana-1          0.44%     105.7MiB / 3.819GiB   2.70%     23.4MB / 136kB    1.45MB / 101MB
otel-memory-jaeger-1           0.02%     9.699MiB / 3.819GiB   0.25%     3.62kB / 1.46kB   0B / 0B
otel-memory-renderer-1         0.00%     3.637MiB / 512MiB     0.71%     3.25kB / 1.55kB   0B / 0B

=== %Y-%m-%dT%H:%M:%S ===
NAME                           CPU %     MEM USAGE / LIMIT     MEM %     NET I/O           BLOCK I/O
otel-memory-otel-collector-1   39.13%    214.1MiB / 512MiB     41.81%    272MB / 6.44MB    999kB / 0B
otel-memory-prometheus-1       0.00%     16.3MiB / 3.819GiB    0.42%     59.4kB / 26kB     8.19kB / 24.6kB
otel-memory-grafana-1          0.47%     105.9MiB / 3.819GiB   2.71%     23.4MB / 136kB    1.45MB / 101MB
otel-memory-jaeger-1           0.03%     9.699MiB / 3.819GiB   0.25%     3.62kB / 1.46kB   0B / 0B
otel-memory-renderer-1         5.66%     4.004MiB / 512MiB     0.78%     3.25kB / 1.55kB   0B / 0B

=== %Y-%m-%dT%H:%M:%S ===
NAME                           CPU %     MEM USAGE / LIMIT     MEM %     NET I/O           BLOCK I/O
otel-memory-otel-collector-1   39.96%    214.3MiB / 512MiB     41.86%    285MB / 6.75MB    999kB / 0B
otel-memory-prometheus-1       0.00%     16.11MiB / 3.819GiB   0.41%     62.5kB / 27.2kB   8.19kB / 24.6kB
otel-memory-grafana-1          0.50%     105.4MiB / 3.819GiB   2.70%     23.4MB / 136kB    1.45MB / 101MB
otel-memory-jaeger-1           0.02%     9.699MiB / 3.819GiB   0.25%     3.62kB / 1.46kB   0B / 0B
otel-memory-renderer-1         0.00%     3.648MiB / 512MiB     0.71%     3.25kB / 1.55kB   0B / 0B

=== %Y-%m-%dT%H:%M:%S ===
NAME                           CPU %     MEM USAGE / LIMIT     MEM %     NET I/O           BLOCK I/O
otel-memory-otel-collector-1   39.90%    215.1MiB / 512MiB     42.02%    298MB / 7.06MB    999kB / 0B
otel-memory-prometheus-1       0.23%     16.39MiB / 3.819GiB   0.42%     65.5kB / 28.4kB   8.19kB / 24.6kB
otel-memory-grafana-1          1.19%     105.6MiB / 3.819GiB   2.70%     23.4MB / 136kB    1.45MB / 101MB
otel-memory-jaeger-1           0.02%     9.758MiB / 3.819GiB   0.25%     3.62kB / 1.46kB   0B / 0B
otel-memory-renderer-1         0.00%     3.645MiB / 512MiB     0.71%     3.49kB / 1.72kB   0B / 0B

=== %Y-%m-%dT%H:%M:%S ===
NAME                           CPU %     MEM USAGE / LIMIT     MEM %     NET I/O           BLOCK I/O
otel-memory-otel-collector-1   40.95%    215.4MiB / 512MiB     42.07%    311MB / 7.37MB    999kB / 0B
otel-memory-prometheus-1       0.45%     16.65MiB / 3.819GiB   0.43%     68.7kB / 29.6kB   8.19kB / 24.6kB
otel-memory-grafana-1          0.44%     105.6MiB / 3.819GiB   2.70%     23.4MB / 136kB    1.45MB / 101MB
otel-memory-jaeger-1           0.06%     9.758MiB / 3.819GiB   0.25%     3.62kB / 1.46kB   0B / 0B
otel-memory-renderer-1         0.00%     3.855MiB / 512MiB     0.75%     3.49kB / 1.72kB   0B / 0B

=== %Y-%m-%dT%H:%M:%S ===
NAME                           CPU %     MEM USAGE / LIMIT     MEM %     NET I/O           BLOCK I/O
otel-memory-otel-collector-1   37.37%    215.4MiB / 512MiB     42.07%    321MB / 7.59MB    999kB / 0B
otel-memory-prometheus-1       0.00%     16.43MiB / 3.819GiB   0.42%     68.7kB / 29.6kB   8.19kB / 32.8kB
otel-memory-grafana-1          1.93%     106.1MiB / 3.819GiB   2.71%     23.4MB / 136kB    1.45MB / 101MB
otel-memory-jaeger-1           0.01%     9.758MiB / 3.819GiB   0.25%     3.62kB / 1.46kB   0B / 0B
otel-memory-renderer-1         0.01%     3.645MiB / 512MiB     0.71%     3.49kB / 1.72kB   0B / 0B

=== %Y-%m-%dT%H:%M:%S ===
NAME                           CPU %     MEM USAGE / LIMIT     MEM %     NET I/O           BLOCK I/O
otel-memory-otel-collector-1   39.19%    215.5MiB / 512MiB     42.09%    331MB / 7.83MB    999kB / 0B
otel-memory-prometheus-1       0.00%     16.21MiB / 3.819GiB   0.41%     71.7kB / 30.8kB   8.19kB / 32.8kB
otel-memory-grafana-1          0.43%     106.4MiB / 3.819GiB   2.72%     23.4MB / 136kB    1.45MB / 101MB
otel-memory-jaeger-1           0.02%     9.758MiB / 3.819GiB   0.25%     3.69kB / 1.46kB   0B / 0B
otel-memory-renderer-1         0.00%     3.93MiB / 512MiB      0.77%     3.62kB / 1.85kB   0B / 0B

=== %Y-%m-%dT%H:%M:%S ===
NAME                           CPU %     MEM USAGE / LIMIT     MEM %     NET I/O           BLOCK I/O
otel-memory-otel-collector-1   39.04%    216.7MiB / 512MiB     42.33%    347MB / 8.21MB    999kB / 0B
otel-memory-prometheus-1       0.00%     16.71MiB / 3.819GiB   0.43%     74.8kB / 32kB     8.19kB / 32.8kB
otel-memory-grafana-1          0.32%     105.9MiB / 3.819GiB   2.71%     23.4MB / 137kB    1.45MB / 101MB
otel-memory-jaeger-1           0.02%     9.758MiB / 3.819GiB   0.25%     3.69kB / 1.46kB   0B / 0B
otel-memory-renderer-1         0.00%     3.652MiB / 512MiB     0.71%     3.62kB / 1.85kB   0B / 0B

=== %Y-%m-%dT%H:%M:%S ===
NAME                           CPU %     MEM USAGE / LIMIT     MEM %     NET I/O           BLOCK I/O
otel-memory-otel-collector-1   39.41%    212.1MiB / 512MiB     41.43%    359MB / 8.52MB    999kB / 0B
otel-memory-prometheus-1       0.00%     16.57MiB / 3.819GiB   0.42%     77.8kB / 33.2kB   8.19kB / 32.8kB
otel-memory-grafana-1          0.64%     98.1MiB / 3.819GiB    2.51%     23.4MB / 137kB    1.45MB / 101MB
otel-memory-jaeger-1           0.02%     9.758MiB / 3.819GiB   0.25%     3.69kB / 1.46kB   0B / 0B
otel-memory-renderer-1         0.01%     3.648MiB / 512MiB     0.71%     3.67kB / 1.89kB   0B / 0B

=== %Y-%m-%dT%H:%M:%S ===
NAME                           CPU %     MEM USAGE / LIMIT     MEM %     NET I/O           BLOCK I/O
otel-memory-otel-collector-1   38.61%    211.1MiB / 512MiB     41.23%    372MB / 8.83MB    999kB / 0B
otel-memory-prometheus-1       0.42%     16.37MiB / 3.819GiB   0.42%     80.9kB / 34.4kB   8.19kB / 32.8kB
otel-memory-grafana-1          0.44%     98.09MiB / 3.819GiB   2.51%     23.4MB / 137kB    1.45MB / 101MB
otel-memory-jaeger-1           0.08%     9.758MiB / 3.819GiB   0.25%     3.69kB / 1.46kB   0B / 0B
otel-memory-renderer-1         0.00%     3.879MiB / 512MiB     0.76%     3.67kB / 1.89kB   0B / 0B

=== %Y-%m-%dT%H:%M:%S ===
NAME                           CPU %     MEM USAGE / LIMIT     MEM %     NET I/O           BLOCK I/O
otel-memory-otel-collector-1   38.31%    210.4MiB / 512MiB     41.09%    385MB / 9.1MB     999kB / 0B
otel-memory-prometheus-1       0.00%     16.37MiB / 3.819GiB   0.42%     80.9kB / 34.4kB   8.19kB / 32.8kB
otel-memory-grafana-1          0.40%     97.86MiB / 3.819GiB   2.50%     23.4MB / 137kB    1.45MB / 101MB
otel-memory-jaeger-1           0.10%     9.758MiB / 3.819GiB   0.25%     3.69kB / 1.46kB   0B / 0B
otel-memory-renderer-1         0.00%     3.648MiB / 512MiB     0.71%     3.8kB / 2.03kB    0B / 0B

=== %Y-%m-%dT%H:%M:%S ===
NAME                           CPU %     MEM USAGE / LIMIT     MEM %     NET I/O           BLOCK I/O
otel-memory-otel-collector-1   38.30%    211.1MiB / 512MiB     41.23%    397MB / 9.42MB    999kB / 0B
otel-memory-prometheus-1       0.00%     16.41MiB / 3.819GiB   0.42%     84kB / 35.6kB     8.19kB / 32.8kB
otel-memory-grafana-1          0.48%     97.87MiB / 3.819GiB   2.50%     23.4MB / 137kB    1.45MB / 101MB
otel-memory-jaeger-1           0.02%     9.758MiB / 3.819GiB   0.25%     3.69kB / 1.46kB   0B / 0B
otel-memory-renderer-1         0.00%     3.773MiB / 512MiB     0.74%     3.84kB / 2.07kB   0B / 0B

=== %Y-%m-%dT%H:%M:%S ===
NAME                           CPU %     MEM USAGE / LIMIT     MEM %     NET I/O           BLOCK I/O
otel-memory-otel-collector-1   38.81%    208.9MiB / 512MiB     40.80%    410MB / 9.73MB    999kB / 0B
otel-memory-prometheus-1       0.00%     16.66MiB / 3.819GiB   0.43%     87kB / 36.8kB     8.19kB / 32.8kB
otel-memory-grafana-1          0.32%     97.87MiB / 3.819GiB   2.50%     23.4MB / 137kB    1.45MB / 101MB
otel-memory-jaeger-1           0.02%     9.758MiB / 3.819GiB   0.25%     3.69kB / 1.46kB   0B / 0B
otel-memory-renderer-1         0.01%     3.668MiB / 512MiB     0.72%     3.84kB / 2.07kB   0B / 0B

=== %Y-%m-%dT%H:%M:%S ===
NAME                           CPU %     MEM USAGE / LIMIT     MEM %     NET I/O           BLOCK I/O
otel-memory-otel-collector-1   37.51%    207.8MiB / 512MiB     40.59%    423MB / 10MB      999kB / 0B
otel-memory-prometheus-1       0.00%     16.45MiB / 3.819GiB   0.42%     90kB / 38.1kB     8.19kB / 45.1kB
otel-memory-grafana-1          0.45%     98.07MiB / 3.819GiB   2.51%     23.4MB / 137kB    1.45MB / 101MB
otel-memory-jaeger-1           0.02%     9.758MiB / 3.819GiB   0.25%     3.69kB / 1.46kB   0B / 0B
otel-memory-renderer-1         5.68%     4.004MiB / 512MiB     0.78%     3.97kB / 2.2kB    0B / 0B

=== %Y-%m-%dT%H:%M:%S ===
NAME                           CPU %     MEM USAGE / LIMIT     MEM %     NET I/O           BLOCK I/O
otel-memory-otel-collector-1   40.02%    208.2MiB / 512MiB     40.66%    435MB / 10.3MB    999kB / 0B
otel-memory-prometheus-1       0.46%     16.7MiB / 3.819GiB    0.43%     93.1kB / 39.3kB   8.19kB / 45.1kB
otel-memory-grafana-1          0.35%     97.87MiB / 3.819GiB   2.50%     23.4MB / 137kB    1.45MB / 101MB
otel-memory-jaeger-1           0.03%     9.758MiB / 3.819GiB   0.25%     3.69kB / 1.46kB   0B / 0B
otel-memory-renderer-1         0.00%     3.684MiB / 512MiB     0.72%     3.97kB / 2.2kB    0B / 0B

=== %Y-%m-%dT%H:%M:%S ===
NAME                           CPU %     MEM USAGE / LIMIT     MEM %     NET I/O           BLOCK I/O
otel-memory-otel-collector-1   40.94%    208.8MiB / 512MiB     40.77%    448MB / 10.7MB    999kB / 0B
otel-memory-prometheus-1       0.00%     16.69MiB / 3.819GiB   0.43%     93.1kB / 39.3kB   8.19kB / 45.1kB
otel-memory-grafana-1          0.53%     97.87MiB / 3.819GiB   2.50%     23.4MB / 137kB    1.45MB / 101MB
otel-memory-jaeger-1           0.02%     9.758MiB / 3.819GiB   0.25%     3.69kB / 1.46kB   0B / 0B
otel-memory-renderer-1         0.00%     3.684MiB / 512MiB     0.72%     4.01kB / 2.24kB   0B / 0B

=== %Y-%m-%dT%H:%M:%S ===
NAME                           CPU %     MEM USAGE / LIMIT     MEM %     NET I/O           BLOCK I/O
otel-memory-otel-collector-1   92.17%    208MiB / 512MiB       40.62%    461MB / 10.9MB    999kB / 0B
otel-memory-prometheus-1       1.78%     16.71MiB / 3.819GiB   0.43%     99.2kB / 41.7kB   213kB / 45.1kB
otel-memory-grafana-1          1.16%     97.84MiB / 3.819GiB   2.50%     23.4MB / 137kB    1.45MB / 101MB
otel-memory-jaeger-1           0.18%     9.758MiB / 3.819GiB   0.25%     3.69kB / 1.46kB   0B / 0B
otel-memory-renderer-1         0.04%     3.797MiB / 512MiB     0.74%     4.01kB / 2.24kB   0B / 0B

=== %Y-%m-%dT%H:%M:%S ===
NAME                           CPU %     MEM USAGE / LIMIT     MEM %     NET I/O           BLOCK I/O
otel-memory-otel-collector-1   40.43%    228.3MiB / 512MiB     44.59%    474MB / 11.2MB    6.97MB / 0B
otel-memory-prometheus-1       0.08%     16.91MiB / 3.819GiB   0.43%     99.2kB / 41.7kB   356kB / 45.1kB
otel-memory-grafana-1          1.95%     97.96MiB / 3.819GiB   2.51%     23.4MB / 137kB    1.45MB / 101MB
otel-memory-jaeger-1           0.10%     9.758MiB / 3.819GiB   0.25%     3.69kB / 1.46kB   0B / 0B
otel-memory-renderer-1         0.01%     3.719MiB / 512MiB     0.73%     4.14kB / 2.37kB   0B / 0B

=== %Y-%m-%dT%H:%M:%S ===
NAME                           CPU %     MEM USAGE / LIMIT     MEM %     NET I/O           BLOCK I/O
otel-memory-otel-collector-1   38.65%    207.4MiB / 512MiB     40.51%    483MB / 11.5MB    6.97MB / 0B
otel-memory-prometheus-1       0.00%     16.81MiB / 3.819GiB   0.43%     102kB / 42.9kB    356kB / 45.1kB
otel-memory-grafana-1          0.38%     97.49MiB / 3.819GiB   2.49%     23.4MB / 137kB    1.45MB / 101MB
otel-memory-jaeger-1           0.02%     9.758MiB / 3.819GiB   0.25%     3.69kB / 1.46kB   0B / 0B
otel-memory-renderer-1         0.00%     3.902MiB / 512MiB     0.76%     4.19kB / 2.42kB   0B / 0B

=== %Y-%m-%dT%H:%M:%S ===
NAME                           CPU %     MEM USAGE / LIMIT     MEM %     NET I/O           BLOCK I/O
otel-memory-otel-collector-1   74.85%    212.9MiB / 512MiB     41.59%    499MB / 11.9MB    6.97MB / 0B
otel-memory-prometheus-1       0.00%     15.73MiB / 3.819GiB   0.40%     105kB / 44.2kB    356kB / 45.1kB
otel-memory-grafana-1          0.34%     97.49MiB / 3.819GiB   2.49%     23.4MB / 137kB    1.45MB / 101MB
otel-memory-jaeger-1           0.02%     9.758MiB / 3.819GiB   0.25%     3.69kB / 1.46kB   0B / 0B
otel-memory-renderer-1         0.00%     3.723MiB / 512MiB     0.73%     4.19kB / 2.42kB   0B / 0B

=== %Y-%m-%dT%H:%M:%S ===
NAME                           CPU %     MEM USAGE / LIMIT     MEM %     NET I/O           BLOCK I/O
otel-memory-otel-collector-1   41.34%    213.6MiB / 512MiB     41.72%    512MB / 12.2MB    6.97MB / 0B
otel-memory-prometheus-1       0.00%     15.75MiB / 3.819GiB   0.40%     108kB / 45.4kB    356kB / 45.1kB
otel-memory-grafana-1          0.51%     97.95MiB / 3.819GiB   2.50%     23.4MB / 137kB    1.73MB / 101MB
otel-memory-jaeger-1           0.02%     9.758MiB / 3.819GiB   0.25%     3.69kB / 1.46kB   0B / 0B
otel-memory-renderer-1         0.03%     3.719MiB / 512MiB     0.73%     4.19kB / 2.42kB   0B / 0B

=== %Y-%m-%dT%H:%M:%S ===
NAME                           CPU %     MEM USAGE / LIMIT     MEM %     NET I/O           BLOCK I/O
otel-memory-otel-collector-1   40.01%    214.2MiB / 512MiB     41.84%    525MB / 12.5MB    6.97MB / 0B
otel-memory-prometheus-1       0.00%     16.25MiB / 3.819GiB   0.42%     111kB / 46.6kB    356kB / 53.2kB
otel-memory-grafana-1          0.33%     97.77MiB / 3.819GiB   2.50%     23.4MB / 137kB    1.73MB / 101MB
otel-memory-jaeger-1           0.02%     9.758MiB / 3.819GiB   0.25%     3.69kB / 1.46kB   0B / 0B
otel-memory-renderer-1         0.00%     4.117MiB / 512MiB     0.80%     4.32kB / 2.55kB   0B / 0B

=== %Y-%m-%dT%H:%M:%S ===
NAME                           CPU %     MEM USAGE / LIMIT     MEM %     NET I/O           BLOCK I/O
otel-memory-otel-collector-1   35.78%    222.6MiB / 512MiB     43.47%    537MB / 12.7MB    6.97MB / 0B
otel-memory-prometheus-1       0.60%     15.98MiB / 3.819GiB   0.41%     115kB / 47.8kB    356kB / 53.2kB
otel-memory-grafana-1          0.59%     97.98MiB / 3.819GiB   2.51%     23.4MB / 137kB    1.73MB / 101MB
otel-memory-jaeger-1           0.02%     9.758MiB / 3.819GiB   0.25%     3.69kB / 1.46kB   0B / 0B
otel-memory-renderer-1         0.00%     3.871MiB / 512MiB     0.76%     4.36kB / 2.59kB   0B / 0B

=== %Y-%m-%dT%H:%M:%S ===
NAME                           CPU %     MEM USAGE / LIMIT     MEM %     NET I/O           BLOCK I/O
otel-memory-otel-collector-1   69.98%    222.6MiB / 512MiB     43.47%    546MB / 13MB      6.97MB / 0B
otel-memory-prometheus-1       0.61%     16.49MiB / 3.819GiB   0.42%     118kB / 49kB      627kB / 53.2kB
otel-memory-grafana-1          0.42%     97.77MiB / 3.819GiB   2.50%     23.4MB / 137kB    1.73MB / 101MB
otel-memory-jaeger-1           0.08%     9.758MiB / 3.819GiB   0.25%     3.69kB / 1.46kB   0B / 0B
otel-memory-renderer-1         0.00%     3.832MiB / 512MiB     0.75%     4.36kB / 2.59kB   0B / 0B

=== %Y-%m-%dT%H:%M:%S ===
NAME                           CPU %     MEM USAGE / LIMIT     MEM %     NET I/O           BLOCK I/O
otel-memory-otel-collector-1   38.14%    222.8MiB / 512MiB     43.52%    562MB / 13.4MB    6.97MB / 0B
otel-memory-prometheus-1       0.00%     16.49MiB / 3.819GiB   0.42%     118kB / 49kB      627kB / 53.2kB
otel-memory-grafana-1          0.46%     97.77MiB / 3.819GiB   2.50%     23.4MB / 137kB    1.73MB / 101MB
otel-memory-jaeger-1           0.02%     9.758MiB / 3.819GiB   0.25%     3.69kB / 1.46kB   0B / 0B
otel-memory-renderer-1         0.00%     3.73MiB / 512MiB      0.73%     4.49kB / 2.72kB   0B / 0B

=== %Y-%m-%dT%H:%M:%S ===
NAME                           CPU %     MEM USAGE / LIMIT     MEM %     NET I/O           BLOCK I/O
otel-memory-otel-collector-1   39.89%    223.9MiB / 512MiB     43.73%    575MB / 13.7MB    7.82MB / 0B
otel-memory-prometheus-1       0.00%     16.03MiB / 3.819GiB   0.41%     121kB / 50.3kB    627kB / 53.2kB
otel-memory-grafana-1          0.40%     97.77MiB / 3.819GiB   2.50%     23.4MB / 137kB    1.73MB / 101MB
otel-memory-jaeger-1           0.02%     9.758MiB / 3.819GiB   0.25%     3.69kB / 1.46kB   0B / 0B
otel-memory-renderer-1         0.87%     4.73MiB / 512MiB      0.92%     4.49kB / 2.72kB   0B / 0B

=== %Y-%m-%dT%H:%M:%S ===
NAME                           CPU %     MEM USAGE / LIMIT     MEM %     NET I/O           BLOCK I/O
otel-memory-otel-collector-1   63.67%    226.8MiB / 512MiB     44.29%    587MB / 14MB      7.82MB / 0B
otel-memory-prometheus-1       0.00%     16.28MiB / 3.819GiB   0.42%     124kB / 51.5kB    627kB / 53.2kB
otel-memory-grafana-1          0.42%     97.77MiB / 3.819GiB   2.50%     23.4MB / 137kB    1.73MB / 101MB
otel-memory-jaeger-1           0.02%     9.758MiB / 3.819GiB   0.25%     3.69kB / 1.46kB   0B / 0B
otel-memory-renderer-1         0.00%     3.816MiB / 512MiB     0.75%     4.54kB / 2.76kB   0B / 0B

=== %Y-%m-%dT%H:%M:%S ===
NAME                           CPU %     MEM USAGE / LIMIT     MEM %     NET I/O           BLOCK I/O
otel-memory-otel-collector-1   71.50%    226.7MiB / 512MiB     44.27%    600MB / 14.3MB    7.82MB / 0B
otel-memory-prometheus-1       0.00%     16.27MiB / 3.819GiB   0.42%     127kB / 52.7kB    627kB / 53.2kB
otel-memory-grafana-1          0.50%     98MiB / 3.819GiB      2.51%     23.4MB / 137kB    1.73MB / 101MB
otel-memory-jaeger-1           0.02%     9.758MiB / 3.819GiB   0.25%     3.69kB / 1.46kB   0B / 0B
otel-memory-renderer-1         0.00%     3.738MiB / 512MiB     0.73%     4.54kB / 2.76kB   0B / 0B

=== %Y-%m-%dT%H:%M:%S ===
NAME                           CPU %     MEM USAGE / LIMIT     MEM %     NET I/O           BLOCK I/O
otel-memory-otel-collector-1   70.79%    226.6MiB / 512MiB     44.27%    613MB / 14.6MB    7.82MB / 0B
otel-memory-prometheus-1       0.07%     16.28MiB / 3.819GiB   0.42%     130kB / 53.9kB    627kB / 53.2kB
otel-memory-grafana-1          0.45%     98MiB / 3.819GiB      2.51%     23.4MB / 138kB    1.73MB / 101MB
otel-memory-jaeger-1           0.02%     9.758MiB / 3.819GiB   0.25%     3.69kB / 1.46kB   0B / 0B
otel-memory-renderer-1         0.00%     3.738MiB / 512MiB     0.73%     4.67kB / 2.9kB    0B / 0B

=== %Y-%m-%dT%H:%M:%S ===
NAME                           CPU %     MEM USAGE / LIMIT     MEM %     NET I/O           BLOCK I/O
otel-memory-otel-collector-1   74.79%    226.5MiB / 512MiB     44.24%    625MB / 14.9MB    7.82MB / 0B
otel-memory-prometheus-1       0.53%     16.27MiB / 3.819GiB   0.42%     133kB / 55.1kB    627kB / 53.2kB
otel-memory-grafana-1          1.29%     97.98MiB / 3.819GiB   2.51%     23.4MB / 138kB    1.73MB / 101MB
otel-memory-jaeger-1           0.04%     9.758MiB / 3.819GiB   0.25%     3.69kB / 1.46kB   0B / 0B
otel-memory-renderer-1         0.02%     3.738MiB / 512MiB     0.73%     4.71kB / 2.94kB   0B / 0B

=== %Y-%m-%dT%H:%M:%S ===
NAME                           CPU %     MEM USAGE / LIMIT     MEM %     NET I/O           BLOCK I/O
otel-memory-otel-collector-1   74.60%    226.7MiB / 512MiB     44.28%    638MB / 15.2MB    7.82MB / 0B
otel-memory-prometheus-1       0.00%     16.03MiB / 3.819GiB   0.41%     133kB / 55.1kB    627kB / 61.4kB
otel-memory-grafana-1          0.42%     97.77MiB / 3.819GiB   2.50%     23.4MB / 138kB    1.73MB / 101MB
otel-memory-jaeger-1           0.01%     9.758MiB / 3.819GiB   0.25%     3.69kB / 1.46kB   0B / 0B
otel-memory-renderer-1         6.07%     3.855MiB / 512MiB     0.75%     4.71kB / 2.94kB   0B / 0B

=== %Y-%m-%dT%H:%M:%S ===
NAME                           CPU %     MEM USAGE / LIMIT     MEM %     NET I/O           BLOCK I/O
otel-memory-otel-collector-1   70.10%    225.6MiB / 512MiB     44.07%    651MB / 15.5MB    7.82MB / 0B
otel-memory-prometheus-1       0.00%     16.04MiB / 3.819GiB   0.41%     136kB / 56.3kB    627kB / 61.4kB
otel-memory-grafana-1          0.49%     97.77MiB / 3.819GiB   2.50%     23.4MB / 138kB    1.73MB / 101MB
otel-memory-jaeger-1           0.02%     9.758MiB / 3.819GiB   0.25%     3.69kB / 1.46kB   0B / 0B
otel-memory-renderer-1         0.00%     3.742MiB / 512MiB     0.73%     4.71kB / 2.94kB   0B / 0B

=== %Y-%m-%dT%H:%M:%S ===
NAME                           CPU %     MEM USAGE / LIMIT     MEM %     NET I/O           BLOCK I/O
otel-memory-otel-collector-1   73.15%    225.6MiB / 512MiB     44.07%    663MB / 15.8MB    7.82MB / 0B
otel-memory-prometheus-1       0.00%     16.04MiB / 3.819GiB   0.41%     139kB / 57.5kB    627kB / 61.4kB
otel-memory-grafana-1          0.44%     97.98MiB / 3.819GiB   2.51%     23.4MB / 138kB    1.73MB / 101MB
otel-memory-jaeger-1           0.06%     8.566MiB / 3.819GiB   0.22%     3.69kB / 1.46kB   0B / 0B
otel-memory-renderer-1         0.00%     3.742MiB / 512MiB     0.73%     4.84kB / 3.07kB   0B / 0B

=== %Y-%m-%dT%H:%M:%S ===
NAME                           CPU %     MEM USAGE / LIMIT     MEM %     NET I/O           BLOCK I/O
otel-memory-otel-collector-1   37.92%    225.7MiB / 512MiB     44.08%    676MB / 16.1MB    7.82MB / 0B
otel-memory-prometheus-1       0.06%     16.29MiB / 3.819GiB   0.42%     142kB / 58.8kB    627kB / 61.4kB
otel-memory-grafana-1          0.38%     97.77MiB / 3.819GiB   2.50%     23.4MB / 138kB    1.73MB / 101MB
otel-memory-jaeger-1           0.02%     8.566MiB / 3.819GiB   0.22%     3.69kB / 1.46kB   0B / 0B
otel-memory-renderer-1         0.02%     3.91MiB / 512MiB      0.76%     4.95kB / 3.11kB   0B / 0B

=== %Y-%m-%dT%H:%M:%S ===
NAME                           CPU %     MEM USAGE / LIMIT     MEM %     NET I/O           BLOCK I/O
otel-memory-otel-collector-1   38.90%    226.1MiB / 512MiB     44.16%    689MB / 16.4MB    7.82MB / 0B
otel-memory-prometheus-1       0.12%     16.28MiB / 3.819GiB   0.42%     145kB / 60kB      627kB / 61.4kB
otel-memory-grafana-1          0.63%     98MiB / 3.819GiB      2.51%     23.4MB / 138kB    1.73MB / 101MB
otel-memory-jaeger-1           0.02%     8.566MiB / 3.819GiB   0.22%     3.69kB / 1.46kB   0B / 0B
otel-memory-renderer-1         0.00%     3.91MiB / 512MiB      0.76%     4.95kB / 3.11kB   0B / 0B

=== %Y-%m-%dT%H:%M:%S ===
NAME                           CPU %     MEM USAGE / LIMIT     MEM %     NET I/O           BLOCK I/O
otel-memory-otel-collector-1   40.11%    226.1MiB / 512MiB     44.15%    701MB / 16.7MB    7.82MB / 0B
otel-memory-prometheus-1       0.66%     16.54MiB / 3.819GiB   0.42%     149kB / 61.2kB    627kB / 61.4kB
otel-memory-grafana-1          0.39%     97.79MiB / 3.819GiB   2.50%     23.4MB / 138kB    1.73MB / 101MB
otel-memory-jaeger-1           0.07%     8.566MiB / 3.819GiB   0.22%     3.69kB / 1.46kB   0B / 0B
otel-memory-renderer-1         0.00%     3.941MiB / 512MiB     0.77%     4.95kB / 3.11kB   0B / 0B

=== %Y-%m-%dT%H:%M:%S ===
NAME                           CPU %     MEM USAGE / LIMIT     MEM %     NET I/O           BLOCK I/O
otel-memory-otel-collector-1   38.34%    226.3MiB / 512MiB     44.20%    714MB / 17MB      7.82MB / 0B
otel-memory-prometheus-1       0.00%     16.04MiB / 3.819GiB   0.41%     149kB / 61.2kB    627kB / 61.4kB
otel-memory-grafana-1          0.47%     97.79MiB / 3.819GiB   2.50%     23.4MB / 138kB    1.73MB / 101MB
otel-memory-jaeger-1           0.02%     8.566MiB / 3.819GiB   0.22%     3.69kB / 1.46kB   0B / 0B
otel-memory-renderer-1         0.00%     3.758MiB / 512MiB     0.73%     5.08kB / 3.24kB   0B / 0B

=== %Y-%m-%dT%H:%M:%S ===
NAME                           CPU %     MEM USAGE / LIMIT     MEM %     NET I/O           BLOCK I/O
otel-memory-otel-collector-1   37.85%    226.5MiB / 512MiB     44.23%    727MB / 17.3MB    7.82MB / 0B
otel-memory-prometheus-1       0.00%     16.29MiB / 3.819GiB   0.42%     152kB / 62.4kB    627kB / 61.4kB
otel-memory-grafana-1          0.38%     97.8MiB / 3.819GiB    2.50%     23.4MB / 138kB    1.73MB / 101MB
otel-memory-jaeger-1           0.02%     8.566MiB / 3.819GiB   0.22%     3.76kB / 1.46kB   0B / 0B
otel-memory-renderer-1         6.22%     3.859MiB / 512MiB     0.75%     5.13kB / 3.29kB   0B / 0B

=== %Y-%m-%dT%H:%M:%S ===
NAME                           CPU %     MEM USAGE / LIMIT     MEM %     NET I/O           BLOCK I/O
otel-memory-otel-collector-1   36.46%    226.1MiB / 512MiB     44.16%    739MB / 17.6MB    7.82MB / 0B
otel-memory-prometheus-1       0.00%     16.27MiB / 3.819GiB   0.42%     155kB / 63.6kB    627kB / 69.6kB
otel-memory-grafana-1          0.49%     97.8MiB / 3.819GiB    2.50%     23.4MB / 138kB    1.73MB / 101MB
otel-memory-jaeger-1           0.01%     8.566MiB / 3.819GiB   0.22%     3.76kB / 1.46kB   0B / 0B
otel-memory-renderer-1         0.00%     3.855MiB / 512MiB     0.75%     5.13kB / 3.29kB   0B / 0B

=== %Y-%m-%dT%H:%M:%S ===
NAME                           CPU %     MEM USAGE / LIMIT     MEM %     NET I/O           BLOCK I/O
otel-memory-otel-collector-1   37.01%    226.3MiB / 512MiB     44.20%    752MB / 17.9MB    7.82MB / 0B
otel-memory-prometheus-1       0.12%     16.27MiB / 3.819GiB   0.42%     158kB / 64.8kB    627kB / 69.6kB
otel-memory-grafana-1          0.46%     98.26MiB / 3.819GiB   2.51%     23.4MB / 138kB    1.73MB / 101MB
otel-memory-jaeger-1           0.03%     8.566MiB / 3.819GiB   0.22%     3.76kB / 1.46kB   0B / 0B
otel-memory-renderer-1         0.01%     3.758MiB / 512MiB     0.73%     5.26kB / 3.42kB   0B / 0B

=== %Y-%m-%dT%H:%M:%S ===
NAME                           CPU %     MEM USAGE / LIMIT     MEM %     NET I/O           BLOCK I/O
otel-memory-otel-collector-1   37.78%    222.8MiB / 512MiB     43.51%    765MB / 18.2MB    7.82MB / 0B
otel-memory-prometheus-1       0.03%     16.26MiB / 3.819GiB   0.42%     161kB / 66kB      627kB / 69.6kB
otel-memory-grafana-1          0.56%     97.8MiB / 3.819GiB    2.50%     23.4MB / 138kB    1.73MB / 101MB
otel-memory-jaeger-1           0.02%     8.566MiB / 3.819GiB   0.22%     3.76kB / 1.46kB   0B / 0B
otel-memory-renderer-1         0.00%     3.934MiB / 512MiB     0.77%     5.3kB / 3.46kB    0B / 0B

=== %Y-%m-%dT%H:%M:%S ===
NAME                           CPU %     MEM USAGE / LIMIT     MEM %     NET I/O           BLOCK I/O
otel-memory-otel-collector-1   40.05%    224.2MiB / 512MiB     43.79%    777MB / 18.5MB    7.82MB / 0B
otel-memory-prometheus-1       0.66%     16.54MiB / 3.819GiB   0.42%     164kB / 67.2kB    627kB / 69.6kB
otel-memory-grafana-1          1.16%     98.25MiB / 3.819GiB   2.51%     23.4MB / 138kB    1.73MB / 101MB
otel-memory-jaeger-1           0.08%     8.566MiB / 3.819GiB   0.22%     3.76kB / 1.46kB   0B / 0B
otel-memory-renderer-1         0.01%     3.934MiB / 512MiB     0.77%     5.3kB / 3.46kB    0B / 0B

=== %Y-%m-%dT%H:%M:%S ===
NAME                           CPU %     MEM USAGE / LIMIT     MEM %     NET I/O           BLOCK I/O
otel-memory-otel-collector-1   38.88%    224.1MiB / 512MiB     43.76%    787MB / 18.8MB    7.82MB / 0B
otel-memory-prometheus-1       0.00%     16.07MiB / 3.819GiB   0.41%     164kB / 67.2kB    627kB / 69.6kB
otel-memory-grafana-1          0.44%     97.8MiB / 3.819GiB    2.50%     23.4MB / 138kB    1.73MB / 101MB
otel-memory-jaeger-1           0.02%     8.566MiB / 3.819GiB   0.22%     3.76kB / 1.46kB   0B / 0B
otel-memory-renderer-1         0.00%     3.988MiB / 512MiB     0.78%     5.3kB / 3.46kB    0B / 0B

=== %Y-%m-%dT%H:%M:%S ===
NAME                           CPU %     MEM USAGE / LIMIT     MEM %     NET I/O           BLOCK I/O
otel-memory-otel-collector-1   40.64%    224.4MiB / 512MiB     43.82%    803MB / 19.1MB    7.82MB / 0B
otel-memory-prometheus-1       0.00%     16.08MiB / 3.819GiB   0.41%     167kB / 68.4kB    627kB / 69.6kB
otel-memory-grafana-1          0.48%     97.8MiB / 3.819GiB    2.50%     23.4MB / 138kB    1.73MB / 101MB
otel-memory-jaeger-1           0.02%     8.566MiB / 3.819GiB   0.22%     3.76kB / 1.46kB   0B / 0B
otel-memory-renderer-1         0.00%     3.766MiB / 512MiB     0.74%     5.43kB / 3.59kB   0B / 0B

=== %Y-%m-%dT%H:%M:%S ===
NAME                           CPU %     MEM USAGE / LIMIT     MEM %     NET I/O           BLOCK I/O
otel-memory-otel-collector-1   40.14%    224.4MiB / 512MiB     43.83%    812MB / 19.3MB    7.82MB / 0B
otel-memory-prometheus-1       0.00%     16.13MiB / 3.819GiB   0.41%     170kB / 69.6kB    627kB / 69.6kB
otel-memory-grafana-1          0.44%     98.05MiB / 3.819GiB   2.51%     23.4MB / 138kB    1.73MB / 101MB
otel-memory-jaeger-1           0.02%     8.566MiB / 3.819GiB   0.22%     3.76kB / 1.46kB   0B / 0B
otel-memory-renderer-1         0.00%     3.766MiB / 512MiB     0.74%     5.47kB / 3.63kB   0B / 0B

=== %Y-%m-%dT%H:%M:%S ===
NAME                           CPU %     MEM USAGE / LIMIT     MEM %     NET I/O           BLOCK I/O
otel-memory-otel-collector-1   39.38%    224.4MiB / 512MiB     43.82%    828MB / 19.7MB    7.82MB / 0B
otel-memory-prometheus-1       0.00%     16.13MiB / 3.819GiB   0.41%     173kB / 70.8kB    627kB / 69.6kB
otel-memory-grafana-1          0.56%     97.8MiB / 3.819GiB    2.50%     23.4MB / 138kB    1.73MB / 101MB
otel-memory-jaeger-1           0.02%     8.566MiB / 3.819GiB   0.22%     3.76kB / 1.46kB   0B / 0B
otel-memory-renderer-1         0.00%     3.98MiB / 512MiB      0.78%     5.47kB / 3.63kB   0B / 0B

=== %Y-%m-%dT%H:%M:%S ===
NAME                           CPU %     MEM USAGE / LIMIT     MEM %     NET I/O           BLOCK I/O
otel-memory-otel-collector-1   38.53%    225.1MiB / 512MiB     43.97%    841MB / 20MB      7.82MB / 0B
otel-memory-prometheus-1       0.81%     16.62MiB / 3.819GiB   0.43%     177kB / 72kB      627kB / 69.6kB
otel-memory-grafana-1          0.58%     98.07MiB / 3.819GiB   2.51%     23.4MB / 138kB    1.73MB / 101MB
otel-memory-jaeger-1           0.02%     8.566MiB / 3.819GiB   0.22%     3.76kB / 1.46kB   0B / 0B
otel-memory-renderer-1         0.00%     3.766MiB / 512MiB     0.74%     5.61kB / 3.77kB   0B / 0B

=== %Y-%m-%dT%H:%M:%S ===
NAME                           CPU %     MEM USAGE / LIMIT     MEM %     NET I/O           BLOCK I/O
otel-memory-otel-collector-1   39.65%    225.2MiB / 512MiB     43.98%    853MB / 20.3MB    7.82MB / 0B
otel-memory-prometheus-1       0.00%     16.13MiB / 3.819GiB   0.41%     177kB / 72kB      627kB / 77.8kB
otel-memory-grafana-1          0.48%     97.83MiB / 3.819GiB   2.50%     23.4MB / 138kB    1.73MB / 101MB
otel-memory-jaeger-1           0.05%     8.566MiB / 3.819GiB   0.22%     3.76kB / 1.46kB   0B / 0B
otel-memory-renderer-1         0.00%     3.773MiB / 512MiB     0.74%     5.65kB / 3.81kB   0B / 0B

=== %Y-%m-%dT%H:%M:%S ===
NAME                           CPU %     MEM USAGE / LIMIT     MEM %     NET I/O           BLOCK I/O
otel-memory-otel-collector-1   40.47%    225MiB / 512MiB       43.95%    866MB / 20.7MB    7.82MB / 0B
otel-memory-prometheus-1       0.00%     16.3MiB / 3.819GiB    0.42%     180kB / 73.2kB    627kB / 77.8kB
otel-memory-grafana-1          2.28%     98.26MiB / 3.819GiB   2.51%     23.4MB / 138kB    1.8MB / 101MB
otel-memory-jaeger-1           0.02%     8.566MiB / 3.819GiB   0.22%     3.76kB / 1.46kB   0B / 0B
otel-memory-renderer-1         0.00%     3.773MiB / 512MiB     0.74%     5.65kB / 3.81kB   0B / 0B

=== %Y-%m-%dT%H:%M:%S ===
NAME                           CPU %     MEM USAGE / LIMIT     MEM %     NET I/O           BLOCK I/O
otel-memory-otel-collector-1   38.78%    221.4MiB / 512MiB     43.25%    879MB / 21MB      7.82MB / 0B
otel-memory-prometheus-1       0.00%     16.37MiB / 3.819GiB   0.42%     183kB / 74.4kB    627kB / 77.8kB
otel-memory-grafana-1          0.47%     97.89MiB / 3.819GiB   2.50%     23.4MB / 138kB    1.8MB / 101MB
otel-memory-jaeger-1           0.02%     8.566MiB / 3.819GiB   0.22%     3.76kB / 1.46kB   0B / 0B
otel-memory-renderer-1         5.45%     3.883MiB / 512MiB     0.76%     5.65kB / 3.81kB   0B / 0B

=== %Y-%m-%dT%H:%M:%S ===
NAME                           CPU %     MEM USAGE / LIMIT     MEM %     NET I/O           BLOCK I/O
otel-memory-otel-collector-1   37.56%    215.1MiB / 512MiB     42.02%    888MB / 21.2MB    7.82MB / 0B
otel-memory-prometheus-1       0.00%     16.62MiB / 3.819GiB   0.42%     186kB / 75.6kB    627kB / 77.8kB
otel-memory-grafana-1          0.46%     97.89MiB / 3.819GiB   2.50%     23.4MB / 139kB    1.8MB / 101MB
otel-memory-jaeger-1           0.02%     8.566MiB / 3.819GiB   0.22%     3.76kB / 1.46kB   0B / 0B
otel-memory-renderer-1         0.00%     3.793MiB / 512MiB     0.74%     5.78kB / 3.94kB   0B / 0B

=== %Y-%m-%dT%H:%M:%S ===
NAME                           CPU %     MEM USAGE / LIMIT     MEM %     NET I/O           BLOCK I/O
otel-memory-otel-collector-1   34.33%    215.4MiB / 512MiB     42.07%    903MB / 21.5MB    7.82MB / 0B
otel-memory-prometheus-1       0.00%     16.64MiB / 3.819GiB   0.43%     189kB / 76.8kB    627kB / 77.8kB
otel-memory-grafana-1          0.42%     98.14MiB / 3.819GiB   2.51%     23.4MB / 139kB    1.8MB / 101MB
otel-memory-jaeger-1           0.02%     8.566MiB / 3.819GiB   0.22%     3.76kB / 1.46kB   0B / 0B
otel-memory-renderer-1         0.01%     3.793MiB / 512MiB     0.74%     5.82kB / 3.98kB   0B / 0B

=== %Y-%m-%dT%H:%M:%S ===
NAME                           CPU %     MEM USAGE / LIMIT     MEM %     NET I/O           BLOCK I/O
otel-memory-otel-collector-1   33.81%    216.2MiB / 512MiB     42.23%    916MB / 21.8MB    7.82MB / 0B
otel-memory-prometheus-1       0.00%     16.91MiB / 3.819GiB   0.43%     192kB / 78kB      627kB / 77.8kB
otel-memory-grafana-1          0.44%     97.89MiB / 3.819GiB   2.50%     23.4MB / 139kB    1.8MB / 101MB
otel-memory-jaeger-1           0.02%     8.566MiB / 3.819GiB   0.22%     3.76kB / 1.46kB   0B / 0B
otel-memory-renderer-1         0.00%     3.797MiB / 512MiB     0.74%     5.82kB / 3.98kB   0B / 0B

=== %Y-%m-%dT%H:%M:%S ===
NAME                           CPU %     MEM USAGE / LIMIT     MEM %     NET I/O           BLOCK I/O
otel-memory-otel-collector-1   33.18%    216.5MiB / 512MiB     42.29%    929MB / 22.2MB    7.82MB / 0B
otel-memory-prometheus-1       0.47%     16.91MiB / 3.819GiB   0.43%     195kB / 79.2kB    627kB / 77.8kB
otel-memory-grafana-1          0.34%     98.11MiB / 3.819GiB   2.51%     23.4MB / 139kB    1.8MB / 101MB
otel-memory-jaeger-1           0.06%     8.566MiB / 3.819GiB   0.22%     3.76kB / 1.46kB   0B / 0B
otel-memory-renderer-1         0.00%     3.793MiB / 512MiB     0.74%     5.82kB / 3.98kB   0B / 0B

=== %Y-%m-%dT%H:%M:%S ===
NAME                           CPU %     MEM USAGE / LIMIT     MEM %     NET I/O           BLOCK I/O
otel-memory-otel-collector-1   32.97%    216.7MiB / 512MiB     42.32%    941MB / 22.5MB    7.82MB / 0B
otel-memory-prometheus-1       0.41%     16.92MiB / 3.819GiB   0.43%     198kB / 80.5kB    627kB / 77.8kB
otel-memory-grafana-1          0.37%     98.11MiB / 3.819GiB   2.51%     23.4MB / 139kB    1.8MB / 101MB
otel-memory-jaeger-1           0.05%     8.566MiB / 3.819GiB   0.22%     3.76kB / 1.46kB   0B / 0B
otel-memory-renderer-1         0.00%     3.902MiB / 512MiB     0.76%     5.96kB / 4.11kB   0B / 0B

=== %Y-%m-%dT%H:%M:%S ===
NAME                           CPU %     MEM USAGE / LIMIT     MEM %     NET I/O           BLOCK I/O
otel-memory-otel-collector-1   32.23%    216.5MiB / 512MiB     42.29%    954MB / 22.8MB    7.82MB / 0B
otel-memory-prometheus-1       0.00%     16.7MiB / 3.819GiB    0.43%     198kB / 80.5kB    627kB / 86kB
otel-memory-grafana-1          0.90%     97.9MiB / 3.819GiB    2.50%     23.4MB / 139kB    1.8MB / 101MB
otel-memory-jaeger-1           0.02%     8.566MiB / 3.819GiB   0.22%     3.76kB / 1.46kB   0B / 0B
otel-memory-renderer-1         0.00%     3.902MiB / 512MiB     0.76%     6kB / 4.16kB      0B / 0B

=== %Y-%m-%dT%H:%M:%S ===
NAME                           CPU %     MEM USAGE / LIMIT     MEM %     NET I/O           BLOCK I/O
otel-memory-otel-collector-1   31.25%    216.6MiB / 512MiB     42.30%    966MB / 23MB      7.82MB / 0B
otel-memory-prometheus-1       0.00%     16.7MiB / 3.819GiB    0.43%     201kB / 81.7kB    627kB / 86kB
otel-memory-grafana-1          0.33%     98.11MiB / 3.819GiB   2.51%     23.4MB / 139kB    1.8MB / 101MB
otel-memory-jaeger-1           0.02%     8.566MiB / 3.819GiB   0.22%     3.76kB / 1.46kB   0B / 0B
otel-memory-renderer-1         0.00%     3.805MiB / 512MiB     0.74%     6kB / 4.16kB      0B / 0B

=== %Y-%m-%dT%H:%M:%S ===
NAME                           CPU %     MEM USAGE / LIMIT     MEM %     NET I/O           BLOCK I/O
otel-memory-otel-collector-1   33.47%    220.8MiB / 512MiB     43.13%    979MB / 23.4MB    7.82MB / 0B
otel-memory-prometheus-1       0.00%     16.94MiB / 3.819GiB   0.43%     204kB / 82.9kB    627kB / 86kB
otel-memory-grafana-1          0.46%     97.89MiB / 3.819GiB   2.50%     23.4MB / 139kB    1.8MB / 101MB
otel-memory-jaeger-1           0.02%     8.566MiB / 3.819GiB   0.22%     3.76kB / 1.46kB   0B / 0B
otel-memory-renderer-1         0.01%     3.906MiB / 512MiB     0.76%     6.13kB / 4.29kB   0B / 0B

=== %Y-%m-%dT%H:%M:%S ===
NAME                           CPU %     MEM USAGE / LIMIT     MEM %     NET I/O           BLOCK I/O
otel-memory-otel-collector-1   32.71%    221MiB / 512MiB       43.16%    992MB / 23.7MB    7.82MB / 0B
otel-memory-prometheus-1       0.00%     16.95MiB / 3.819GiB   0.43%     208kB / 84.1kB    627kB / 86kB
otel-memory-grafana-1          0.54%     98.36MiB / 3.819GiB   2.52%     23.4MB / 139kB    1.8MB / 101MB
otel-memory-jaeger-1           0.02%     8.566MiB / 3.819GiB   0.22%     3.76kB / 1.46kB   0B / 0B
otel-memory-renderer-1         0.00%     3.805MiB / 512MiB     0.74%     6.13kB / 4.29kB   0B / 0B

=== %Y-%m-%dT%H:%M:%S ===
NAME                           CPU %     MEM USAGE / LIMIT     MEM %     NET I/O           BLOCK I/O
otel-memory-otel-collector-1   32.91%    220.8MiB / 512MiB     43.12%    1GB / 24MB        7.82MB / 0B
otel-memory-prometheus-1       0.56%     17.02MiB / 3.819GiB   0.44%     211kB / 85.3kB    627kB / 86kB
otel-memory-grafana-1          0.36%     98.11MiB / 3.819GiB   2.51%     23.4MB / 139kB    1.8MB / 101MB
otel-memory-jaeger-1           0.05%     8.566MiB / 3.819GiB   0.22%     3.76kB / 1.46kB   0B / 0B
otel-memory-renderer-1         5.27%     4.133MiB / 512MiB     0.81%     6.17kB / 4.33kB   0B / 0B

=== %Y-%m-%dT%H:%M:%S ===
NAME                           CPU %     MEM USAGE / LIMIT     MEM %     NET I/O           BLOCK I/O
otel-memory-otel-collector-1   32.71%    220.8MiB / 512MiB     43.13%    1.02GB / 24.3MB   7.82MB / 0B
otel-memory-prometheus-1       0.29%     17.04MiB / 3.819GiB   0.44%     214kB / 86.5kB    627kB / 86kB
otel-memory-grafana-1          1.02%     97.89MiB / 3.819GiB   2.50%     23.4MB / 139kB    1.8MB / 101MB
otel-memory-jaeger-1           0.08%     8.566MiB / 3.819GiB   0.22%     3.76kB / 1.46kB   0B / 0B
otel-memory-renderer-1         0.00%     3.82MiB / 512MiB      0.75%     6.17kB / 4.33kB   0B / 0B

=== %Y-%m-%dT%H:%M:%S ===
NAME                           CPU %     MEM USAGE / LIMIT     MEM %     NET I/O           BLOCK I/O
otel-memory-otel-collector-1   31.23%    221.1MiB / 512MiB     43.18%    1.03GB / 24.6MB   8.21MB / 0B
otel-memory-prometheus-1       0.00%     16.58MiB / 3.819GiB   0.42%     214kB / 86.5kB    627kB / 86kB
otel-memory-grafana-1          0.34%     98.14MiB / 3.819GiB   2.51%     23.4MB / 139kB    1.8MB / 101MB
otel-memory-jaeger-1           0.02%     8.566MiB / 3.819GiB   0.22%     3.76kB / 1.46kB   0B / 0B
otel-memory-renderer-1         0.00%     3.82MiB / 512MiB      0.75%     6.3kB / 4.46kB    0B / 0B

=== %Y-%m-%dT%H:%M:%S ===
NAME                           CPU %     MEM USAGE / LIMIT     MEM %     NET I/O           BLOCK I/O
otel-memory-otel-collector-1   31.16%    218.3MiB / 512MiB     42.63%    1.04GB / 24.9MB   8.21MB / 0B
otel-memory-prometheus-1       0.00%     16.6MiB / 3.819GiB    0.42%     217kB / 87.7kB    627kB / 86kB
otel-memory-grafana-1          0.42%     98.14MiB / 3.819GiB   2.51%     23.4MB / 139kB    1.8MB / 101MB
otel-memory-jaeger-1           0.02%     8.566MiB / 3.819GiB   0.22%     3.76kB / 1.46kB   0B / 0B
otel-memory-renderer-1         0.00%     3.852MiB / 512MiB     0.75%     6.34kB / 4.5kB    0B / 0B

=== %Y-%m-%dT%H:%M:%S ===
NAME                           CPU %     MEM USAGE / LIMIT     MEM %     NET I/O           BLOCK I/O
otel-memory-otel-collector-1   31.93%    218.1MiB / 512MiB     42.59%    1.05GB / 25.2MB   8.21MB / 0B
otel-memory-prometheus-1       0.00%     16.87MiB / 3.819GiB   0.43%     220kB / 89kB      627kB / 94.2kB
otel-memory-grafana-1          0.50%     98.14MiB / 3.819GiB   2.51%     23.4MB / 139kB    1.83MB / 101MB
otel-memory-jaeger-1           0.02%     8.566MiB / 3.819GiB   0.22%     3.76kB / 1.46kB   0B / 0B
otel-memory-renderer-1         0.00%     3.852MiB / 512MiB     0.75%     6.34kB / 4.5kB    0B / 0B

=== %Y-%m-%dT%H:%M:%S ===
NAME                           CPU %     MEM USAGE / LIMIT     MEM %     NET I/O           BLOCK I/O
otel-memory-otel-collector-1   32.23%    217.4MiB / 512MiB     42.47%    1.07GB / 25.5MB   8.21MB / 0B
otel-memory-prometheus-1       0.00%     17.12MiB / 3.819GiB   0.44%     223kB / 90.2kB    627kB / 94.2kB
otel-memory-grafana-1          0.45%     97.9MiB / 3.819GiB    2.50%     23.4MB / 139kB    1.83MB / 101MB
otel-memory-jaeger-1           0.03%     8.566MiB / 3.819GiB   0.22%     3.76kB / 1.46kB   0B / 0B
otel-memory-renderer-1         0.00%     3.859MiB / 512MiB     0.75%     6.34kB / 4.5kB    0B / 0B

=== %Y-%m-%dT%H:%M:%S ===
NAME                           CPU %     MEM USAGE / LIMIT     MEM %     NET I/O           BLOCK I/O
otel-memory-otel-collector-1   31.73%    217.5MiB / 512MiB     42.48%    1.08GB / 25.8MB   8.21MB / 0B
otel-memory-prometheus-1       0.62%     17.13MiB / 3.819GiB   0.44%     226kB / 91.4kB    627kB / 94.2kB
otel-memory-grafana-1          1.01%     98.4MiB / 3.819GiB    2.52%     23.4MB / 139kB    1.83MB / 101MB
otel-memory-jaeger-1           0.04%     8.566MiB / 3.819GiB   0.22%     3.76kB / 1.46kB   0B / 0B
otel-memory-renderer-1         0.00%     3.855MiB / 512MiB     0.75%     6.48kB / 4.64kB   0B / 0B

=== %Y-%m-%dT%H:%M:%S ===
NAME                           CPU %     MEM USAGE / LIMIT     MEM %     NET I/O           BLOCK I/O
otel-memory-otel-collector-1   35.06%    218.1MiB / 512MiB     42.59%    1.09GB / 26.1MB   8.21MB / 0B
otel-memory-prometheus-1       0.00%     16.93MiB / 3.819GiB   0.43%     226kB / 91.4kB    627kB / 94.2kB
otel-memory-grafana-1          0.47%     97.9MiB / 3.819GiB    2.50%     23.4MB / 139kB    1.83MB / 101MB
otel-memory-jaeger-1           0.04%     8.566MiB / 3.819GiB   0.22%     3.76kB / 1.46kB   0B / 0B
otel-memory-renderer-1         5.18%     4.086MiB / 512MiB     0.80%     6.52kB / 4.68kB   0B / 0B

=== %Y-%m-%dT%H:%M:%S ===
NAME                           CPU %     MEM USAGE / LIMIT     MEM %     NET I/O           BLOCK I/O
otel-memory-otel-collector-1   30.92%    217.8MiB / 512MiB     42.55%    1.11GB / 26.4MB   8.21MB / 0B
otel-memory-prometheus-1       0.00%     16.95MiB / 3.819GiB   0.43%     229kB / 92.6kB    627kB / 94.2kB
otel-memory-grafana-1          0.45%     97.9MiB / 3.819GiB    2.50%     23.4MB / 139kB    1.83MB / 101MB
otel-memory-jaeger-1           0.01%     8.566MiB / 3.819GiB   0.22%     3.76kB / 1.46kB   0B / 0B
otel-memory-renderer-1         0.00%     4.039MiB / 512MiB     0.79%     6.52kB / 4.68kB   0B / 0B

=== %Y-%m-%dT%H:%M:%S ===
NAME                           CPU %     MEM USAGE / LIMIT     MEM %     NET I/O           BLOCK I/O
otel-memory-otel-collector-1   31.72%    218.3MiB / 512MiB     42.63%    1.11GB / 26.6MB   8.21MB / 0B
otel-memory-prometheus-1       0.00%     16.96MiB / 3.819GiB   0.43%     232kB / 93.8kB    627kB / 94.2kB
otel-memory-grafana-1          0.35%     98.14MiB / 3.819GiB   2.51%     23.4MB / 139kB    1.83MB / 101MB
otel-memory-jaeger-1           0.02%     8.566MiB / 3.819GiB   0.22%     3.76kB / 1.46kB   0B / 0B
otel-memory-renderer-1         0.01%     3.855MiB / 512MiB     0.75%     6.65kB / 4.81kB   0B / 0B

=== %Y-%m-%dT%H:%M:%S ===
NAME                           CPU %     MEM USAGE / LIMIT     MEM %     NET I/O           BLOCK I/O
otel-memory-otel-collector-1   31.22%    219.3MiB / 512MiB     42.84%    1.13GB / 27MB     8.21MB / 0B
otel-memory-prometheus-1       0.00%     16.99MiB / 3.819GiB   0.43%     235kB / 95kB      627kB / 94.2kB
otel-memory-grafana-1          0.45%     98.15MiB / 3.819GiB   2.51%     23.4MB / 139kB    1.83MB / 101MB
otel-memory-jaeger-1           0.02%     8.566MiB / 3.819GiB   0.22%     3.76kB / 1.46kB   0B / 0B
otel-memory-renderer-1         0.00%     3.879MiB / 512MiB     0.76%     6.65kB / 4.81kB   0B / 0B

=== %Y-%m-%dT%H:%M:%S ===
NAME                           CPU %     MEM USAGE / LIMIT     MEM %     NET I/O           BLOCK I/O
otel-memory-otel-collector-1   31.70%    219.3MiB / 512MiB     42.83%    1.14GB / 27.3MB   8.21MB / 0B
otel-memory-prometheus-1       0.54%     17.26MiB / 3.819GiB   0.44%     238kB / 96.2kB    627kB / 94.2kB
otel-memory-grafana-1          0.49%     98.1MiB / 3.819GiB    2.51%     23.4MB / 139kB    1.83MB / 101MB
otel-memory-jaeger-1           0.01%     8.566MiB / 3.819GiB   0.22%     3.76kB / 1.46kB   0B / 0B
otel-memory-renderer-1         0.00%     3.875MiB / 512MiB     0.76%     6.69kB / 4.85kB   0B / 0B

=== %Y-%m-%dT%H:%M:%S ===
NAME                           CPU %     MEM USAGE / LIMIT     MEM %     NET I/O           BLOCK I/O
otel-memory-otel-collector-1   33.28%    219.5MiB / 512MiB     42.88%    1.16GB / 27.6MB   8.21MB / 0B
otel-memory-prometheus-1       0.48%     17.02MiB / 3.819GiB   0.44%     242kB / 97.4kB    627kB / 94.2kB
otel-memory-grafana-1          0.40%     98.1MiB / 3.819GiB    2.51%     23.4MB / 139kB    1.83MB / 101MB
otel-memory-jaeger-1           0.02%     8.566MiB / 3.819GiB   0.22%     3.76kB / 1.46kB   0B / 0B
otel-memory-renderer-1         5.11%     4.102MiB / 512MiB     0.80%     6.69kB / 4.85kB   0B / 0B

=== %Y-%m-%dT%H:%M:%S ===
NAME                           CPU %     MEM USAGE / LIMIT     MEM %     NET I/O           BLOCK I/O
otel-memory-otel-collector-1   32.57%    219.5MiB / 512MiB     42.88%    1.17GB / 27.9MB   8.21MB / 0B
otel-memory-prometheus-1       0.00%     17.02MiB / 3.819GiB   0.44%     242kB / 97.4kB    627kB / 106kB
otel-memory-grafana-1          0.96%     97.95MiB / 3.819GiB   2.50%     23.4MB / 140kB    1.83MB / 101MB
otel-memory-jaeger-1           0.06%     8.566MiB / 3.819GiB   0.22%     3.76kB / 1.46kB   0B / 0B
otel-memory-renderer-1         0.01%     3.883MiB / 512MiB     0.76%     6.83kB / 4.98kB   0B / 0B

=== %Y-%m-%dT%H:%M:%S ===
NAME                           CPU %     MEM USAGE / LIMIT     MEM %     NET I/O           BLOCK I/O
otel-memory-otel-collector-1   32.58%    219.7MiB / 512MiB     42.91%    1.18GB / 28.2MB   8.21MB / 0B
otel-memory-prometheus-1       0.00%     16.83MiB / 3.819GiB   0.43%     245kB / 98.6kB    627kB / 106kB
otel-memory-grafana-1          0.47%     98.16MiB / 3.819GiB   2.51%     23.4MB / 140kB    1.83MB / 101MB
otel-memory-jaeger-1           0.02%     8.566MiB / 3.819GiB   0.22%     3.76kB / 1.46kB   0B / 0B
otel-memory-renderer-1         0.00%     3.883MiB / 512MiB     0.76%     6.87kB / 5.03kB   0B / 0B

=== %Y-%m-%dT%H:%M:%S ===
NAME                           CPU %     MEM USAGE / LIMIT     MEM %     NET I/O           BLOCK I/O
otel-memory-otel-collector-1   63.86%    219.6MiB / 512MiB     42.90%    1.19GB / 28.4MB   8.21MB / 0B
otel-memory-prometheus-1       0.00%     16.85MiB / 3.819GiB   0.43%     248kB / 99.8kB    627kB / 106kB
otel-memory-grafana-1          0.52%     97.91MiB / 3.819GiB   2.50%     23.4MB / 140kB    1.83MB / 101MB
otel-memory-jaeger-1           0.02%     8.566MiB / 3.819GiB   0.22%     3.76kB / 1.46kB   0B / 0B
otel-memory-renderer-1         0.01%     4.09MiB / 512MiB      0.80%     6.87kB / 5.03kB   0B / 0B

=== %Y-%m-%dT%H:%M:%S ===
NAME                           CPU %     MEM USAGE / LIMIT     MEM %     NET I/O           BLOCK I/O
otel-memory-otel-collector-1   31.19%    219.5MiB / 512MiB     42.87%    1.21GB / 28.8MB   8.21MB / 0B
otel-memory-prometheus-1       0.00%     21.49MiB / 3.819GiB   0.55%     251kB / 101kB     1.16MB / 106kB
otel-memory-grafana-1          0.40%     98.12MiB / 3.819GiB   2.51%     23.4MB / 140kB    1.83MB / 101MB
otel-memory-jaeger-1           0.02%     8.566MiB / 3.819GiB   0.22%     3.76kB / 1.46kB   0B / 0B
otel-memory-renderer-1         0.00%     3.891MiB / 512MiB     0.76%     6.87kB / 5.03kB   0B / 0B

=== %Y-%m-%dT%H:%M:%S ===
NAME                           CPU %     MEM USAGE / LIMIT     MEM %     NET I/O           BLOCK I/O
otel-memory-otel-collector-1   31.20%    219.5MiB / 512MiB     42.87%    1.22GB / 29.1MB   8.21MB / 0B
otel-memory-prometheus-1       0.00%     21.27MiB / 3.819GiB   0.54%     254kB / 102kB     1.16MB / 106kB
otel-memory-grafana-1          0.40%     97.91MiB / 3.819GiB   2.50%     23.4MB / 140kB    1.83MB / 101MB
otel-memory-jaeger-1           0.02%     8.566MiB / 3.819GiB   0.22%     3.76kB / 1.46kB   0B / 0B
otel-memory-renderer-1         0.00%     3.91MiB / 512MiB      0.76%     7kB / 5.16kB      0B / 0B

=== %Y-%m-%dT%H:%M:%S ===
NAME                           CPU %     MEM USAGE / LIMIT     MEM %     NET I/O           BLOCK I/O
otel-memory-otel-collector-1   67.01%    219.6MiB / 512MiB     42.89%    1.23GB / 29.4MB   8.21MB / 0B
otel-memory-prometheus-1       0.40%     21.5MiB / 3.819GiB    0.55%     257kB / 104kB     1.16MB / 106kB
otel-memory-grafana-1          0.44%     97.74MiB / 3.819GiB   2.50%     23.4MB / 140kB    1.84MB / 101MB
otel-memory-jaeger-1           0.04%     8.566MiB / 3.819GiB   0.22%     3.76kB / 1.46kB   0B / 0B
otel-memory-renderer-1         0.00%     3.91MiB / 512MiB      0.76%     7.04kB / 5.2kB    0B / 0B

=== %Y-%m-%dT%H:%M:%S ===
NAME                           CPU %     MEM USAGE / LIMIT     MEM %     NET I/O           BLOCK I/O
otel-memory-otel-collector-1   60.89%    222.1MiB / 512MiB     43.38%    1.24GB / 29.7MB   8.21MB / 0B
otel-memory-prometheus-1       0.34%     21.76MiB / 3.819GiB   0.56%     260kB / 105kB     1.16MB / 106kB
otel-memory-grafana-1          0.36%     97.74MiB / 3.819GiB   2.50%     23.4MB / 140kB    1.84MB / 101MB
otel-memory-jaeger-1           0.04%     8.816MiB / 3.819GiB   0.23%     3.76kB / 1.46kB   0B / 0B
otel-memory-renderer-1         0.00%     3.906MiB / 512MiB     0.76%     7.04kB / 5.2kB    0B / 0B

=== %Y-%m-%dT%H:%M:%S ===
NAME                           CPU %     MEM USAGE / LIMIT     MEM %     NET I/O           BLOCK I/O
otel-memory-otel-collector-1   63.66%    222.8MiB / 512MiB     43.52%    1.26GB / 30MB     8.21MB / 0B
otel-memory-prometheus-1       0.00%     21.29MiB / 3.819GiB   0.54%     260kB / 105kB     1.16MB / 106kB
otel-memory-grafana-1          0.41%     97.74MiB / 3.819GiB   2.50%     23.4MB / 140kB    1.84MB / 101MB
otel-memory-jaeger-1           0.02%     8.566MiB / 3.819GiB   0.22%     3.76kB / 1.46kB   0B / 0B
otel-memory-renderer-1         0.00%     4.004MiB / 512MiB     0.78%     7.04kB / 5.2kB    0B / 0B

=== %Y-%m-%dT%H:%M:%S ===
NAME                           CPU %     MEM USAGE / LIMIT     MEM %     NET I/O           BLOCK I/O
otel-memory-otel-collector-1   32.57%    223.2MiB / 512MiB     43.59%    1.27GB / 30.3MB   8.21MB / 0B
otel-memory-prometheus-1       0.00%     21.54MiB / 3.819GiB   0.55%     263kB / 106kB     1.16MB / 115kB
otel-memory-grafana-1          0.37%     97.74MiB / 3.819GiB   2.50%     23.4MB / 140kB    1.84MB / 101MB
otel-memory-jaeger-1           0.02%     8.566MiB / 3.819GiB   0.22%     3.76kB / 1.46kB   0B / 0B
otel-memory-renderer-1         0.00%     3.906MiB / 512MiB     0.76%     7.17kB / 5.33kB   0B / 0B

=== %Y-%m-%dT%H:%M:%S ===
NAME                           CPU %     MEM USAGE / LIMIT     MEM %     NET I/O           BLOCK I/O
otel-memory-otel-collector-1   33.25%    223.3MiB / 512MiB     43.62%    1.28GB / 30.6MB   8.21MB / 0B
otel-memory-prometheus-1       0.00%     21.53MiB / 3.819GiB   0.55%     266kB / 107kB     1.16MB / 115kB
otel-memory-grafana-1          0.38%     97.74MiB / 3.819GiB   2.50%     23.4MB / 140kB    1.84MB / 101MB
otel-memory-jaeger-1           0.02%     8.566MiB / 3.819GiB   0.22%     3.76kB / 1.46kB   0B / 0B
otel-memory-renderer-1         0.00%     3.91MiB / 512MiB      0.76%     7.21kB / 5.37kB   0B / 0B

=== %Y-%m-%dT%H:%M:%S ===
NAME                           CPU %     MEM USAGE / LIMIT     MEM %     NET I/O           BLOCK I/O
otel-memory-otel-collector-1   33.58%    223.3MiB / 512MiB     43.62%    1.29GB / 31MB     8.21MB / 0B
otel-memory-prometheus-1       0.00%     21.29MiB / 3.819GiB   0.54%     269kB / 108kB     1.16MB / 119kB
otel-memory-grafana-1          0.63%     98.2MiB / 3.819GiB    2.51%     23.4MB / 140kB    1.84MB / 101MB
otel-memory-jaeger-1           0.02%     8.566MiB / 3.819GiB   0.22%     3.76kB / 1.46kB   0B / 0B
otel-memory-renderer-1         0.00%     3.906MiB / 512MiB     0.76%     7.21kB / 5.37kB   0B / 0B

=== %Y-%m-%dT%H:%M:%S ===
NAME                           CPU %     MEM USAGE / LIMIT     MEM %     NET I/O           BLOCK I/O
otel-memory-otel-collector-1   33.14%    223.4MiB / 512MiB     43.64%    1.31GB / 31.3MB   8.21MB / 0B
otel-memory-prometheus-1       0.37%     21.54MiB / 3.819GiB   0.55%     272kB / 110kB     1.16MB / 119kB
otel-memory-grafana-1          0.43%     97.98MiB / 3.819GiB   2.51%     23.4MB / 140kB    1.84MB / 101MB
otel-memory-jaeger-1           0.04%     8.566MiB / 3.819GiB   0.22%     3.76kB / 1.46kB   0B / 0B
otel-memory-renderer-1         4.76%     5.734MiB / 512MiB     1.12%     7.35kB / 5.51kB   0B / 0B

=== %Y-%m-%dT%H:%M:%S ===
NAME                           CPU %     MEM USAGE / LIMIT     MEM %     NET I/O           BLOCK I/O
otel-memory-otel-collector-1   33.10%    223.3MiB / 512MiB     43.61%    1.32GB / 31.5MB   8.21MB / 0B
otel-memory-prometheus-1       0.36%     21.54MiB / 3.819GiB   0.55%     275kB / 111kB     1.16MB / 119kB
otel-memory-grafana-1          0.99%     97.98MiB / 3.819GiB   2.51%     23.4MB / 140kB    1.84MB / 101MB
otel-memory-jaeger-1           0.07%     8.566MiB / 3.819GiB   0.22%     3.76kB / 1.46kB   0B / 0B
otel-memory-renderer-1         0.00%     3.918MiB / 512MiB     0.77%     7.35kB / 5.51kB   0B / 0B

=== %Y-%m-%dT%H:%M:%S ===
NAME                           CPU %     MEM USAGE / LIMIT     MEM %     NET I/O           BLOCK I/O
otel-memory-otel-collector-1   31.44%    223.4MiB / 512MiB     43.62%    1.33GB / 31.8MB   8.21MB / 0B
otel-memory-prometheus-1       0.00%     21.29MiB / 3.819GiB   0.54%     275kB / 111kB     1.16MB / 119kB
otel-memory-grafana-1          0.39%     97.99MiB / 3.819GiB   2.51%     23.4MB / 140kB    1.84MB / 101MB
otel-memory-jaeger-1           0.01%     8.566MiB / 3.819GiB   0.22%     3.76kB / 1.46kB   0B / 0B
otel-memory-renderer-1         0.00%     3.914MiB / 512MiB     0.76%     7.39kB / 5.55kB   0B / 0B

=== %Y-%m-%dT%H:%M:%S ===
NAME                           CPU %     MEM USAGE / LIMIT     MEM %     NET I/O           BLOCK I/O
otel-memory-otel-collector-1   31.34%    223.6MiB / 512MiB     43.67%    1.34GB / 32.1MB   8.21MB / 0B
otel-memory-prometheus-1       0.00%     21.29MiB / 3.819GiB   0.54%     279kB / 112kB     1.16MB / 119kB
otel-memory-grafana-1          0.43%     97.74MiB / 3.819GiB   2.50%     23.4MB / 140kB    1.84MB / 101MB
otel-memory-jaeger-1           0.02%     8.566MiB / 3.819GiB   0.22%     3.76kB / 1.46kB   0B / 0B
otel-memory-renderer-1         0.00%     4.121MiB / 512MiB     0.80%     7.39kB / 5.55kB   0B / 0B

=== %Y-%m-%dT%H:%M:%S ===
NAME                           CPU %     MEM USAGE / LIMIT     MEM %     NET I/O           BLOCK I/O
otel-memory-otel-collector-1   33.15%    223.9MiB / 512MiB     43.74%    1.36GB / 32.5MB   8.21MB / 0B
otel-memory-prometheus-1       0.00%     21.3MiB / 3.819GiB    0.54%     282kB / 113kB     1.16MB / 119kB
otel-memory-grafana-1          0.33%     97.99MiB / 3.819GiB   2.51%     23.4MB / 140kB    1.84MB / 101MB
otel-memory-jaeger-1           0.01%     8.566MiB / 3.819GiB   0.22%     3.76kB / 1.46kB   0B / 0B
otel-memory-renderer-1         0.00%     3.914MiB / 512MiB     0.76%     7.52kB / 5.68kB   0B / 0B

=== %Y-%m-%dT%H:%M:%S ===
NAME                           CPU %     MEM USAGE / LIMIT     MEM %     NET I/O           BLOCK I/O
otel-memory-otel-collector-1   33.28%    223.9MiB / 512MiB     43.72%    1.37GB / 32.8MB   8.21MB / 0B
otel-memory-prometheus-1       0.00%     21.54MiB / 3.819GiB   0.55%     285kB / 114kB     1.16MB / 127kB
otel-memory-grafana-1          0.51%     97.74MiB / 3.819GiB   2.50%     23.4MB / 140kB    1.84MB / 101MB
otel-memory-jaeger-1           0.02%     8.566MiB / 3.819GiB   0.22%     3.76kB / 1.46kB   0B / 0B
otel-memory-renderer-1         5.37%     4.266MiB / 512MiB     0.83%     7.56kB / 5.72kB   0B / 0B

=== %Y-%m-%dT%H:%M:%S ===
NAME                           CPU %     MEM USAGE / LIMIT     MEM %     NET I/O           BLOCK I/O
otel-memory-otel-collector-1   32.17%    223.5MiB / 512MiB     43.65%    1.38GB / 33MB     8.21MB / 0B
otel-memory-prometheus-1       0.61%     21.54MiB / 3.819GiB   0.55%     288kB / 116kB     1.16MB / 127kB
otel-memory-grafana-1          0.47%     97.75MiB / 3.819GiB   2.50%     23.4MB / 140kB    1.84MB / 101MB
otel-memory-jaeger-1           0.04%     8.566MiB / 3.819GiB   0.22%     3.76kB / 1.46kB   0B / 0B
otel-memory-renderer-1         0.00%     3.957MiB / 512MiB     0.77%     7.56kB / 5.72kB   0B / 0B

=== %Y-%m-%dT%H:%M:%S ===
NAME                           CPU %     MEM USAGE / LIMIT     MEM %     NET I/O           BLOCK I/O
otel-memory-otel-collector-1   31.55%    223.8MiB / 512MiB     43.71%    1.39GB / 33.4MB   8.21MB / 0B
otel-memory-prometheus-1       0.33%     21.55MiB / 3.819GiB   0.55%     291kB / 117kB     1.16MB / 127kB
otel-memory-grafana-1          0.40%     97.75MiB / 3.819GiB   2.50%     23.4MB / 140kB    1.84MB / 101MB
otel-memory-jaeger-1           0.07%     8.566MiB / 3.819GiB   0.22%     3.76kB / 1.46kB   0B / 0B
otel-memory-renderer-1         0.00%     3.953MiB / 512MiB     0.77%     7.63kB / 5.72kB   0B / 0B

=== %Y-%m-%dT%H:%M:%S ===
NAME                           CPU %     MEM USAGE / LIMIT     MEM %     NET I/O           BLOCK I/O
otel-memory-otel-collector-1   31.54%    223.6MiB / 512MiB     43.67%    1.41GB / 33.7MB   8.21MB / 0B
otel-memory-prometheus-1       0.00%     21.3MiB / 3.819GiB    0.54%     291kB / 117kB     1.16MB / 127kB
otel-memory-grafana-1          1.86%     98.22MiB / 3.819GiB   2.51%     23.4MB / 140kB    1.84MB / 101MB
otel-memory-jaeger-1           0.02%     8.566MiB / 3.819GiB   0.22%     3.76kB / 1.46kB   0B / 0B
otel-memory-renderer-1         0.00%     3.973MiB / 512MiB     0.78%     7.76kB / 5.85kB   0B / 0B

=== %Y-%m-%dT%H:%M:%S ===
NAME                           CPU %     MEM USAGE / LIMIT     MEM %     NET I/O           BLOCK I/O
otel-memory-otel-collector-1   31.39%    223.8MiB / 512MiB     43.70%    1.42GB / 34MB     8.21MB / 0B
otel-memory-prometheus-1       0.00%     21.54MiB / 3.819GiB   0.55%     294kB / 118kB     1.16MB / 127kB
otel-memory-grafana-1          0.36%     97.75MiB / 3.819GiB   2.50%     23.4MB / 141kB    1.84MB / 101MB
otel-memory-jaeger-1           0.02%     8.566MiB / 3.819GiB   0.22%     3.76kB / 1.46kB   0B / 0B
otel-memory-renderer-1         0.00%     3.973MiB / 512MiB     0.78%     7.81kB / 5.9kB    0B / 0B

=== %Y-%m-%dT%H:%M:%S ===
NAME                           CPU %     MEM USAGE / LIMIT     MEM %     NET I/O           BLOCK I/O
otel-memory-otel-collector-1   36.51%    223.8MiB / 512MiB     43.72%    1.43GB / 34.3MB   8.21MB / 0B
otel-memory-prometheus-1       0.00%     21.31MiB / 3.819GiB   0.55%     297kB / 119kB     1.16MB / 127kB
otel-memory-grafana-1          0.39%     97.75MiB / 3.819GiB   2.50%     23.4MB / 141kB    1.84MB / 101MB
otel-memory-jaeger-1           0.02%     8.566MiB / 3.819GiB   0.22%     3.76kB / 1.46kB   0B / 0B
otel-memory-renderer-1         0.00%     3.992MiB / 512MiB     0.78%     7.81kB / 5.9kB    0B / 0B

=== %Y-%m-%dT%H:%M:%S ===
NAME                           CPU %     MEM USAGE / LIMIT     MEM %     NET I/O           BLOCK I/O
otel-memory-otel-collector-1   53.73%    223.8MiB / 512MiB     43.71%    1.44GB / 34.5MB   8.21MB / 0B
otel-memory-prometheus-1       0.00%     21.55MiB / 3.819GiB   0.55%     300kB / 120kB     1.16MB / 127kB
otel-memory-grafana-1          0.51%     98MiB / 3.819GiB      2.51%     23.4MB / 141kB    1.84MB / 101MB
otel-memory-jaeger-1           0.02%     8.566MiB / 3.819GiB   0.22%     3.76kB / 1.46kB   0B / 0B
otel-memory-renderer-1         0.00%     3.988MiB / 512MiB     0.78%     7.94kB / 6.03kB   0B / 0B

=== %Y-%m-%dT%H:%M:%S ===
NAME                           CPU %     MEM USAGE / LIMIT     MEM %     NET I/O           BLOCK I/O
otel-memory-otel-collector-1   67.78%    223.8MiB / 512MiB     43.70%    1.45GB / 34.8MB   8.21MB / 0B
otel-memory-prometheus-1       0.38%     21.55MiB / 3.819GiB   0.55%     303kB / 122kB     1.16MB / 127kB
otel-memory-grafana-1          0.39%     97.75MiB / 3.819GiB   2.50%     23.4MB / 141kB    1.84MB / 101MB
otel-memory-jaeger-1           0.04%     8.566MiB / 3.819GiB   0.22%     3.83kB / 1.46kB   0B / 0B
otel-memory-renderer-1         5.42%     4.117MiB / 512MiB     0.80%     7.98kB / 6.07kB   0B / 0B

=== %Y-%m-%dT%H:%M:%S ===
NAME                           CPU %     MEM USAGE / LIMIT     MEM %     NET I/O           BLOCK I/O
otel-memory-otel-collector-1   32.05%    223.8MiB / 512MiB     43.72%    1.47GB / 35.2MB   8.21MB / 0B
otel-memory-prometheus-1       0.36%     21.55MiB / 3.819GiB   0.55%     307kB / 123kB     1.16MB / 127kB
otel-memory-grafana-1          1.01%     97.79MiB / 3.819GiB   2.50%     23.4MB / 141kB    1.84MB / 101MB
otel-memory-jaeger-1           0.09%     8.566MiB / 3.819GiB   0.22%     3.83kB / 1.46kB   0B / 0B
otel-memory-renderer-1         0.00%     4.012MiB / 512MiB     0.78%     7.98kB / 6.07kB   0B / 0B

=== %Y-%m-%dT%H:%M:%S ===
NAME                           CPU %     MEM USAGE / LIMIT     MEM %     NET I/O           BLOCK I/O
otel-memory-otel-collector-1   31.35%    223.8MiB / 512MiB     43.71%    1.48GB / 35.5MB   8.21MB / 0B
otel-memory-prometheus-1       0.00%     21.3MiB / 3.819GiB    0.54%     307kB / 123kB     1.16MB / 135kB
otel-memory-grafana-1          0.41%     97.75MiB / 3.819GiB   2.50%     23.4MB / 141kB    1.84MB / 101MB
otel-memory-jaeger-1           0.02%     8.566MiB / 3.819GiB   0.22%     3.83kB / 1.46kB   0B / 0B
otel-memory-renderer-1         0.00%     4.012MiB / 512MiB     0.78%     7.98kB / 6.07kB   0B / 0B

=== %Y-%m-%dT%H:%M:%S ===
NAME                           CPU %     MEM USAGE / LIMIT     MEM %     NET I/O           BLOCK I/O
otel-memory-otel-collector-1   31.35%    224MiB / 512MiB       43.74%    1.5GB / 35.8MB    8.21MB / 0B
otel-memory-prometheus-1       0.00%     21.31MiB / 3.819GiB   0.54%     310kB / 124kB     1.16MB / 135kB
otel-memory-grafana-1          0.38%     98MiB / 3.819GiB      2.51%     23.4MB / 141kB    1.84MB / 101MB
otel-memory-jaeger-1           0.01%     8.566MiB / 3.819GiB   0.22%     3.83kB / 1.46kB   0B / 0B
otel-memory-renderer-1         0.00%     4.02MiB / 512MiB      0.79%     8.11kB / 6.2kB    0B / 0B

=== %Y-%m-%dT%H:%M:%S ===
NAME                           CPU %     MEM USAGE / LIMIT     MEM %     NET I/O           BLOCK I/O
otel-memory-otel-collector-1   60.87%    217.7MiB / 512MiB     42.51%    1.5GB / 36MB      8.21MB / 0B
otel-memory-prometheus-1       0.00%     21.54MiB / 3.819GiB   0.55%     313kB / 125kB     1.16MB / 135kB
otel-memory-grafana-1          0.48%     98.01MiB / 3.819GiB   2.51%     23.4MB / 141kB    1.84MB / 101MB
otel-memory-jaeger-1           0.02%     8.566MiB / 3.819GiB   0.22%     3.83kB / 1.46kB   0B / 0B
otel-memory-renderer-1         0.00%     4.016MiB / 512MiB     0.78%     8.15kB / 6.24kB   0B / 0B

=== %Y-%m-%dT%H:%M:%S ===
NAME                           CPU %     MEM USAGE / LIMIT     MEM %     NET I/O           BLOCK I/O
otel-memory-otel-collector-1   30.62%    218MiB / 512MiB       42.57%    1.52GB / 36.4MB   8.21MB / 0B
otel-memory-prometheus-1       0.00%     21.53MiB / 3.819GiB   0.55%     316kB / 126kB     1.16MB / 135kB
otel-memory-grafana-1          0.36%     97.76MiB / 3.819GiB   2.50%     23.4MB / 141kB    1.84MB / 101MB
otel-memory-jaeger-1           0.02%     8.566MiB / 3.819GiB   0.22%     3.83kB / 1.46kB   0B / 0B
otel-memory-renderer-1         5.36%     4.375MiB / 512MiB     0.85%     8.15kB / 6.24kB   0B / 0B

=== %Y-%m-%dT%H:%M:%S ===
NAME                           CPU %     MEM USAGE / LIMIT     MEM %     NET I/O           BLOCK I/O
otel-memory-otel-collector-1   60.45%    214.9MiB / 512MiB     41.98%    1.53GB / 36.6MB   8.21MB / 0B
otel-memory-prometheus-1       0.41%     21.54MiB / 3.819GiB   0.55%     319kB / 128kB     1.16MB / 135kB
otel-memory-grafana-1          0.40%     97.97MiB / 3.819GiB   2.51%     23.4MB / 141kB    1.84MB / 101MB
otel-memory-jaeger-1           0.05%     8.566MiB / 3.819GiB   0.22%     3.83kB / 1.46kB   0B / 0B
otel-memory-renderer-1         0.00%     4.047MiB / 512MiB     0.79%     8.15kB / 6.24kB   0B / 0B

=== %Y-%m-%dT%H:%M:%S ===
NAME                           CPU %     MEM USAGE / LIMIT     MEM %     NET I/O           BLOCK I/O
otel-memory-otel-collector-1   33.61%    215.1MiB / 512MiB     42.01%    1.55GB / 37MB     8.21MB / 0B
otel-memory-prometheus-1       0.35%     21.56MiB / 3.819GiB   0.55%     322kB / 129kB     1.16MB / 135kB
otel-memory-grafana-1          0.40%     97.76MiB / 3.819GiB   2.50%     23.4MB / 141kB    1.84MB / 101MB
otel-memory-jaeger-1           0.06%     8.566MiB / 3.819GiB   0.22%     3.83kB / 1.46kB   0B / 0B
otel-memory-renderer-1         0.00%     4.047MiB / 512MiB     0.79%     8.29kB / 6.38kB   0B / 0B

=== %Y-%m-%dT%H:%M:%S ===
NAME                           CPU %     MEM USAGE / LIMIT     MEM %     NET I/O           BLOCK I/O
otel-memory-otel-collector-1   30.44%    215.3MiB / 512MiB     42.06%    1.56GB / 37.3MB   8.21MB / 0B
otel-memory-prometheus-1       0.00%     21.32MiB / 3.819GiB   0.55%     322kB / 129kB     1.16MB / 135kB
otel-memory-grafana-1          0.36%     97.76MiB / 3.819GiB   2.50%     23.4MB / 141kB    1.84MB / 101MB
otel-memory-jaeger-1           0.01%     8.566MiB / 3.819GiB   0.22%     3.83kB / 1.46kB   0B / 0B
otel-memory-renderer-1         0.01%     4.398MiB / 512MiB     0.86%     8.33kB / 6.42kB   0B / 0B

=== %Y-%m-%dT%H:%M:%S ===
NAME                           CPU %     MEM USAGE / LIMIT     MEM %     NET I/O           BLOCK I/O
otel-memory-otel-collector-1   31.49%    215.8MiB / 512MiB     42.14%    1.57GB / 37.6MB   8.21MB / 0B
otel-memory-prometheus-1       0.00%     21.31MiB / 3.819GiB   0.54%     325kB / 130kB     1.16MB / 135kB
otel-memory-grafana-1          0.44%     97.76MiB / 3.819GiB   2.50%     23.4MB / 141kB    1.84MB / 101MB
otel-memory-jaeger-1           0.02%     8.566MiB / 3.819GiB   0.22%     3.83kB / 1.46kB   0B / 0B
otel-memory-renderer-1         0.00%     4.055MiB / 512MiB     0.79%     8.33kB / 6.42kB   0B / 0B

=== %Y-%m-%dT%H:%M:%S ===
NAME                           CPU %     MEM USAGE / LIMIT     MEM %     NET I/O           BLOCK I/O
otel-memory-otel-collector-1   31.17%    215.9MiB / 512MiB     42.18%    1.58GB / 37.9MB   8.21MB / 0B
otel-memory-prometheus-1       0.00%     21.6MiB / 3.819GiB    0.55%     328kB / 131kB     1.16MB / 143kB
otel-memory-grafana-1          0.40%     97.76MiB / 3.819GiB   2.50%     23.4MB / 141kB    1.84MB / 101MB
otel-memory-jaeger-1           0.03%     8.566MiB / 3.819GiB   0.22%     3.83kB / 1.46kB   0B / 0B
otel-memory-renderer-1         0.00%     4.094MiB / 512MiB     0.80%     8.46kB / 6.55kB   0B / 0B

=== %Y-%m-%dT%H:%M:%S ===
NAME                           CPU %     MEM USAGE / LIMIT     MEM %     NET I/O           BLOCK I/O
otel-memory-otel-collector-1   62.68%    222.9MiB / 512MiB     43.53%    1.6GB / 38.2MB    8.21MB / 0B
otel-memory-prometheus-1       0.00%     21.59MiB / 3.819GiB   0.55%     331kB / 133kB     1.16MB / 143kB
otel-memory-grafana-1          0.43%     97.77MiB / 3.819GiB   2.50%     23.4MB / 141kB    1.84MB / 101MB
otel-memory-jaeger-1           0.02%     8.566MiB / 3.819GiB   0.22%     3.83kB / 1.46kB   0B / 0B
otel-memory-renderer-1         0.00%     4.094MiB / 512MiB     0.80%     8.46kB / 6.55kB   0B / 0B

=== %Y-%m-%dT%H:%M:%S ===
NAME                           CPU %     MEM USAGE / LIMIT     MEM %     NET I/O           BLOCK I/O
otel-memory-otel-collector-1   31.89%    222.7MiB / 512MiB     43.49%    1.6GB / 38.4MB    8.21MB / 0B
otel-memory-prometheus-1       0.38%     21.59MiB / 3.819GiB   0.55%     335kB / 134kB     1.16MB / 143kB
otel-memory-grafana-1          0.32%     97.77MiB / 3.819GiB   2.50%     23.4MB / 141kB    1.84MB / 101MB
otel-memory-jaeger-1           0.04%     8.566MiB / 3.819GiB   0.22%     3.83kB / 1.46kB   0B / 0B
otel-memory-renderer-1         5.19%     4.422MiB / 512MiB     0.86%     8.5kB / 6.59kB    0B / 0B

=== %Y-%m-%dT%H:%M:%S ===
NAME                           CPU %     MEM USAGE / LIMIT     MEM %     NET I/O           BLOCK I/O
otel-memory-otel-collector-1   62.15%    223.5MiB / 512MiB     43.65%    1.62GB / 38.8MB   8.21MB / 0B
otel-memory-prometheus-1       0.31%     21.67MiB / 3.819GiB   0.55%     338kB / 135kB     1.16MB / 143kB
otel-memory-grafana-1          0.96%     97.77MiB / 3.819GiB   2.50%     23.4MB / 141kB    1.84MB / 101MB
otel-memory-jaeger-1           0.05%     8.566MiB / 3.819GiB   0.22%     3.83kB / 1.46kB   0B / 0B
otel-memory-renderer-1         0.00%     4.23MiB / 512MiB      0.83%     8.5kB / 6.59kB    0B / 0B

=== %Y-%m-%dT%H:%M:%S ===
NAME                           CPU %     MEM USAGE / LIMIT     MEM %     NET I/O           BLOCK I/O
otel-memory-otel-collector-1   39.07%    223.2MiB / 512MiB     43.60%    1.63GB / 39.1MB   8.21MB / 0B
otel-memory-prometheus-1       0.00%     21.66MiB / 3.819GiB   0.55%     338kB / 135kB     1.16MB / 143kB
otel-memory-grafana-1          0.39%     97.77MiB / 3.819GiB   2.50%     23.4MB / 141kB    1.84MB / 101MB
otel-memory-jaeger-1           0.02%     8.566MiB / 3.819GiB   0.22%     3.83kB / 1.46kB   0B / 0B
otel-memory-renderer-1         0.01%     4.07MiB / 512MiB      0.79%     8.63kB / 6.72kB   0B / 0B

=== %Y-%m-%dT%H:%M:%S ===
NAME                           CPU %     MEM USAGE / LIMIT     MEM %     NET I/O           BLOCK I/O
otel-memory-otel-collector-1   32.91%    223.2MiB / 512MiB     43.60%    1.65GB / 39.4MB   8.21MB / 0B
otel-memory-prometheus-1       0.00%     21.43MiB / 3.819GiB   0.55%     341kB / 136kB     1.16MB / 143kB
otel-memory-grafana-1          0.41%     97.77MiB / 3.819GiB   2.50%     23.4MB / 141kB    1.84MB / 101MB
otel-memory-jaeger-1           0.02%     8.566MiB / 3.819GiB   0.22%     3.83kB / 1.46kB   0B / 0B
otel-memory-renderer-1         0.00%     4.113MiB / 512MiB     0.80%     8.68kB / 6.77kB   0B / 0B

=== %Y-%m-%dT%H:%M:%S ===
NAME                           CPU %     MEM USAGE / LIMIT     MEM %     NET I/O           BLOCK I/O
otel-memory-otel-collector-1   32.18%    223.4MiB / 512MiB     43.63%    1.66GB / 39.7MB   8.21MB / 0B
otel-memory-prometheus-1       0.00%     21.43MiB / 3.819GiB   0.55%     344kB / 137kB     1.16MB / 143kB
otel-memory-grafana-1          0.40%     97.77MiB / 3.819GiB   2.50%     23.4MB / 141kB    1.84MB / 101MB
otel-memory-jaeger-1           0.02%     8.566MiB / 3.819GiB   0.22%     3.83kB / 1.46kB   0B / 0B
otel-memory-renderer-1         0.00%     4.113MiB / 512MiB     0.80%     8.68kB / 6.77kB   0B / 0B

=== %Y-%m-%dT%H:%M:%S ===
NAME                           CPU %     MEM USAGE / LIMIT     MEM %     NET I/O           BLOCK I/O
otel-memory-otel-collector-1   32.19%    223.5MiB / 512MiB     43.66%    1.67GB / 40MB     8.21MB / 0B
otel-memory-prometheus-1       0.47%     21.93MiB / 3.819GiB   0.56%     347kB / 139kB     1.16MB / 143kB
otel-memory-grafana-1          0.46%     97.77MiB / 3.819GiB   2.50%     23.4MB / 141kB    1.84MB / 101MB
otel-memory-jaeger-1           0.02%     8.566MiB / 3.819GiB   0.22%     3.83kB / 1.46kB   0B / 0B
otel-memory-renderer-1         5.60%     4.355MiB / 512MiB     0.85%     8.68kB / 6.77kB   0B / 0B

=== %Y-%m-%dT%H:%M:%S ===
NAME                           CPU %     MEM USAGE / LIMIT     MEM %     NET I/O           BLOCK I/O
otel-memory-otel-collector-1   31.97%    222.2MiB / 512MiB     43.39%    1.68GB / 40.3MB   8.21MB / 0B
otel-memory-prometheus-1       0.41%     21.68MiB / 3.819GiB   0.55%     350kB / 140kB     1.16MB / 143kB
otel-memory-grafana-1          0.38%     98.23MiB / 3.819GiB   2.51%     23.4MB / 142kB    1.84MB / 101MB
otel-memory-jaeger-1           0.04%     8.566MiB / 3.819GiB   0.22%     3.83kB / 1.46kB   0B / 0B
otel-memory-renderer-1         0.00%     4.082MiB / 512MiB     0.80%     8.81kB / 6.9kB    0B / 0B

=== %Y-%m-%dT%H:%M:%S ===
NAME                           CPU %     MEM USAGE / LIMIT     MEM %     NET I/O           BLOCK I/O
otel-memory-otel-collector-1   33.23%    221.4MiB / 512MiB     43.24%    1.7GB / 40.6MB    8.21MB / 0B
otel-memory-prometheus-1       0.35%     21.69MiB / 3.819GiB   0.55%     353kB / 141kB     1.16MB / 152kB
otel-memory-grafana-1          0.38%     98.02MiB / 3.819GiB   2.51%     23.4MB / 142kB    1.84MB / 101MB
otel-memory-jaeger-1           0.05%     8.566MiB / 3.819GiB   0.22%     3.83kB / 1.46kB   0B / 0B
otel-memory-renderer-1         0.00%     4.078MiB / 512MiB     0.80%     8.85kB / 6.94kB   0B / 0B

=== %Y-%m-%dT%H:%M:%S ===
NAME                           CPU %     MEM USAGE / LIMIT     MEM %     NET I/O           BLOCK I/O
otel-memory-otel-collector-1   32.47%    221.3MiB / 512MiB     43.21%    1.71GB / 41MB     8.21MB / 0B
otel-memory-prometheus-1       0.00%     21.68MiB / 3.819GiB   0.55%     353kB / 141kB     1.16MB / 152kB
otel-memory-grafana-1          0.37%     97.77MiB / 3.819GiB   2.50%     23.4MB / 142kB    1.84MB / 101MB
otel-memory-jaeger-1           0.01%     8.566MiB / 3.819GiB   0.22%     3.83kB / 1.46kB   0B / 0B
otel-memory-renderer-1         0.00%     4.094MiB / 512MiB     0.80%     8.85kB / 6.94kB   0B / 0B

=== %Y-%m-%dT%H:%M:%S ===
NAME                           CPU %     MEM USAGE / LIMIT     MEM %     NET I/O           BLOCK I/O
otel-memory-otel-collector-1   33.11%    221.4MiB / 512MiB     43.25%    1.72GB / 41.3MB   8.21MB / 0B
otel-memory-prometheus-1       0.00%     21.45MiB / 3.819GiB   0.55%     356kB / 142kB     1.16MB / 152kB
otel-memory-grafana-1          0.40%     97.77MiB / 3.819GiB   2.50%     23.4MB / 142kB    1.84MB / 101MB
otel-memory-jaeger-1           0.03%     8.566MiB / 3.819GiB   0.22%     3.83kB / 1.46kB   0B / 0B
otel-memory-renderer-1         0.00%     4.094MiB / 512MiB     0.80%     8.98kB / 7.07kB   0B / 0B

=== %Y-%m-%dT%H:%M:%S ===
NAME                           CPU %     MEM USAGE / LIMIT     MEM %     NET I/O           BLOCK I/O
otel-memory-otel-collector-1   32.59%    221.7MiB / 512MiB     43.29%    1.73GB / 41.5MB   8.21MB / 0B
otel-memory-prometheus-1       0.00%     21.69MiB / 3.819GiB   0.55%     360kB / 143kB     1.16MB / 152kB
otel-memory-grafana-1          0.37%     98.02MiB / 3.819GiB   2.51%     23.4MB / 142kB    1.84MB / 101MB
otel-memory-jaeger-1           0.02%     8.566MiB / 3.819GiB   0.22%     3.83kB / 1.46kB   0B / 0B
otel-memory-renderer-1         5.47%     4.309MiB / 512MiB     0.84%     8.98kB / 7.07kB   0B / 0B

=== %Y-%m-%dT%H:%M:%S ===
NAME                           CPU %     MEM USAGE / LIMIT     MEM %     NET I/O           BLOCK I/O
otel-memory-otel-collector-1   32.68%    222.3MiB / 512MiB     43.42%    1.75GB / 41.9MB   8.21MB / 0B
otel-memory-prometheus-1       0.00%     21.7MiB / 3.819GiB    0.55%     363kB / 145kB     1.16MB / 152kB
otel-memory-grafana-1          0.46%     97.77MiB / 3.819GiB   2.50%     23.4MB / 142kB    1.84MB / 101MB
otel-memory-jaeger-1           0.01%     8.566MiB / 3.819GiB   0.22%     3.83kB / 1.46kB   0B / 0B
otel-memory-renderer-1         0.00%     4.094MiB / 512MiB     0.80%     9.03kB / 7.11kB   0B / 0B

=== %Y-%m-%dT%H:%M:%S ===
NAME                           CPU %     MEM USAGE / LIMIT     MEM %     NET I/O           BLOCK I/O
otel-memory-otel-collector-1   30.20%    222.1MiB / 512MiB     43.39%    1.76GB / 42.2MB   8.21MB / 0B
otel-memory-prometheus-1       0.40%     21.7MiB / 3.819GiB    0.55%     366kB / 146kB     1.16MB / 152kB
otel-memory-grafana-1          0.36%     97.77MiB / 3.819GiB   2.50%     23.4MB / 142kB    1.84MB / 101MB
otel-memory-jaeger-1           0.04%     8.566MiB / 3.819GiB   0.22%     3.83kB / 1.46kB   0B / 0B
otel-memory-renderer-1         0.00%     4.09MiB / 512MiB      0.80%     9.03kB / 7.11kB   0B / 0B

=== %Y-%m-%dT%H:%M:%S ===
NAME                           CPU %     MEM USAGE / LIMIT     MEM %     NET I/O           BLOCK I/O
otel-memory-otel-collector-1   30.28%    222.1MiB / 512MiB     43.38%    1.77GB / 42.5MB   8.21MB / 0B
otel-memory-prometheus-1       0.41%     21.7MiB / 3.819GiB    0.55%     369kB / 147kB     1.16MB / 152kB
otel-memory-grafana-1          3.72%     98.36MiB / 3.819GiB   2.52%     23.5MB / 144kB    2.36MB / 101MB
otel-memory-jaeger-1           0.05%     8.566MiB / 3.819GiB   0.22%     3.83kB / 1.46kB   0B / 0B
otel-memory-renderer-1         0.00%     4.105MiB / 512MiB     0.80%     9.16kB / 7.25kB   0B / 0B

=== %Y-%m-%dT%H:%M:%S ===
NAME                           CPU %     MEM USAGE / LIMIT     MEM %     NET I/O           BLOCK I/O
otel-memory-otel-collector-1   28.57%    222.4MiB / 512MiB     43.44%    1.78GB / 42.7MB   8.21MB / 0B
otel-memory-prometheus-1       0.00%     21.46MiB / 3.819GiB   0.55%     369kB / 147kB     1.16MB / 152kB
otel-memory-grafana-1          0.43%     98.11MiB / 3.819GiB   2.51%     23.5MB / 144kB    2.36MB / 101MB
otel-memory-jaeger-1           0.02%     8.566MiB / 3.819GiB   0.22%     3.83kB / 1.46kB   0B / 0B
otel-memory-renderer-1         0.01%     4.105MiB / 512MiB     0.80%     9.2kB / 7.29kB    0B / 0B

=== %Y-%m-%dT%H:%M:%S ===
NAME                           CPU %     MEM USAGE / LIMIT     MEM %     NET I/O           BLOCK I/O
otel-memory-otel-collector-1   29.92%    222.3MiB / 512MiB     43.42%    1.8GB / 43.1MB    8.21MB / 0B
otel-memory-prometheus-1       0.00%     21.46MiB / 3.819GiB   0.55%     372kB / 148kB     1.16MB / 160kB
otel-memory-grafana-1          0.45%     98.11MiB / 3.819GiB   2.51%     23.5MB / 144kB    2.36MB / 101MB
otel-memory-jaeger-1           0.02%     8.566MiB / 3.819GiB   0.22%     3.83kB / 1.46kB   0B / 0B
otel-memory-renderer-1         0.00%     4.281MiB / 512MiB     0.84%     9.2kB / 7.29kB    0B / 0B

=== %Y-%m-%dT%H:%M:%S ===
NAME                           CPU %     MEM USAGE / LIMIT     MEM %     NET I/O           BLOCK I/O
otel-memory-otel-collector-1   31.28%    222MiB / 512MiB       43.36%    1.81GB / 43.4MB   8.21MB / 0B
otel-memory-prometheus-1       0.00%     21.46MiB / 3.819GiB   0.55%     375kB / 150kB     1.16MB / 160kB
otel-memory-grafana-1          0.37%     98.14MiB / 3.819GiB   2.51%     23.5MB / 144kB    2.36MB / 101MB
otel-memory-jaeger-1           0.02%     8.566MiB / 3.819GiB   0.22%     3.83kB / 1.46kB   0B / 0B
otel-memory-renderer-1         0.00%     4.113MiB / 512MiB     0.80%     9.2kB / 7.29kB    0B / 0B

=== %Y-%m-%dT%H:%M:%S ===
NAME                           CPU %     MEM USAGE / LIMIT     MEM %     NET I/O           BLOCK I/O
otel-memory-otel-collector-1   1.41%     222.2MiB / 512MiB     43.39%    1.81GB / 43.4MB   8.21MB / 0B
otel-memory-prometheus-1       0.00%     21.69MiB / 3.819GiB   0.55%     378kB / 151kB     1.16MB / 160kB
otel-memory-grafana-1          0.39%     98.14MiB / 3.819GiB   2.51%     23.5MB / 144kB    2.36MB / 101MB
otel-memory-jaeger-1           0.02%     8.566MiB / 3.819GiB   0.22%     3.83kB / 1.46kB   0B / 0B
otel-memory-renderer-1         4.85%     4.336MiB / 512MiB     0.85%     9.33kB / 7.42kB   0B / 0B

=== %Y-%m-%dT%H:%M:%S ===
NAME                           CPU %     MEM USAGE / LIMIT     MEM %     NET I/O           BLOCK I/O
otel-memory-otel-collector-1   0.63%     223.1MiB / 512MiB     43.57%    1.81GB / 43.5MB   8.21MB / 0B
otel-memory-prometheus-1       0.45%     21.68MiB / 3.819GiB   0.55%     381kB / 152kB     1.16MB / 160kB
otel-memory-grafana-1          1.05%     98.36MiB / 3.819GiB   2.52%     23.5MB / 144kB    2.36MB / 101MB
otel-memory-jaeger-1           0.09%     8.566MiB / 3.819GiB   0.22%     3.83kB / 1.46kB   0B / 0B
otel-memory-renderer-1         0.01%     4.117MiB / 512MiB     0.80%     9.37kB / 7.46kB   0B / 0B

=== %Y-%m-%dT%H:%M:%S ===
NAME                           CPU %     MEM USAGE / LIMIT     MEM %     NET I/O           BLOCK I/O
otel-memory-otel-collector-1   0.12%     223.8MiB / 512MiB     43.71%    1.81GB / 43.5MB   8.21MB / 0B
otel-memory-prometheus-1       0.00%     21.46MiB / 3.819GiB   0.55%     381kB / 152kB     1.16MB / 160kB
otel-memory-grafana-1          0.45%     98.14MiB / 3.819GiB   2.51%     23.5MB / 144kB    2.36MB / 101MB
otel-memory-jaeger-1           0.07%     8.566MiB / 3.819GiB   0.22%     3.83kB / 1.46kB   0B / 0B
otel-memory-renderer-1         0.00%     4.117MiB / 512MiB     0.80%     9.37kB / 7.46kB   0B / 0B

=== %Y-%m-%dT%H:%M:%S ===
NAME                           CPU %     MEM USAGE / LIMIT     MEM %     NET I/O           BLOCK I/O
otel-memory-otel-collector-1   1.35%     224.7MiB / 512MiB     43.89%    1.81GB / 43.6MB   8.21MB / 0B
otel-memory-prometheus-1       0.00%     21.47MiB / 3.819GiB   0.55%     384kB / 153kB     1.16MB / 160kB
otel-memory-grafana-1          0.43%     98.14MiB / 3.819GiB   2.51%     23.5MB / 144kB    2.36MB / 101MB
otel-memory-jaeger-1           0.02%     8.566MiB / 3.819GiB   0.22%     3.83kB / 1.46kB   0B / 0B
otel-memory-renderer-1         0.00%     4.301MiB / 512MiB     0.84%     9.51kB / 7.59kB   0B / 0B

=== %Y-%m-%dT%H:%M:%S ===
NAME                           CPU %     MEM USAGE / LIMIT     MEM %     NET I/O           BLOCK I/O
otel-memory-otel-collector-1   0.11%     224.5MiB / 512MiB     43.85%    1.81GB / 43.6MB   8.21MB / 0B
otel-memory-prometheus-1       0.00%     21.46MiB / 3.819GiB   0.55%     387kB / 154kB     1.16MB / 160kB
otel-memory-grafana-1          0.47%     98.14MiB / 3.819GiB   2.51%     23.5MB / 145kB    2.36MB / 101MB
otel-memory-jaeger-1           0.02%     8.566MiB / 3.819GiB   0.22%     3.83kB / 1.46kB   0B / 0B
otel-memory-renderer-1         0.00%     4.301MiB / 512MiB     0.84%     9.51kB / 7.59kB   0B / 0B

=== %Y-%m-%dT%H:%M:%S ===
NAME                           CPU %     MEM USAGE / LIMIT     MEM %     NET I/O           BLOCK I/O
otel-memory-otel-collector-1   0.12%     225.2MiB / 512MiB     43.98%    1.81GB / 43.6MB   8.21MB / 0B
otel-memory-prometheus-1       0.00%     21.71MiB / 3.819GiB   0.56%     390kB / 156kB     1.16MB / 160kB
otel-memory-grafana-1          0.44%     98.14MiB / 3.819GiB   2.51%     23.5MB / 145kB    2.36MB / 101MB
otel-memory-jaeger-1           0.02%     8.566MiB / 3.819GiB   0.22%     3.83kB / 1.46kB   0B / 0B
otel-memory-renderer-1         5.20%     4.445MiB / 512MiB     0.87%     9.55kB / 7.64kB   0B / 0B

=== %Y-%m-%dT%H:%M:%S ===
NAME                           CPU %     MEM USAGE / LIMIT     MEM %     NET I/O           BLOCK I/O
otel-memory-otel-collector-1   0.13%     225.8MiB / 512MiB     44.10%    1.81GB / 43.6MB   8.21MB / 0B
otel-memory-prometheus-1       0.00%     21.71MiB / 3.819GiB   0.56%     394kB / 157kB     1.16MB / 168kB
otel-memory-grafana-1          0.56%     98.14MiB / 3.819GiB   2.51%     23.5MB / 145kB    2.36MB / 101MB
otel-memory-jaeger-1           0.02%     8.566MiB / 3.819GiB   0.22%     3.83kB / 1.46kB   0B / 0B
otel-memory-renderer-1         0.01%     4.32MiB / 512MiB      0.84%     9.55kB / 7.64kB   0B / 0B

=== %Y-%m-%dT%H:%M:%S ===
NAME                           CPU %     MEM USAGE / LIMIT     MEM %     NET I/O           BLOCK I/O
otel-memory-otel-collector-1   0.59%     226.8MiB / 512MiB     44.29%    1.81GB / 43.7MB   8.21MB / 0B
otel-memory-prometheus-1       0.43%     21.48MiB / 3.819GiB   0.55%     397kB / 158kB     1.16MB / 168kB
otel-memory-grafana-1          0.38%     98.14MiB / 3.819GiB   2.51%     23.5MB / 145kB    2.36MB / 101MB
otel-memory-jaeger-1           0.08%     8.566MiB / 3.819GiB   0.22%     3.83kB / 1.46kB   0B / 0B
otel-memory-renderer-1         0.01%     4.125MiB / 512MiB     0.81%     9.68kB / 7.77kB   0B / 0B

=== %Y-%m-%dT%H:%M:%S ===
NAME                           CPU %     MEM USAGE / LIMIT     MEM %     NET I/O           BLOCK I/O
otel-memory-otel-collector-1   3.18%     192.2MiB / 512MiB     37.54%    1.81GB / 43.7MB   8.21MB / 0B
otel-memory-prometheus-1       0.00%     21.46MiB / 3.819GiB   0.55%     397kB / 158kB     1.16MB / 168kB
otel-memory-grafana-1          0.82%     98.39MiB / 3.819GiB   2.52%     23.5MB / 145kB    2.36MB / 101MB
otel-memory-jaeger-1           0.07%     8.566MiB / 3.819GiB   0.22%     3.83kB / 1.46kB   0B / 0B
otel-memory-renderer-1         0.00%     4.359MiB / 512MiB     0.85%     9.68kB / 7.77kB   0B / 0B

=== %Y-%m-%dT%H:%M:%S ===
NAME                           CPU %     MEM USAGE / LIMIT     MEM %     NET I/O           BLOCK I/O
otel-memory-otel-collector-1   0.10%     144MiB / 512MiB       28.13%    1.81GB / 43.7MB   8.21MB / 0B
otel-memory-prometheus-1       0.00%     21.71MiB / 3.819GiB   0.56%     400kB / 159kB     1.16MB / 168kB
otel-memory-grafana-1          0.46%     98.14MiB / 3.819GiB   2.51%     23.5MB / 145kB    2.36MB / 101MB
otel-memory-jaeger-1           0.03%     8.566MiB / 3.819GiB   0.22%     3.83kB / 1.46kB   0B / 0B
otel-memory-renderer-1         0.00%     4.141MiB / 512MiB     0.81%     9.72kB / 7.81kB   0B / 0B

=== %Y-%m-%dT%H:%M:%S ===
NAME                           CPU %     MEM USAGE / LIMIT     MEM %     NET I/O           BLOCK I/O
otel-memory-otel-collector-1   0.15%     145.5MiB / 512MiB     28.41%    1.81GB / 43.8MB   8.21MB / 0B
otel-memory-prometheus-1       0.00%     21.46MiB / 3.819GiB   0.55%     403kB / 160kB     1.16MB / 168kB
otel-memory-grafana-1          0.63%     98.14MiB / 3.819GiB   2.51%     23.5MB / 145kB    2.36MB / 101MB
otel-memory-jaeger-1           0.03%     8.566MiB / 3.819GiB   0.22%     3.83kB / 1.46kB   0B / 0B
otel-memory-renderer-1         4.74%     4.363MiB / 512MiB     0.85%     9.72kB / 7.81kB   0B / 0B

=== %Y-%m-%dT%H:%M:%S ===
NAME                           CPU %     MEM USAGE / LIMIT     MEM %     NET I/O           BLOCK I/O
otel-memory-otel-collector-1   0.14%     147.5MiB / 512MiB     28.80%    1.81GB / 43.8MB   8.21MB / 0B
otel-memory-prometheus-1       0.00%     21.71MiB / 3.819GiB   0.56%     406kB / 162kB     1.16MB / 168kB
otel-memory-grafana-1          0.51%     98.15MiB / 3.819GiB   2.51%     23.5MB / 145kB    2.36MB / 101MB
otel-memory-jaeger-1           0.02%     8.566MiB / 3.819GiB   0.22%     3.83kB / 1.46kB   0B / 0B
otel-memory-renderer-1         0.00%     4.145MiB / 512MiB     0.81%     9.85kB / 7.94kB   0B / 0B

=== %Y-%m-%dT%H:%M:%S ===
NAME                           CPU %     MEM USAGE / LIMIT     MEM %     NET I/O           BLOCK I/O
otel-memory-otel-collector-1   1.56%     148.7MiB / 512MiB     29.05%    1.81GB / 43.9MB   8.21MB / 0B
otel-memory-prometheus-1       0.01%     21.73MiB / 3.819GiB   0.56%     409kB / 163kB     1.16MB / 168kB
otel-memory-grafana-1          0.57%     98.4MiB / 3.819GiB    2.52%     23.5MB / 145kB    2.36MB / 101MB
otel-memory-jaeger-1           0.03%     8.566MiB / 3.819GiB   0.22%     3.83kB / 1.46kB   0B / 0B
otel-memory-renderer-1         0.01%     4.141MiB / 512MiB     0.81%     9.89kB / 7.98kB   0B / 0B

=== %Y-%m-%dT%H:%M:%S ===
NAME                           CPU %     MEM USAGE / LIMIT     MEM %     NET I/O           BLOCK I/O
otel-memory-otel-collector-1   1.32%     150.2MiB / 512MiB     29.33%    1.81GB / 43.9MB   8.21MB / 0B
otel-memory-prometheus-1       0.49%     21.73MiB / 3.819GiB   0.56%     412kB / 164kB     1.16MB / 168kB
otel-memory-grafana-1          0.90%     98.37MiB / 3.819GiB   2.52%     23.5MB / 145kB    2.36MB / 101MB
otel-memory-jaeger-1           0.06%     8.566MiB / 3.819GiB   0.22%     3.83kB / 1.46kB   0B / 0B
otel-memory-renderer-1         0.01%     4.148MiB / 512MiB     0.81%     9.89kB / 7.98kB   0B / 0B

=== %Y-%m-%dT%H:%M:%S ===
NAME                           CPU %     MEM USAGE / LIMIT     MEM %     NET I/O           BLOCK I/O
otel-memory-otel-collector-1   1.40%     151.8MiB / 512MiB     29.66%    1.81GB / 43.9MB   8.21MB / 0B
otel-memory-prometheus-1       0.00%     21.5MiB / 3.819GiB    0.55%     412kB / 164kB     1.16MB / 168kB
otel-memory-grafana-1          0.53%     98.15MiB / 3.819GiB   2.51%     23.5MB / 145kB    2.36MB / 101MB
otel-memory-jaeger-1           0.03%     8.566MiB / 3.819GiB   0.22%     3.83kB / 1.46kB   0B / 0B
otel-memory-renderer-1         0.01%     4.145MiB / 512MiB     0.81%     10kB / 8.12kB     0B / 0B

=== %Y-%m-%dT%H:%M:%S ===
NAME                           CPU %     MEM USAGE / LIMIT     MEM %     NET I/O           BLOCK I/O
otel-memory-otel-collector-1   0.12%     152.4MiB / 512MiB     29.76%    1.81GB / 43.9MB   8.21MB / 0B
otel-memory-prometheus-1       0.00%     21.49MiB / 3.819GiB   0.55%     415kB / 165kB     1.16MB / 180kB
otel-memory-grafana-1          0.37%     98.15MiB / 3.819GiB   2.51%     23.5MB / 145kB    2.36MB / 101MB
otel-memory-jaeger-1           0.01%     8.566MiB / 3.819GiB   0.22%     3.83kB / 1.46kB   0B / 0B
otel-memory-renderer-1         4.94%     4.418MiB / 512MiB     0.86%     10kB / 8.12kB     0B / 0B

=== %Y-%m-%dT%H:%M:%S ===
NAME                           CPU %     MEM USAGE / LIMIT     MEM %     NET I/O           BLOCK I/O
otel-memory-otel-collector-1   0.14%     153.8MiB / 512MiB     30.03%    1.81GB / 44MB     8.21MB / 0B
otel-memory-prometheus-1       0.00%     21.74MiB / 3.819GiB   0.56%     418kB / 166kB     1.16MB / 180kB
otel-memory-grafana-1          0.57%     98.15MiB / 3.819GiB   2.51%     23.5MB / 145kB    2.36MB / 101MB
otel-memory-jaeger-1           0.03%     8.566MiB / 3.819GiB   0.22%     3.83kB / 1.46kB   0B / 0B
otel-memory-renderer-1         0.01%     4.164MiB / 512MiB     0.81%     10.1kB / 8.16kB   0B / 0B

=== %Y-%m-%dT%H:%M:%S ===
NAME                           CPU %     MEM USAGE / LIMIT     MEM %     NET I/O           BLOCK I/O
otel-memory-otel-collector-1   0.17%     155.3MiB / 512MiB     30.34%    1.81GB / 44MB     8.21MB / 0B
otel-memory-prometheus-1       0.34%     21.99MiB / 3.819GiB   0.56%     422kB / 168kB     1.16MB / 180kB
otel-memory-grafana-1          0.53%     98.4MiB / 3.819GiB    2.52%     23.5MB / 145kB    2.36MB / 101MB
otel-memory-jaeger-1           0.02%     8.566MiB / 3.819GiB   0.22%     3.83kB / 1.46kB   0B / 0B
otel-memory-renderer-1         0.01%     4.16MiB / 512MiB      0.81%     10.1kB / 8.16kB   0B / 0B

=== %Y-%m-%dT%H:%M:%S ===
NAME                           CPU %     MEM USAGE / LIMIT     MEM %     NET I/O           BLOCK I/O
otel-memory-otel-collector-1   1.82%     157.3MiB / 512MiB     30.72%    1.81GB / 44.1MB   8.21MB / 0B
otel-memory-prometheus-1       0.36%     21.74MiB / 3.819GiB   0.56%     425kB / 169kB     1.16MB / 180kB
otel-memory-grafana-1          0.96%     98.61MiB / 3.819GiB   2.52%     23.5MB / 146kB    2.36MB / 101MB
otel-memory-jaeger-1           0.07%     8.566MiB / 3.819GiB   0.22%     3.83kB / 1.46kB   0B / 0B
otel-memory-renderer-1         0.01%     4.293MiB / 512MiB     0.84%     10.1kB / 8.16kB   0B / 0B

=== %Y-%m-%dT%H:%M:%S ===
NAME                           CPU %     MEM USAGE / LIMIT     MEM %     NET I/O           BLOCK I/O
otel-memory-otel-collector-1   0.10%     157.8MiB / 512MiB     30.82%    1.81GB / 44.1MB   8.21MB / 0B
otel-memory-prometheus-1       0.00%     21.49MiB / 3.819GiB   0.55%     425kB / 169kB     1.16MB / 180kB
otel-memory-grafana-1          0.46%     98.61MiB / 3.819GiB   2.52%     23.5MB / 146kB    2.36MB / 101MB
otel-memory-jaeger-1           0.03%     8.566MiB / 3.819GiB   0.22%     3.83kB / 1.46kB   0B / 0B
otel-memory-renderer-1         0.01%     4.16MiB / 512MiB      0.81%     10.2kB / 8.29kB   0B / 0B

=== %Y-%m-%dT%H:%M:%S ===
NAME                           CPU %     MEM USAGE / LIMIT     MEM %     NET I/O           BLOCK I/O
otel-memory-otel-collector-1   0.11%     159.5MiB / 512MiB     31.16%    1.81GB / 44.1MB   8.21MB / 0B
otel-memory-prometheus-1       0.00%     21.74MiB / 3.819GiB   0.56%     428kB / 170kB     1.16MB / 180kB
otel-memory-grafana-1          0.50%     98.15MiB / 3.819GiB   2.51%     23.5MB / 146kB    2.36MB / 101MB
otel-memory-jaeger-1           0.02%     8.566MiB / 3.819GiB   0.22%     3.83kB / 1.46kB   0B / 0B
otel-memory-renderer-1         5.06%     4.539MiB / 512MiB     0.89%     10.2kB / 8.29kB   0B / 0B

=== %Y-%m-%dT%H:%M:%S ===
NAME                           CPU %     MEM USAGE / LIMIT     MEM %     NET I/O           BLOCK I/O
otel-memory-otel-collector-1   0.14%     160.8MiB / 512MiB     31.41%    1.81GB / 44.1MB   8.21MB / 0B
otel-memory-prometheus-1       0.00%     21.49MiB / 3.819GiB   0.55%     431kB / 171kB     1.16MB / 180kB
otel-memory-grafana-1          0.42%     98.36MiB / 3.819GiB   2.52%     23.5MB / 146kB    2.36MB / 101MB
otel-memory-jaeger-1           0.02%     8.566MiB / 3.819GiB   0.22%     3.83kB / 1.46kB   0B / 0B
otel-memory-renderer-1         0.01%     4.359MiB / 512MiB     0.85%     10.2kB / 8.29kB   0B / 0B

=== %Y-%m-%dT%H:%M:%S ===
NAME                           CPU %     MEM USAGE / LIMIT     MEM %     NET I/O           BLOCK I/O
otel-memory-otel-collector-1   0.11%     162.5MiB / 512MiB     31.75%    1.81GB / 44.2MB   8.21MB / 0B
otel-memory-prometheus-1       0.00%     21.49MiB / 3.819GiB   0.55%     434kB / 173kB     1.16MB / 180kB
otel-memory-grafana-1          0.41%     98.36MiB / 3.819GiB   2.52%     23.5MB / 146kB    2.36MB / 101MB
otel-memory-jaeger-1           0.02%     8.566MiB / 3.819GiB   0.22%     3.83kB / 1.46kB   0B / 0B
otel-memory-renderer-1         0.00%     4.168MiB / 512MiB     0.81%     10.3kB / 8.42kB   0B / 0B

=== %Y-%m-%dT%H:%M:%S ===
NAME                       CPU %     MEM USAGE / LIMIT     MEM %     NET I/O           BLOCK I/O
otel-memory-prometheus-1   0.00%     21.49MiB / 3.819GiB   0.55%     434kB / 173kB     1.16MB / 180kB
otel-memory-grafana-1      0.34%     98.15MiB / 3.819GiB   2.51%     23.5MB / 146kB    2.36MB / 101MB
otel-memory-jaeger-1       0.05%     8.566MiB / 3.819GiB   0.22%     3.83kB / 1.46kB   0B / 0B
otel-memory-renderer-1     0.01%     4.176MiB / 512MiB     0.82%     10.4kB / 8.46kB   0B / 0B

=== %Y-%m-%dT%H:%M:%S ===
NAME                           CPU %     MEM USAGE / LIMIT     MEM %     NET I/O           BLOCK I/O
otel-memory-otel-collector-1   0.84%     34.86MiB / 512MiB     6.81%     2.67kB / 3.06kB   6.82MB / 0B
otel-memory-prometheus-1       0.58%     21.73MiB / 3.819GiB   0.56%     439kB / 175kB     1.16MB / 188kB
otel-memory-grafana-1          0.43%     98.15MiB / 3.819GiB   2.51%     23.5MB / 146kB    2.36MB / 101MB
otel-memory-jaeger-1           0.03%     9.395MiB / 3.819GiB   0.24%     4.98kB / 2.23kB   0B / 0B
otel-memory-renderer-1         0.00%     4.176MiB / 512MiB     0.82%     10.6kB / 8.46kB   0B / 0B

=== %Y-%m-%dT%H:%M:%S ===
